BBT,6/12/2018 10:05:00 AM,3.2,3.2,3.2,3.2,300,0
BBT,6/13/2018 10:40:00 AM,3.6,3.6,3.6,3.6,300,0
BBT,6/14/2018 9:00:00 AM,4.1,4.1,4.1,4.1,100,0
BBT,6/15/2018 9:00:00 AM,4.7,4.7,4.7,4.7,1800,0
BBT,6/18/2018 9:00:00 AM,5.4,5.4,5.4,5.4,26400,0
BBT,6/20/2018 9:00:00 AM,7.1,7.1,7.1,7.1,4400,0
BBT,6/21/2018 9:00:00 AM,8.1,8.1,8.1,8.1,74500,0
BBT,6/22/2018 9:00:00 AM,9.3,9.3,9.3,9.3,23500,0
BBT,6/25/2018 9:00:00 AM,10.6,10.6,9.5,10.6,496200,0
BBT,6/26/2018 9:00:00 AM,12,12,11.2,12,147200,0
BBT,6/27/2018 9:00:00 AM,13.6,13.6,13.6,13.6,45800,0
BBT,6/28/2018 9:00:00 AM,15.6,15.6,15.6,15.6,60100,0
BBT,6/29/2018 9:00:00 AM,17.9,17.9,15.3,15.8,174700,0
BBT,7/2/2018 9:15:00 AM,15.5,15.5,14.2,14.2,180600,0
BBT,7/3/2018 9:00:00 AM,14.2,14.2,12.8,13,75300,0
BBT,7/4/2018 9:00:00 AM,13,13.3,12,13.1,164800,0
BBT,7/5/2018 9:25:00 AM,12,13,12,12.7,92400,0
BBT,7/6/2018 9:10:00 AM,13,14.1,13,14.1,16900,0
BBT,7/9/2018 9:05:00 AM,14.3,14.5,14,14.5,27400,0
BBT,7/10/2018 9:00:00 AM,14.5,15.8,14,14,225100,0
BBT,7/11/2018 9:05:00 AM,14.6,14.8,14,14.3,24100,0
BBT,7/12/2018 9:00:00 AM,14.3,14.3,12.2,13.6,58700,0
BBT,7/13/2018 9:20:00 AM,13.5,15.2,13.2,15.2,69200,0
BBT,7/16/2018 9:30:00 AM,14.5,15.2,14.5,14.9,55400,0
BBT,7/17/2018 9:15:00 AM,14.9,16,14.9,16,23200,0
BBT,7/18/2018 9:15:00 AM,15.1,15.5,15.1,15.1,12700,0
BBT,7/19/2018 9:25:00 AM,15.1,16.5,15.1,16.5,64300,0
BBT,7/20/2018 9:20:00 AM,15.6,15.9,15.3,15.3,9600,0
BBT,7/23/2018 9:15:00 AM,14.9,15.5,14.9,15.5,38400,0
BBT,7/24/2018 10:10:00 AM,15,15,15,15,1400,0
BBT,7/25/2018 9:25:00 AM,15,16,15,16,25900,0
BBT,7/26/2018 10:05:00 AM,15.8,16,15.8,16,20200,0
BBT,7/27/2018 9:10:00 AM,16,16.5,15.9,16,24900,0
BBT,7/30/2018 9:00:00 AM,16,16.5,15.5,16,51500,0
BBT,7/31/2018 9:10:00 AM,16.1,16.1,15.5,16.1,50600,0
BBT,8/1/2018 9:40:00 AM,16,16.2,15.9,16.2,13400,0
BBT,8/2/2018 10:00:00 AM,16.1,16.4,16.1,16.1,34500,0
BBT,8/3/2018 9:10:00 AM,16.1,16.2,16.1,16.2,5400,0
BBT,8/6/2018 9:00:00 AM,16,17.1,15.3,17.1,51700,0
BBT,8/7/2018 9:35:00 AM,16.2,16.3,16.2,16.2,4700,0
BBT,8/8/2018 9:00:00 AM,16.2,17.5,16.2,16.3,45700,0
BBT,8/9/2018 1:05:00 PM,16.2,16.2,16.2,16.2,1100,0
BBT,8/10/2018 9:00:00 AM,16.2,17.5,16.2,17.5,10400,0
BBT,8/13/2018 10:50:00 AM,16.9,16.9,16,16.9,18700,0
BBT,8/14/2018 9:45:00 AM,16.1,17.6,16.1,16.8,68300,0
BBT,8/15/2018 9:20:00 AM,17.1,17.5,17,17.5,24300,0
BBT,8/16/2018 9:35:00 AM,17.2,19.7,17,19.7,57100,0
BBT,8/17/2018 9:05:00 AM,19,19,17,18.2,68700,0
BBT,8/20/2018 9:05:00 AM,17,17.1,17,17,48100,0
BBT,8/21/2018 9:00:00 AM,16,16.5,16,16.5,17000,0
BBT,8/22/2018 9:45:00 AM,16.1,16.2,16.1,16.1,1700,0
BBT,8/23/2018 9:15:00 AM,16.2,16.5,16.2,16.2,15000,0
BBT,8/24/2018 11:05:00 AM,16.4,16.4,16,16,7000,0
BBT,8/27/2018 9:10:00 AM,14,14.7,14,14.5,10400,0
BBT,8/28/2018 9:15:00 AM,14.5,14.5,14.3,14.5,4400,0
BBT,8/29/2018 9:00:00 AM,14.3,14.5,14.3,14.5,4400,0
BBT,8/30/2018 9:50:00 AM,14.5,14.6,14.5,14.5,5100,0
BBT,8/31/2018 9:25:00 AM,14.5,14.5,14.1,14.1,1800,0
BBT,9/4/2018 1:15:00 PM,14.6,14.7,14.6,14.7,200,0
BBT,9/5/2018 10:10:00 AM,14.9,14.9,14.9,14.9,5100,0
BBT,9/6/2018 9:45:00 AM,15,15.5,15,15,6400,0
BBT,9/7/2018 10:35:00 AM,15,15.4,15,15.4,46400,0
BBT,9/10/2018 1:10:00 PM,15,15.2,13,13.1,2000,0
BBT,9/11/2018 2:25:00 PM,14.1,14.9,13.2,14.9,1100,0
BBT,9/12/2018 9:35:00 AM,13.7,14.8,13.7,13.7,8100,0
BBT,9/13/2018 10:30:00 AM,14.4,16.2,14.4,16.2,6700,0
BBT,9/17/2018 10:40:00 AM,16.3,16.4,14.4,14.6,13200,0
BBT,9/18/2018 10:15:00 AM,14.5,16.6,14.4,14.5,15100,0
BBT,9/19/2018 1:05:00 PM,14.3,16.9,14.3,14.5,14400,0
BBT,9/20/2018 2:00:00 PM,14.7,16.9,14.7,16.9,300,0
BBT,9/21/2018 9:05:00 AM,14.4,16.4,14.4,15.4,19400,0
BBT,9/24/2018 9:40:00 AM,14.5,16,14.5,15.5,94400,0
BBT,9/26/2018 10:20:00 AM,15.4,15.4,15.4,15.4,800,0
BBT,9/27/2018 10:20:00 AM,15,15.4,15,15,3900,0
BBT,9/28/2018 9:05:00 AM,15.1,17.5,15.1,15.5,69100,0
BBT,10/1/2018 10:00:00 AM,15.1,15.4,15.1,15.2,6400,0
BBT,10/2/2018 9:00:00 AM,15.2,17.4,13.1,16,82200,0
BBT,10/3/2018 9:45:00 AM,16.5,16.7,15.8,16.7,7500,0
BBT,10/4/2018 10:45:00 AM,16,16,15.5,15.5,3400,0
BBT,10/8/2018 9:35:00 AM,15.9,17.3,15.9,15.9,12000,0
BBT,10/9/2018 9:00:00 AM,16.4,18.8,16.3,18.4,92700,0
BBT,10/10/2018 9:00:00 AM,17.1,19.8,17.1,17.8,51300,0
BBT,10/11/2018 9:05:00 AM,17,20.2,17,17.9,53900,0
BBT,10/16/2018 9:05:00 AM,17.6,20.3,17.1,18,61300,0
BBT,10/17/2018 10:55:00 AM,20.2,20.3,17.5,17.6,66400,0
BBT,10/22/2018 10:40:00 AM,18.9,20,18.6,18.6,18200,0
BBT,10/23/2018 9:35:00 AM,18.5,18.5,18.1,18.1,1100,0
BBT,10/24/2018 11:25:00 AM,17.6,20,15.3,15.3,22300,0
BBT,10/25/2018 9:30:00 AM,18.6,18.6,16.2,16.8,50000,0
BBT,10/29/2018 9:25:00 AM,16.8,17.7,16.2,16.2,22900,0
BBT,10/30/2018 9:50:00 AM,19,19,17,19,27700,0
BBT,10/31/2018 9:10:00 AM,18,20.3,17.8,18.8,34300,0
BBT,11/12/2018 10:35:00 AM,18.8,18.8,17.7,17.7,4500,0
BBT,11/20/2018 9:00:00 AM,16.2,19.7,16.2,16.9,12900,0
BBT,11/21/2018 9:10:00 AM,18,19.6,17.3,17.3,12900,0
BBT,11/22/2018 9:00:00 AM,16.2,16.3,16.2,16.3,9100,0
BBT,12/3/2018 1:00:00 PM,18.2,20.3,17.7,17.7,6000,0
BBT,12/6/2018 10:05:00 AM,20,20,17.8,17.8,38900,0
BBT,12/10/2018 9:45:00 AM,18.5,20.2,18.4,18.4,4300,0
BBT,12/13/2018 9:10:00 AM,17.8,20,17.8,18.6,15200,0
BBT,12/17/2018 10:55:00 AM,18.5,18.5,18,18,2000,0
BBT,12/21/2018 11:15:00 AM,19,19,18.8,18.8,800,0
BBT,12/24/2018 9:05:00 AM,19.2,19.2,17.7,17.7,7000,0
BBT,12/25/2018 9:15:00 AM,18.1,20.5,18.1,18.6,5700,0
BBT,12/27/2018 9:25:00 AM,20,20.5,20,20.5,7300,0
BBT,1/2/2019 9:20:00 AM,18,22,18,22,200,0
BBT,1/3/2019 9:55:00 AM,18.8,18.8,18.8,18.8,300,0
BBT,1/4/2019 9:45:00 AM,18.2,19,18.2,19,5100,0
BBT,1/8/2019 9:30:00 AM,18.4,20.4,18.4,18.7,2700,0
BBT,1/10/2019 11:20:00 AM,19,19,19,19,1100,0
BBT,1/15/2019 11:20:00 AM,17.4,17.4,17.4,17.4,3000,0
BBT,1/18/2019 9:10:00 AM,18,18,18,18,500,0
BBT,1/22/2019 9:05:00 AM,19.5,19.5,17.7,18.1,1900,0
BBT,1/23/2019 11:10:00 AM,18,18,18,18,1000,0
BBT,1/28/2019 9:45:00 AM,19.2,20.5,19.2,20.5,3500,0
BBT,1/29/2019 9:30:00 AM,20,20,18.3,18.3,3600,0
BBT,2/14/2019 9:45:00 AM,18.2,18.5,18.2,18.5,400,0
BBT,2/26/2019 9:35:00 AM,17.6,17.6,17.6,17.6,200,0
BBT,3/14/2019 9:30:00 AM,18.5,18.5,18.5,18.5,1100,0
BBT,3/21/2019 9:05:00 AM,17.5,17.5,17.5,17.5,600,0
BBT,4/1/2019 9:05:00 AM,19.5,19.5,19,19,700,0
BBT,4/2/2019 11:05:00 AM,18,19,18,19,1000,0
BBT,4/4/2019 10:05:00 AM,18.5,21.2,18.5,21.2,600,0
BBT,4/12/2019 10:35:00 AM,18.1,18.1,18.1,18.1,5000,0
BBT,4/16/2019 9:00:00 AM,18.1,18.1,18,18,1700,0
BBT,4/17/2019 1:30:00 PM,18,18,18,18,5500,0
BBT,4/18/2019 11:15:00 AM,16.1,19.6,16.1,19.6,400,0
BBT,4/23/2019 9:15:00 AM,18.1,18.1,18.1,18.1,2100,0
BBT,5/10/2019 9:05:00 AM,18.3,18.3,18.3,18.3,2000,0
BBT,5/20/2019 10:10:00 AM,17.3,17.3,17.3,17.3,2800,0
BBT,5/24/2019 11:10:00 AM,17.1,17.1,17,17,1200,0
BBT,5/30/2019 10:25:00 AM,16.5,17.2,14.6,17.2,4000,0
BBT,6/7/2019 10:00:00 AM,15.8,16.7,15.8,16.5,4400,0
BBT,6/10/2019 9:10:00 AM,17.8,18.5,17.8,18,454200,0
BBT,6/11/2019 9:05:00 AM,18.2,18.5,17.8,18,341000,0
BBT,6/12/2019 9:20:00 AM,18.5,18.5,17.8,17.8,339000,0
BBT,6/19/2019 10:45:00 AM,18,18,18,18,202500,0
BBT,6/20/2019 9:00:00 AM,18,18,17.9,18,160000,0
BBT,6/21/2019 9:10:00 AM,18,18,17.9,17.9,91000,0
BBT,6/24/2019 9:50:00 AM,18,18,17.5,17.5,1000,0
BBT,7/1/2019 1:30:00 PM,17.2,17.2,17.2,17.2,1500,0
BBT,7/3/2019 2:20:00 PM,15.7,15.7,15.7,15.7,100,0
BBT,7/4/2019 10:40:00 AM,16.1,16.1,16.1,16.1,100,0
BBT,7/11/2019 10:45:00 AM,15.2,16.2,15.2,16.2,400,0
BBT,7/12/2019 2:55:00 PM,16.9,16.9,16.9,16.9,100,0
BBT,7/15/2019 9:45:00 AM,15.2,15.2,15.2,15.2,500,0
BBT,7/16/2019 9:00:00 AM,13.6,13.6,13.6,13.6,1000,0
BBT,7/17/2019 2:55:00 PM,15.7,15.7,15.7,15.7,100,0
BBT,7/18/2019 9:00:00 AM,13.6,15.5,13.4,15.5,1600,0
BBT,7/19/2019 10:45:00 AM,15.3,15.3,15.3,15.3,200,0
BBT,7/22/2019 1:50:00 PM,13.5,13.5,13.5,13.5,200,0
BBT,7/23/2019 9:40:00 AM,13.5,13.5,13.5,13.5,400,0
BBT,7/24/2019 1:00:00 PM,12.2,13.5,12.2,13.1,2100,0
BBT,7/25/2019 9:05:00 AM,11.6,12.6,11.6,12.6,800,0
BBT,7/26/2019 10:20:00 AM,12.4,12.4,12.4,12.4,400,0
BBT,7/29/2019 2:50:00 PM,13.5,13.5,13.5,13.5,100,0
BBT,8/2/2019 9:10:00 AM,14.8,14.8,14.8,14.8,100,0
BBT,8/5/2019 9:35:00 AM,13,13,13,13,500,0
BBT,8/6/2019 11:25:00 AM,13,13,13,13,300,0
BBT,8/7/2019 2:50:00 PM,14.2,14.2,14.2,14.2,100,0
BBT,8/12/2019 11:10:00 AM,13,13,13,13,3500,0
BBT,8/13/2019 1:50:00 PM,14.8,14.8,12.2,13,340200,0
BBT,8/23/2019 2:00:00 PM,12.7,12.7,12.7,12.7,500,0
BBT,8/26/2019 10:40:00 AM,13,14.2,12.7,12.7,340400,0
BBT,8/27/2019 9:10:00 AM,12.6,12.6,12.6,12.6,300,0
BBT,8/28/2019 2:55:00 PM,14,14,14,14,100,0
BBT,8/30/2019 1:25:00 PM,13.5,13.5,13.5,13.5,102500,0
BBT,9/3/2019 9:10:00 AM,13.5,13.5,13.5,13.5,97000,0
BBT,9/4/2019 9:05:00 AM,13.5,13.5,13.5,13.5,300,0
BBT,9/5/2019 9:10:00 AM,13.5,13.5,13.5,13.5,500,0
BBT,9/10/2019 10:20:00 AM,13.5,13.5,13.5,13.5,1000,0
BBT,9/12/2019 9:50:00 AM,11.7,11.7,11.7,11.7,900,0
BBT,9/17/2019 9:45:00 AM,11.5,11.5,11.1,11.1,1000,0
BBT,9/18/2019 2:55:00 PM,12.2,12.2,12.2,12.2,100,0
BBT,9/23/2019 10:55:00 AM,11.3,13.4,11.3,13.2,1400,0
BBT,9/24/2019 9:30:00 AM,13.5,13.5,12.5,12.5,500,0
BBT,9/25/2019 9:05:00 AM,13.2,13.5,13.2,13.5,800,0
BBT,9/26/2019 9:20:00 AM,13.7,15.7,13.7,15.7,300,0
BBT,9/27/2019 9:40:00 AM,17.4,17.4,17.4,17.4,500,0
BBT,9/30/2019 9:25:00 AM,17.9,17.9,17.9,17.9,200,0
BBT,10/23/2019 10:20:00 AM,15.5,15.5,15.5,15.5,1000,0
BBT,10/31/2019 9:30:00 AM,17.8,17.8,13.2,17.8,9900,0
BBT,11/8/2019 9:15:00 AM,15,15,15,15,1000,0
BBT,11/26/2019 1:55:00 PM,14,14,14,14,100,0
BBT,12/6/2019 2:35:00 PM,17,17,17,17,100,0
BBT,12/9/2019 10:15:00 AM,14.5,17.6,14.5,17.6,2100,0
BBT,12/10/2019 2:05:00 PM,12.8,12.8,12.8,12.8,100,0
BBT,12/11/2019 9:15:00 AM,15.8,15.8,15.8,15.8,100,0
BBT,12/12/2019 9:20:00 AM,17.4,17.4,14,14,300,0
BBT,12/13/2019 9:30:00 AM,18,18,18,18,600,0
BBT,12/19/2019 10:00:00 AM,18,20.7,18,20.7,17500,0
BBT,12/20/2019 9:00:00 AM,21.2,21.2,21.2,21.2,3000,0
BBT,12/23/2019 9:05:00 AM,21.2,24,21.2,22.5,1200,0
BBT,12/30/2019 9:10:00 AM,27.1,27.1,20.1,20.1,7000,0
BBT,12/31/2019 9:35:00 AM,18.8,25.4,18.8,25.4,40200,0
BBT,1/2/2020 9:40:00 AM,17.9,18,17.9,18,2100,0
BBT,1/3/2020 2:55:00 PM,20.5,20.5,20.5,20.5,100,0
BBT,1/6/2020 10:25:00 AM,18.5,18.5,18.5,18.5,300,0
BBT,1/10/2020 2:25:00 PM,18,18,18,18,400,0
BBT,1/13/2020 1:20:00 PM,18,18,18,18,100,0
BBT,1/14/2020 9:40:00 AM,18,18,18,18,500,0
BBT,1/15/2020 2:45:00 PM,20.6,20.6,20.6,20.6,100,0
BBT,1/16/2020 1:35:00 PM,18,18,18,18,100,0
BBT,1/17/2020 2:00:00 PM,20.7,20.7,20.7,20.7,200,0
BBT,1/20/2020 9:05:00 AM,23,23,20,20,700,0
BBT,1/21/2020 9:20:00 AM,23,24.9,18.6,18.6,2100,0
BBT,1/22/2020 9:35:00 AM,18.5,24.9,18.5,19.1,4700,0
BBT,1/30/2020 9:00:00 AM,24.7,24.7,21,21,7000,0
BBT,1/31/2020 9:40:00 AM,22,26.1,22,26.1,15900,0
BBT,2/3/2020 9:05:00 AM,25.2,27,25.2,25.5,21600,0
BBT,2/4/2020 9:25:00 AM,25.9,25.9,22.1,23,1900,0
BBT,2/5/2020 9:45:00 AM,19.5,21,19.5,21,1000,0
BBT,2/6/2020 9:30:00 AM,18,18,17.3,17.6,1500,0
BBT,2/7/2020 9:30:00 AM,18,18,18,18,1000,0
BBT,2/10/2020 1:05:00 PM,18,18,18,18,2000,0
BBT,2/11/2020 2:30:00 PM,19.3,19.3,19.3,19.3,600,0
BBT,2/12/2020 1:15:00 PM,18.5,18.5,18.5,18.5,1500,0
BBT,2/13/2020 2:05:00 PM,18.5,18.5,18.5,18.5,1000,0
BBT,2/14/2020 10:30:00 AM,18.5,18.5,18.5,18.5,700,0
BBT,2/17/2020 10:50:00 AM,18.5,18.5,18.5,18.5,100,0
BBT,2/18/2020 1:35:00 PM,19.5,19.5,19.5,19.5,100,0
BBT,2/21/2020 1:50:00 PM,17.1,18.9,17.1,18.9,5700,0
BBT,2/24/2020 9:00:00 AM,19.5,19.5,19.5,19.5,800,0
BBT,2/27/2020 10:00:00 AM,16.7,16.7,16.7,16.7,1000,0
BBT,2/28/2020 2:40:00 PM,19.1,19.1,19.1,19.1,100,0
BBT,3/2/2020 1:45:00 PM,19,19,17.5,17.5,4000,0
BBT,3/3/2020 9:40:00 AM,18.6,18.6,18.6,18.6,900,0
BBT,3/4/2020 10:40:00 AM,18.6,18.6,18.6,18.6,500,0
BBT,3/5/2020 10:20:00 AM,18.6,18.6,18.6,18.6,900,0
BBT,3/9/2020 10:25:00 AM,18.6,18.6,18.6,18.6,300,0
BBT,3/11/2020 1:15:00 PM,18.6,18.6,18.6,18.6,700,0
BBT,3/12/2020 10:45:00 AM,18.5,18.5,18.5,18.5,700,0
BBT,3/16/2020 1:55:00 PM,18.5,18.5,18.5,18.5,1700,0
BBT,3/17/2020 2:20:00 PM,18.5,18.5,18.5,18.5,500,0
BBT,3/18/2020 9:10:00 AM,16.1,16.1,16.1,16.1,100,0
BBT,3/19/2020 10:15:00 AM,20,20,20,20,1000,0
BBT,3/25/2020 9:55:00 AM,17.1,17.1,17.1,17.1,100,0
BBT,3/26/2020 9:05:00 AM,17.1,17.1,17.1,17.1,1400,0
BBT,3/30/2020 9:00:00 AM,18.4,18.4,18.1,18.1,1500,0
BBT,3/31/2020 9:10:00 AM,20,20,18,18,500,0
BBT,4/1/2020 9:25:00 AM,20,20,20,20,1200,0
BBT,4/3/2020 9:20:00 AM,20,20,17.2,17.2,1200,0
BBT,4/7/2020 10:30:00 AM,19.5,19.5,19.5,19.5,3000,0
BBT,4/8/2020 2:05:00 PM,19,19,19,19,400,0
BBT,4/9/2020 1:25:00 PM,19,19,19,19,800,0
BBT,4/10/2020 10:00:00 AM,17.1,17.1,17.1,17.1,100,0
BBT,4/13/2020 2:20:00 PM,18.5,18.5,18.5,18.5,100,0
BBT,4/14/2020 1:35:00 PM,18.6,18.6,18.6,18.6,600,0
BBT,4/15/2020 9:05:00 AM,19.5,19.5,19.5,19.5,5700,0
BBT,4/16/2020 9:55:00 AM,19.5,19.5,18.1,18.1,200,0
BBT,4/20/2020 2:45:00 PM,17.8,17.8,17.8,17.8,100,0
BBT,4/21/2020 9:25:00 AM,16.1,16.1,16.1,16.1,100,0
BBT,4/22/2020 1:00:00 PM,18,18,18,18,200,0
BBT,4/23/2020 9:50:00 AM,18.1,18.1,18.1,18.1,100,0
BBT,4/24/2020 11:20:00 AM,17.8,17.8,17.8,17.8,200,0
BBT,4/28/2020 9:20:00 AM,17.8,17.8,17.8,17.8,200,0
BBT,5/7/2020 1:05:00 PM,18,18,18,18,100,0
BBT,5/8/2020 1:20:00 PM,18,18,18,18,100,0
BBT,5/11/2020 9:30:00 AM,18,18,16.1,16.1,600,0
BBT,5/12/2020 9:40:00 AM,17.5,17.5,17.5,17.5,100,0
BBT,5/13/2020 10:50:00 AM,17.5,17.5,17.5,17.5,700,0
BBT,5/14/2020 1:45:00 PM,18,18,18,18,500,0
BBT,5/15/2020 9:05:00 AM,18,18,17.8,17.8,600,0
BBT,5/18/2020 10:20:00 AM,17.9,18,17.8,18,5100,0
BBT,5/20/2020 11:15:00 AM,18.5,18.5,18.5,18.5,700,0
BBT,5/22/2020 9:25:00 AM,18.1,18.1,18.1,18.1,1000,0
BBT,5/26/2020 1:00:00 PM,18.5,18.5,18.5,18.5,100,0
BBT,5/27/2020 10:15:00 AM,19,19,19,19,1900,0
BBT,5/28/2020 11:00:00 AM,18.4,18.4,18.4,18.4,500,0
BBT,5/29/2020 11:00:00 AM,18.5,18.5,18.5,18.5,100,0
BBT,6/1/2020 9:00:00 AM,18.5,19,18.5,19,5600,0
BBT,6/2/2020 9:35:00 AM,19,19.3,19,19,7400,0
BBT,6/3/2020 10:15:00 AM,19.2,19.2,19.2,19.2,100,0
BBT,6/4/2020 9:40:00 AM,19.5,19.5,19.5,19.5,1000,0
BBT,6/5/2020 1:20:00 PM,20,20,20,20,100,0
BBT,6/8/2020 9:00:00 AM,19,19,19,19,2000,0
BBT,6/9/2020 1:35:00 PM,18.4,18.4,18.4,18.4,100,0
BBT,6/11/2020 1:40:00 PM,19.9,19.9,19.9,19.9,100,0
BBT,6/15/2020 9:20:00 AM,17,17.5,17,17.5,5900,0
BBT,6/18/2020 9:20:00 AM,17.5,17.5,17.5,17.5,1000,0
BBT,6/19/2020 11:00:00 AM,19.3,19.3,19.3,19.3,200,0
BBT,6/24/2020 2:25:00 PM,18.3,18.3,18.3,18.3,100,0
BBT,6/25/2020 9:20:00 AM,18.5,18.5,18.5,18.5,200,0
BBT,6/29/2020 10:20:00 AM,18.3,18.3,18.3,18.3,300,0
BBT,6/30/2020 10:00:00 AM,20.4,20.4,20.4,20.4,100,0
BBT,7/3/2020 10:00:00 AM,18.3,18.3,18.3,18.3,2000,0
BBT,7/7/2020 11:00:00 AM,20,21,20,21,700,0
BBT,7/13/2020 2:55:00 PM,18.5,18.5,18.5,18.5,300,0
BBT,7/16/2020 2:20:00 PM,18,18,18,18,300,0
BBT,7/20/2020 9:35:00 AM,18,18,18,18,300,0
BBT,7/22/2020 1:00:00 PM,18,18,18,18,1000,0
BBT,7/24/2020 2:45:00 PM,18,18,18,18,700,0
BBT,7/27/2020 10:00:00 AM,16.1,16.1,16.1,16.1,300,0
BBT,7/28/2020 9:00:00 AM,17.9,18.4,17.9,18.4,500,0
BBT,7/31/2020 9:30:00 AM,19.1,19.1,19.1,19.1,300,0
BBT,8/3/2020 10:45:00 AM,19,21,19,21,5200,0
BBT,8/4/2020 1:00:00 PM,21,21,21,21,100,0
BBT,8/5/2020 9:15:00 AM,21.5,24.1,21.5,21.5,11500,0
BBT,8/6/2020 9:50:00 AM,21,21,21,21,200,0
BBT,8/7/2020 9:05:00 AM,21,21,21,21,1000,0
BBT,8/10/2020 9:00:00 AM,21,21,21,21,1000,0
BBT,8/11/2020 9:30:00 AM,21,21,21,21,700,0
BBT,8/12/2020 9:45:00 AM,21,21,21,21,100,0
BBT,8/13/2020 9:40:00 AM,20.9,20.9,20.9,20.9,100,0
BBT,8/18/2020 9:20:00 AM,20.5,20.5,20.5,20.5,100,0
BBT,8/19/2020 1:25:00 PM,21,21,21,21,2000,0
BBT,8/24/2020 2:10:00 PM,20.8,20.8,20.8,20.8,2100,0
BBT,8/25/2020 1:40:00 PM,19.5,19.5,19.5,19.5,300,0
BBT,8/26/2020 9:05:00 AM,19.5,19.5,19.5,19.5,100,0
BBT,8/28/2020 1:20:00 PM,18.7,18.7,18.7,18.7,1000,0
BBT,9/1/2020 2:45:00 PM,18.7,18.7,18.7,18.7,200,0
BBT,9/4/2020 1:15:00 PM,18,18,18,18,100,0
BBT,9/7/2020 9:30:00 AM,18,18,18,18,4100,0
BBT,9/9/2020 9:45:00 AM,18,18,15.7,18,29300,0
BBT,9/10/2020 9:00:00 AM,14,14,14,14,7000,0
BBT,9/11/2020 9:00:00 AM,13.1,17.5,13.1,17.5,12700,0
BBT,9/17/2020 9:00:00 AM,17.2,17.2,17.2,17.2,200,0
BBT,9/18/2020 9:05:00 AM,19.7,19.7,19.7,19.7,1700,0
BBT,9/21/2020 9:10:00 AM,21.2,21.2,21.2,21.2,2000,0
BBT,9/22/2020 9:05:00 AM,24.3,24.3,24,24,9900,0
BBT,9/23/2020 9:15:00 AM,20.8,21.2,20.8,21.2,1700,0
BBT,9/24/2020 9:15:00 AM,21.1,21.1,21.1,21.1,600,0
BBT,9/25/2020 9:15:00 AM,19.6,20.9,19.5,20.9,3800,0
BBT,9/28/2020 9:35:00 AM,20.4,20.4,20.4,20.4,100,0
BBT,9/29/2020 10:45:00 AM,21,23.5,21,23.5,1000,0
BBT,9/30/2020 10:00:00 AM,21,21,21,21,5200,0
BBT,10/1/2020 9:40:00 AM,22.4,22.5,22,22.5,37400,0
BBT,10/6/2020 2:35:00 PM,20.6,20.6,20.6,20.6,400,0
BBT,10/7/2020 9:40:00 AM,21,21,20.5,20.5,2100,0
BBT,10/8/2020 2:00:00 PM,21.9,21.9,21.9,21.9,100,0
BBT,10/9/2020 2:40:00 PM,21.8,21.8,21.8,21.8,100,0
BBT,10/12/2020 2:10:00 PM,21,21,21,21,500,0
BBT,10/14/2020 10:10:00 AM,19.6,19.6,19.6,19.6,100,0
BBT,10/15/2020 1:05:00 PM,20.9,20.9,20.9,20.9,200,0
BBT,10/16/2020 9:30:00 AM,21.3,21.3,21.3,21.3,100,0
BBT,10/21/2020 9:35:00 AM,21.9,22,21.9,22,300,0
BBT,10/26/2020 9:30:00 AM,19,19,19,19,200,0
BBT,10/29/2020 9:45:00 AM,19.3,19.3,19,19,900,0
BBT,11/3/2020 11:05:00 AM,18.5,21.5,18.5,21.5,7400,0
BBT,11/4/2020 9:00:00 AM,23.8,23.8,23.8,23.8,15000,0
BBT,11/5/2020 9:10:00 AM,20.7,20.7,20.7,20.7,200,0
BBT,11/6/2020 9:20:00 AM,20,20,20,20,100,0
BBT,11/9/2020 2:55:00 PM,21,21,21,21,100,0
BBT,11/11/2020 9:20:00 AM,19.2,19.2,19.2,19.2,200,0
BBT,11/18/2020 11:20:00 AM,19,19,19,19,1000,0
BBT,11/19/2020 9:15:00 AM,19,19,18,18,1600,0
BBT,11/25/2020 2:10:00 PM,18.3,18.3,18.3,18.3,100,0
BBT,11/26/2020 2:00:00 PM,18.3,18.3,18.3,18.3,100,0
BBT,12/1/2020 9:55:00 AM,19.5,19.5,19.5,19.5,100,0
BBT,12/8/2020 9:13:15 AM,18,18,18,18,2800,0
BBT,12/10/2020 2:26:15 PM,18.9,18.9,18.9,18.9,100,0
BBT,12/11/2020 9:31:32 AM,17,18,17,18,1700,0
BBT,12/14/2020 1:13:24 PM,18,18,18,18,400,0
BBT,12/16/2020 9:20:27 AM,17.2,18,17.2,18,600,0
BBT,12/21/2020 9:15:32 AM,15.6,17.8,15.6,17.8,1900,0
BBT,12/22/2020 2:25:44 PM,17.7,17.7,17.7,17.7,100,0
BBT,12/23/2020 2:22:08 PM,17,17,16.7,17,1000,0
BBT,12/24/2020 10:34:14 AM,17,17,17,17,100,0
BBT,12/25/2020 9:10:43 AM,16.9,17,16.8,17,1300,0
BBT,12/28/2020 10:32:23 AM,17,17,16.8,16.8,1300,0
BBT,12/29/2020 9:09:07 AM,16.9,17.7,16.9,17.7,8900,0
BBT,12/30/2020 11:02:31 AM,17.1,17.1,17.1,17.1,2500,0
BBT,12/31/2020 2:26:14 PM,19.3,19.3,19.3,19.3,100,0
BBT,1/4/2021 9:40:30 AM,16.6,17.1,16.6,17.1,2600,0
BBT,1/5/2021 1:07:40 PM,17.3,17.3,17.3,17.3,1000,0
BBT,1/6/2021 10:05:50 AM,17.2,18.9,17.2,17.3,3000,0
BBT,1/8/2021 9:07:50 AM,17.5,17.5,17.5,17.5,1400,0
BBT,1/11/2021 10:56:22 AM,17.5,17.5,17.5,17.5,1100,0
BBT,1/12/2021 9:16:49 AM,19.7,19.7,19.7,19.7,1000,0
BBT,1/13/2021 9:02:44 AM,19.9,19.9,19.1,19.1,400,0
BBT,1/14/2021 9:10:27 AM,19.8,19.8,18,18.5,5500,0
BBT,1/15/2021 9:32:43 AM,19.1,19.1,17.1,17.3,2400,0
BBT,1/19/2021 1:17:31 PM,17.5,17.6,17.5,17.6,2400,0
BBT,1/20/2021 2:51:17 PM,16,18.2,16,18.2,1400,0
BBT,1/22/2021 11:08:48 AM,17.6,17.6,17.6,17.6,100,0
BBT,1/25/2021 10:33:09 AM,17,17,17,17,4300,0
BBT,1/26/2021 10:56:02 AM,16.5,17,16.5,17,900,0
BBT,1/27/2021 2:38:56 PM,16.6,16.6,16.6,16.6,500,0
BBT,1/28/2021 10:34:19 AM,18.5,19,18,19,9200,0
BBT,1/29/2021 9:00:26 AM,20.8,20.8,18.2,18.5,3200,0
BBT,2/1/2021 9:57:55 AM,23.3,23.3,23.3,23.3,6000,0
BBT,2/2/2021 9:00:34 AM,21.8,23,20,20,7600,0
BBT,2/3/2021 1:00:15 PM,19.5,23,19.5,23,11500,0
BBT,2/5/2021 10:33:10 AM,18.5,22,18.5,21.9,5200,0
BBT,2/8/2021 9:55:49 AM,22,22,22,22,100,0
BBT,2/9/2021 2:38:06 PM,21.8,21.8,21.8,21.8,100,0
BBT,2/17/2021 1:12:19 PM,18.8,19.8,18.6,19.8,1200,0
BBT,2/18/2021 9:02:18 AM,19.7,19.7,19.7,19.7,200,0
BBT,2/19/2021 9:06:02 AM,19.6,19.6,17,17.1,2700,0
BBT,2/22/2021 9:41:56 AM,17.3,17.3,17.2,17.2,3100,0
BBT,2/23/2021 9:01:48 AM,17.2,17.2,17.2,17.2,200,0
BBT,2/24/2021 9:12:05 AM,17.3,18.8,17.3,17.3,3800,0
BBT,2/25/2021 2:40:31 PM,17.4,17.4,17.4,17.4,100,0
BBT,3/1/2021 10:18:42 AM,17.4,17.4,17.4,17.4,3900,0
BBT,3/3/2021 11:09:11 AM,17.4,17.4,17.4,17.4,300,0
BBT,3/4/2021 11:21:55 AM,17.4,17.4,17.4,17.4,3400,0
BBT,3/8/2021 9:00:50 AM,17.4,18,17.4,18,4000,0
BBT,3/9/2021 10:09:48 AM,18,18,18,18,200,0
BBT,3/10/2021 9:19:34 AM,18,18,18,18,3000,0
BBT,3/11/2021 9:00:50 AM,17.5,18,17.5,18,2800,0
BBT,3/12/2021 9:11:30 AM,18,18.4,18,18.1,2500,0
BBT,3/15/2021 10:10:53 AM,18.1,18.5,18.1,18.4,1000,0
BBT,3/16/2021 9:01:46 AM,18.5,18.5,18.2,18.3,1400,0
BBT,3/17/2021 10:10:18 AM,18.4,18.4,18.2,18.3,3600,0
BBT,3/18/2021 10:23:26 AM,18.3,18.3,18.2,18.2,3500,0
BBT,3/19/2021 9:34:53 AM,18.2,18.2,18.2,18.2,2300,0
BBT,3/22/2021 9:23:50 AM,18.5,18.5,18.4,18.4,2000,0
BBT,3/23/2021 9:32:25 AM,18.4,18.5,18.4,18.5,200,0
BBT,3/24/2021 2:08:58 PM,18.5,18.5,18.5,18.5,300,0
BBT,3/25/2021 9:14:25 AM,18.5,18.5,18.5,18.5,6300,0
BBT,3/26/2021 10:32:29 AM,17.5,17.6,17.5,17.6,900,0
BBT,3/29/2021 2:10:47 PM,18,18.5,18,18.5,3100,0
BBT,3/30/2021 1:53:44 PM,18.5,18.5,18.5,18.5,500,0
BBT,3/31/2021 10:31:15 AM,18.5,18.5,18.5,18.5,1900,0
BBT,4/1/2021 2:14:53 PM,18.5,18.5,18.5,18.5,100,0
BBT,4/2/2021 10:53:51 AM,18.5,18.5,18.5,18.5,600,0
BBT,4/5/2021 9:36:00 AM,18.5,18.6,18.5,18.6,1800,0
BBT,4/6/2021 9:46:03 AM,18.9,18.9,18.9,18.9,600,0
BBT,4/7/2021 10:06:40 AM,18.5,18.5,18.5,18.5,1300,0
BBT,4/8/2021 2:20:00 PM,18.6,18.6,18.6,18.6,100,0
BBT,4/9/2021 11:15:41 AM,18.8,18.8,18.8,18.8,10000,0
BBT,4/12/2021 9:46:20 AM,19.1,19.4,18.8,19.4,1200,0
BBT,4/13/2021 9:27:49 AM,19.7,19.8,19.4,19.4,4700,0
BBT,4/14/2021 9:25:43 AM,19.4,19.6,19.4,19.6,3700,0
BBT,4/15/2021 9:42:39 AM,19.5,19.6,19.5,19.5,7600,0
BBT,4/16/2021 10:04:47 AM,19.5,19.5,19.5,19.5,1600,0
BBT,4/19/2021 1:00:30 PM,19.5,19.6,19.5,19.6,500,0
BBT,4/20/2021 9:24:46 AM,19.6,19.8,19.5,19.8,6600,0
BBT,4/22/2021 10:43:30 AM,19.5,20,19.5,20,400,0
BBT,4/23/2021 9:26:04 AM,19.5,19.5,19.5,19.5,800,0
BBT,4/26/2021 9:16:48 AM,19.5,19.6,19.5,19.6,3700,0
BBT,4/27/2021 9:40:18 AM,19.6,19.6,19.6,19.6,400,0
BBT,4/28/2021 10:16:24 AM,19.5,19.5,19.5,19.5,100,0
BBT,4/29/2021 11:02:36 AM,21,21,21,21,100,0
BBT,5/10/2021 9:00:56 AM,21.6,24.1,21.6,24.1,31600,0
BBT,5/11/2021 9:00:43 AM,27,27.4,27,27.4,11600,0
BBT,5/12/2021 9:00:27 AM,31.3,31.3,27.2,27.4,19400,0
BBT,5/13/2021 9:19:00 AM,25,26.8,25,26.3,3900,0
BBT,5/14/2021 9:39:14 AM,24.9,24.9,23,24.2,7000,0
BBT,5/17/2021 9:07:39 AM,22.2,22.2,20.3,20.3,15700,0
BBT,5/18/2021 11:24:26 AM,21,21.8,20.5,21.8,2400,0
BBT,5/19/2021 9:11:34 AM,20.8,21.1,20.8,20.9,3300,0
BBT,5/20/2021 9:36:33 AM,21,21,20.9,20.9,1700,0
BBT,5/21/2021 1:26:44 PM,21.2,21.3,21.2,21.3,1100,0
BBT,5/24/2021 9:44:44 AM,21.4,22,21.4,22,5600,0
BBT,5/25/2021 9:14:01 AM,21.8,23,21.8,23,5300,0
BBT,5/26/2021 10:16:24 AM,24.5,25.5,24,25.5,19400,0
BBT,5/27/2021 1:39:48 PM,24.1,24.1,24,24,5300,0
BBT,5/28/2021 9:17:18 AM,22.1,24,22.1,24,3600,0
BBT,5/31/2021 9:36:59 AM,23.5,25,23.5,25,3100,0
BBT,6/1/2021 10:18:22 AM,24.2,24.2,22.2,23.1,900,0
BBT,6/2/2021 10:44:57 AM,22.1,22.5,22.1,22.5,2200,0
BBT,6/3/2021 9:04:30 AM,20.2,22.3,20.2,22,2100,0
BBT,6/4/2021 10:29:15 AM,22.5,22.5,21.9,22.5,2600,0
BBT,6/7/2021 1:34:52 PM,22.3,22.3,22.3,22.3,200,0
BBT,6/8/2021 9:15:36 AM,22.3,22.5,22.3,22.5,2200,0
BBT,6/10/2021 9:21:17 AM,25,25,24.7,24.7,500,0
BBT,6/11/2021 1:44:20 PM,23,23,23,23,700,0
BBT,6/14/2021 9:09:18 AM,22,22,22,22,300,0
BBT,6/15/2021 9:28:28 AM,21.6,24.9,21.6,23.3,1300,0
BBT,6/16/2021 1:00:09 PM,22.2,22.9,22.2,22.9,200,0
BBT,6/17/2021 10:06:49 AM,22.5,23,22.5,23,1300,0
BBT,6/18/2021 9:52:26 AM,23,23,23,23,700,0
BBT,6/21/2021 9:20:51 AM,23,23,23,23,500,0
BBT,6/22/2021 10:06:39 AM,23,23,23,23,500,0
BBT,6/23/2021 9:19:19 AM,22,23,22,23,1000,0
BBT,6/24/2021 9:05:20 AM,22,23,22,23,3500,0
BBT,6/25/2021 9:15:23 AM,23.5,23.5,22.2,22.2,1100,0
BBT,6/28/2021 9:43:39 AM,22.6,22.6,22.6,22.6,600,0
BBT,6/29/2021 10:47:36 AM,23,23,23,23,1000,0
BBT,6/30/2021 9:54:05 AM,23,23,22,22,300,0
BBT,7/1/2021 9:15:26 AM,21.8,21.8,21.5,21.6,2200,0
BBT,7/2/2021 9:02:22 AM,22,23,21.7,22,3700,0
BBT,7/5/2021 9:27:09 AM,23.4,23.4,21.5,21.5,9800,0
BBT,7/6/2021 9:17:20 AM,23.3,23.3,23,23,200,0
BBT,7/7/2021 9:43:35 AM,22,22,22,22,100,0
BBT,7/8/2021 9:33:46 AM,22,22,21.5,21.5,1500,0
BBT,7/9/2021 10:23:25 AM,23.2,23.2,20.4,20.4,400,0
BBT,7/12/2021 9:45:09 AM,20.5,20.5,19,19,2300,0
BBT,7/13/2021 1:00:22 PM,19,19.5,19,19.5,200,0
BBT,7/14/2021 11:13:20 AM,21.9,21.9,19.5,19.5,200,0
BBT,7/15/2021 10:42:55 AM,21.9,21.9,20.7,20.7,900,0
BBT,7/16/2021 2:47:29 PM,21.6,21.6,21.6,21.6,100,0
BBT,7/19/2021 9:19:23 AM,21.6,21.6,20,20,700,0
BBT,7/20/2021 1:26:32 PM,20.5,20.5,20.5,20.5,2000,0
BBT,7/21/2021 9:39:34 AM,21.3,21.3,20.6,20.6,900,0
BBT,7/22/2021 10:29:05 AM,20.5,21.3,20.5,21,5800,0
BBT,7/23/2021 1:10:17 PM,21.1,21.1,21,21.1,1700,0
BBT,7/26/2021 10:30:01 AM,21.1,21.1,21,21,2500,0
BBT,7/27/2021 9:42:59 AM,21,22.4,21,22.1,4000,0
BBT,7/28/2021 1:00:16 PM,22,22.7,22,22,8000,0
BBT,7/29/2021 9:52:44 AM,22,22.4,22,22.4,900,0
BBT,7/30/2021 10:12:12 AM,21,21,21,21,300,0
BBT,8/2/2021 9:17:21 AM,23.4,23.4,20.1,22.9,900,0
BBT,8/3/2021 9:26:02 AM,22.8,23.4,22,22,1100,0
BBT,8/4/2021 9:04:17 AM,26.2,26.2,23.5,23.5,300,0
BBT,8/5/2021 9:05:14 AM,24.4,24.4,23,23,700,0
BBT,8/9/2021 9:00:40 AM,23,23,21.2,21.2,1500,0
BBT,8/10/2021 10:52:37 AM,21.5,21.5,21.5,21.5,300,0
BBT,8/11/2021 9:55:31 AM,23.9,23.9,23.9,23.9,700,0
BBT,8/12/2021 2:58:56 PM,22,22,22,22,500,0
BBT,8/13/2021 9:52:31 AM,22,23.4,22,23,3100,0
BBT,8/16/2021 2:10:41 PM,22.3,22.3,22.3,22.3,700,0
BBT,8/17/2021 9:08:10 AM,23.8,23.8,23.8,23.8,300,0
BBT,8/18/2021 9:54:43 AM,23,23,22.5,23,1300,0
BBT,8/19/2021 9:21:13 AM,22,22,21.5,22,14000,0
BBT,8/20/2021 9:23:27 AM,23,23,22,22,700,0
BBT,8/23/2021 9:00:36 AM,20.1,22.2,20.1,22.2,2700,0
BBT,8/24/2021 2:47:13 PM,22,22,22,22,300,0
BBT,8/25/2021 1:19:44 PM,22,22,22,22,100,0
BBT,8/26/2021 9:39:39 AM,21,21,21,21,100,0
BBT,8/27/2021 9:35:30 AM,21,23,21,21.3,1700,0
BBT,8/30/2021 9:58:42 AM,22.9,23,22.9,23,3600,0
BBT,8/31/2021 10:16:32 AM,23,23,22.9,22.9,4800,0
BBT,9/1/2021 2:13:05 PM,21.7,21.7,21.7,21.7,1000,0
BBT,9/6/2021 10:06:01 AM,20.6,21.1,20.6,21.1,3000,0
BBT,9/7/2021 9:28:05 AM,21,21.2,21,21.2,1200,0
BBT,9/8/2021 9:15:42 AM,21.1,21.1,21.1,21.1,700,0
BBT,9/9/2021 10:14:34 AM,21.5,22,21.5,22,1800,0
BBT,9/10/2021 9:38:49 AM,21.9,22.6,21.7,22.6,2500,0
BBT,9/13/2021 10:16:22 AM,21.7,22.2,21.7,22.2,1000,0
BBT,9/14/2021 1:08:45 PM,22,22,22,22,300,0
BBT,9/15/2021 11:10:53 AM,22,22.6,22,22.6,1000,0
BBT,9/16/2021 9:13:03 AM,22.8,22.9,22.8,22.8,1600,0
BBT,9/17/2021 9:02:06 AM,22.9,22.9,22,22,1200,0
BBT,9/20/2021 9:41:01 AM,23,23,22,22,4700,0
BBT,9/21/2021 10:01:11 AM,21.5,22,21.5,22,1700,0
BBT,9/22/2021 1:00:24 PM,22.3,22.3,22,22,2100,0
BBT,9/23/2021 9:16:49 AM,23,23,22,22,6000,0
BBT,9/24/2021 9:17:45 AM,22.8,22.8,22.8,22.8,300,0
BBT,9/27/2021 9:13:47 AM,22.5,23,22.5,23,2900,0
BBT,9/28/2021 1:20:32 PM,22.6,22.6,22.5,22.5,800,0
BBT,9/29/2021 9:23:03 AM,24.9,24.9,24.9,24.9,100,0
BBT,10/1/2021 11:10:20 AM,22.8,22.8,22.8,22.8,3200,0
BBT,10/4/2021 9:45:44 AM,22.8,23.9,22.8,23.5,400,0
BBT,10/5/2021 1:15:31 PM,22.5,22.5,22.5,22.5,1900,0
BBT,10/6/2021 9:32:42 AM,22.5,22.9,22.4,22.9,500,0
BBT,10/7/2021 9:52:06 AM,23,23,23,23,2100,0
BBT,10/8/2021 9:07:42 AM,22,23,22,22.2,800,0
BBT,10/11/2021 9:28:32 AM,23.9,23.9,22.2,22.6,5600,0
BBT,10/12/2021 1:32:00 PM,22.5,22.5,22.5,22.5,200,0
BBT,10/13/2021 9:42:22 AM,22.3,23,22.3,22.5,4500,0
BBT,10/14/2021 9:53:18 AM,23,23.2,23,23.2,400,0
BBT,10/15/2021 9:40:31 AM,22.2,23,22.2,23,800,0
BBT,10/18/2021 9:01:02 AM,22.5,23.1,22.5,23.1,1600,0
BBT,10/19/2021 10:00:05 AM,23.5,23.5,23,23.5,1900,0
BBT,10/20/2021 1:05:37 PM,23,23,23,23,300,0
BBT,10/21/2021 9:51:20 AM,23.1,23.1,23,23,1400,0
BBT,10/22/2021 11:02:21 AM,23.6,23.6,22.7,22.7,600,0
BBT,10/25/2021 9:04:07 AM,22.7,24,22.7,24,700,0
BBT,10/26/2021 9:16:27 AM,23,24,23,24,5200,0
BBT,10/27/2021 11:16:18 AM,24,24.7,23.5,24,4100,0
BBT,10/28/2021 10:14:15 AM,24,24,23.7,24,1800,0
BBT,10/29/2021 9:28:13 AM,24,24.2,24,24,2000,0
BBT,11/1/2021 9:18:44 AM,24,24,23.6,23.6,1000,0
BBT,11/2/2021 9:33:11 AM,21.6,22.5,21.6,22.5,900,0
BBT,11/3/2021 10:03:02 AM,22.5,24,22.5,24,1100,0
BBT,11/4/2021 10:05:34 AM,23.5,23.5,23,23.2,700,0
BBT,11/5/2021 10:41:41 AM,23.5,23.5,23.5,23.5,600,0
BBT,11/8/2021 9:29:02 AM,23.7,24.4,23.7,24,1900,0
BBT,11/10/2021 11:18:44 AM,24.5,24.5,23.9,23.9,2800,0
BBT,11/11/2021 1:10:12 PM,22.8,24.2,22.8,24.2,2200,0
BBT,11/12/2021 9:45:06 AM,24.5,24.5,23.5,24,4600,0
BBT,11/15/2021 9:35:28 AM,24.5,25.5,24.3,24.3,7900,0
BBT,11/16/2021 9:24:34 AM,24.5,24.5,24.5,24.5,500,0
BBT,11/17/2021 9:06:20 AM,24.4,24.4,23,23,1600,0
BBT,11/18/2021 9:03:38 AM,23,23.1,23,23,7800,0
BBT,11/19/2021 9:56:45 AM,24.6,24.6,23.5,23.5,2500,0
BBT,11/22/2021 9:47:24 AM,22.8,24.4,22.8,24.4,1900,0
BBT,11/23/2021 10:14:58 AM,22.9,23,22.6,22.6,1800,0
BBT,11/24/2021 9:26:58 AM,23,23.7,23,23,3600,0
BBT,11/25/2021 9:17:44 AM,23.4,23.5,22.6,23.1,2400,0
BBT,11/26/2021 10:05:29 AM,23.2,24,23.2,23.5,3200,0
BBT,11/29/2021 9:45:35 AM,23.7,23.8,23.7,23.7,1600,0
BBT,11/30/2021 1:33:26 PM,23.8,23.8,23.8,23.8,200,0
BBT,12/1/2021 9:24:58 AM,23.8,23.8,23.8,23.8,200,0
BBT,12/2/2021 10:53:18 AM,23,23.7,23,23.7,1100,0
BBT,12/3/2021 9:53:01 AM,24,24,24,24,500,0
BBT,12/7/2021 1:00:06 PM,23.9,23.9,23.9,23.9,100,0
BBT,12/8/2021 10:16:08 AM,21.9,22.5,21.9,22.5,300,0
BBT,12/9/2021 1:57:40 PM,22.3,22.3,22.3,22.3,100,0
BBT,12/13/2021 10:52:20 AM,21,23.5,21,23.5,200,0
BBT,12/14/2021 10:14:08 AM,22,23.5,22,23.5,1900,0
BBT,12/15/2021 1:19:45 PM,23,23,23,23,200,0
BBT,12/16/2021 10:49:31 AM,22.5,22.5,22.5,22.5,2500,0
BBT,12/17/2021 1:08:33 PM,23.5,23.5,22.1,22.5,2700,0
BBT,12/20/2021 9:46:23 AM,21,22.5,21,22.4,1600,0
BBT,12/21/2021 1:57:24 PM,23,23,23,23,2500,0
BBT,12/22/2021 9:18:10 AM,22,22.1,22,22.1,12100,0
BBT,12/23/2021 1:00:12 PM,21.3,23.5,21.3,23.5,3300,0
BBT,12/27/2021 1:47:13 PM,23.1,23.1,23,23,800,0
BBT,12/28/2021 9:43:48 AM,22.9,23,22.9,23,300,0
BBT,12/30/2021 10:57:09 AM,23,23,22,22,3100,0
BBT,12/31/2021 1:04:22 PM,23,23.2,23,23.2,600,0
BBT,1/4/2022 10:31:35 AM,23,23,23,23,1200,0
BBT,1/5/2022 10:20:25 AM,23.5,25.5,23.5,24.5,17100,0
BBT,1/6/2022 9:56:21 AM,24.5,24.5,24.5,24.5,100,0
BBT,1/7/2022 9:18:05 AM,24.5,24.5,22.1,22.1,400,0
BBT,1/10/2022 9:00:14 AM,24.5,24.5,24.5,24.5,2200,0
BBT,1/11/2022 9:11:22 AM,21.8,24.5,21.8,24.5,1300,0
BBT,1/12/2022 9:52:45 AM,22.4,23,22.4,23,1400,0
BBT,1/13/2022 11:02:19 AM,22,22,22,22,2100,0
BBT,1/14/2022 9:27:47 AM,22,23,21.5,21.5,2900,0
BBT,1/18/2022 9:35:32 AM,21.5,23,21.5,23,3300,0
BBT,1/21/2022 10:06:48 AM,22.7,23,22.7,22.8,1800,0
BBT,1/25/2022 11:16:05 AM,22.5,22.5,22.4,22.4,400,0
BBT,1/26/2022 9:48:05 AM,22.5,22.5,22,22.1,900,0
BBT,1/27/2022 2:50:36 PM,22.2,22.2,22.2,22.2,1000,0
BBT,1/28/2022 2:01:23 PM,22.2,22.3,22.2,22.3,1500,0
BBT,2/7/2022 9:11:42 AM,23,23,23,23,100,0
BBT,2/8/2022 10:19:12 AM,22.3,23,22.3,23,300,0
BBT,2/9/2022 1:47:05 PM,21.7,21.7,21.7,21.7,1300,0
BBT,2/10/2022 1:58:16 PM,22,22,22,22,1500,0
BBT,2/14/2022 1:49:21 PM,22.9,22.9,22.9,22.9,100,0
BBT,2/15/2022 9:26:17 AM,22.9,22.9,22.9,22.9,100,0
BBT,2/16/2022 10:15:24 AM,22.9,22.9,22.2,22.2,1200,0
BBT,2/17/2022 2:52:20 PM,22.4,22.4,22.4,22.4,100,0
BBT,2/18/2022 1:31:25 PM,22.4,22.5,22.4,22.4,3500,0
BBT,2/22/2022 9:39:14 AM,21.8,23.4,21.8,22.9,2400,0
BBT,2/23/2022 10:20:38 AM,23.5,23.5,23.4,23.4,1700,0
BBT,2/25/2022 11:14:32 AM,23.4,23.4,23.4,23.4,100,0
BBT,2/28/2022 10:41:11 AM,22.5,22.5,22.5,22.5,2200,0
BBT,3/1/2022 2:46:56 PM,22.5,22.5,22.5,22.5,2400,0
BBT,3/2/2022 1:35:41 PM,23.5,23.5,22.6,22.6,2700,0
BBT,3/3/2022 11:23:13 AM,22.1,22.9,22.1,22.9,800,0
BBT,3/4/2022 10:46:40 AM,22.5,23,22.5,22.8,1300,0
BBT,3/7/2022 9:45:34 AM,23,23,22.3,23,2600,0
BBT,3/8/2022 9:06:42 AM,22,23,22,23,7100,0
BBT,3/9/2022 9:27:33 AM,22.9,23,22.9,22.9,2400,0
BBT,3/10/2022 2:11:51 PM,22.7,22.7,22.7,22.7,100,0
BBT,3/11/2022 1:18:23 PM,22.9,22.9,22.9,22.9,800,0
BBT,3/15/2022 10:36:45 AM,22,22.2,22,22,5800,0
BBT,3/16/2022 11:18:13 AM,22,22,22,22,900,0
BBT,3/17/2022 2:25:54 PM,22,22,22,22,1000,0
BBT,3/18/2022 9:49:47 AM,22,22,22,22,3300,0
BBT,3/21/2022 9:44:50 AM,20.3,22,20.3,21,3400,0
BBT,3/22/2022 10:35:43 AM,21.5,21.7,21.5,21.5,12400,0
BBT,3/23/2022 9:32:31 AM,21,21.3,21,21,2400,0
BBT,3/24/2022 9:55:28 AM,21.1,21.1,21.1,21.1,1200,0
BBT,3/25/2022 10:11:18 AM,21.4,21.5,21.1,21.5,4100,0
BBT,3/28/2022 10:56:21 AM,21.5,22.3,21.5,22.3,1100,0
BBT,3/29/2022 1:00:21 PM,21,21.4,21,21.4,400,0
BBT,3/30/2022 1:05:32 PM,21.2,21.3,21.2,21.3,300,0
BBT,3/31/2022 10:08:09 AM,21.3,21.3,21.3,21.3,800,0
BBT,4/1/2022 10:03:52 AM,21.1,21.3,20.3,21.3,1200,0
BBT,4/4/2022 10:10:45 AM,21,21,21,21,100,0
BBT,4/5/2022 11:22:16 AM,21,21,21,21,900,0
BBT,4/6/2022 10:03:02 AM,21.4,21.5,21.4,21.5,500,0
BBT,4/7/2022 9:07:21 AM,21.5,21.5,20.6,20.6,400,0
BBT,4/8/2022 9:52:49 AM,21,21,20.6,20.6,800,0
BBT,4/12/2022 9:31:17 AM,20.8,21,20.8,21,200,0
BBT,4/13/2022 9:18:01 AM,20.9,20.9,20.9,20.9,100,0
BBT,4/14/2022 9:25:45 AM,21,21,20,20,800,0
BBT,4/19/2022 10:59:46 AM,20.4,20.6,20.4,20.6,200,0
BBT,4/29/2022 1:18:11 PM,17.6,17.6,17.6,17.6,5500,0
BBT,5/4/2022 10:33:51 AM,17.8,17.9,17.8,17.9,3700,0
BBT,5/5/2022 9:27:52 AM,17.9,18,17.9,18,700,0
BBT,5/10/2022 2:58:01 PM,15.3,15.3,15.3,15.3,100,0
BBT,5/11/2022 10:29:40 AM,15.5,16.3,15.5,16.3,1000,0
BBT,5/12/2022 2:25:57 PM,16.2,16.2,16.2,16.2,1000,0
BBT,5/13/2022 1:52:24 PM,16.2,16.2,16.2,16.2,200,0
BBT,5/16/2022 10:35:00 AM,16.2,16.2,14,14,3600,0
BBT,5/17/2022 10:35:46 AM,14.1,16.5,14,16.5,3200,0
BBT,5/18/2022 2:36:43 PM,16.1,16.1,16.1,16.1,100,0
BBT,5/19/2022 2:10:39 PM,16.9,16.9,16.9,16.9,400,0
BBT,5/20/2022 9:00:07 AM,16.8,16.8,16.8,16.8,2000,0
BBT,5/23/2022 9:00:10 AM,16.8,16.8,16.8,16.8,200,0
BBT,5/25/2022 9:33:20 AM,14.5,15.2,14.5,15.2,800,0
BBT,5/26/2022 9:03:47 AM,15.2,16.9,15.2,16.5,800,0
BBT,5/30/2022 9:52:37 AM,16.1,16.1,14,15.8,2500,0
BBT,5/31/2022 1:47:44 PM,15,15,15,15,200,0
BBT,6/2/2022 10:38:27 AM,15.7,15.7,14.5,14.5,500,0
BBT,6/3/2022 1:20:42 PM,14.5,15,14,15,3200,0
BBT,6/6/2022 1:14:40 PM,14.9,15.5,14.9,15.5,2600,0
BBT,6/7/2022 11:20:11 AM,13.1,14.7,13.1,14.7,3000,0
BBT,6/8/2022 9:50:45 AM,14.5,14.5,14.5,14.5,100,0
BBT,6/10/2022 11:25:17 AM,14.4,14.9,14.4,14.9,1000,0
BBT,6/13/2022 1:50:53 PM,14.4,14.5,14.4,14.5,800,0
BBT,6/14/2022 9:18:15 AM,13,14.3,13,14.3,1200,0
BBT,6/15/2022 9:35:33 AM,13.2,13.2,13,13,2600,0
BBT,6/16/2022 9:03:05 AM,13,13.6,13,13.5,1100,0
BBT,6/17/2022 1:00:05 PM,12.1,12.9,12,12,2800,0
BBT,6/20/2022 9:00:10 AM,11,13.5,11,13.5,400,0
BBT,6/21/2022 10:18:36 AM,11,11,11,11,200,0
BBT,6/24/2022 9:22:49 AM,12.5,12.5,12.5,12.5,100,0
BBT,6/27/2022 9:01:56 AM,12.6,13.9,11.5,12.8,400,0
BBT,6/28/2022 11:03:15 AM,12.7,12.7,12.7,12.7,100,0
BBT,6/29/2022 9:18:53 AM,11.1,12.6,11.1,12,2200,0
BBT,6/30/2022 9:40:54 AM,12,12,10.3,11,10600,0
BBT,7/1/2022 9:53:02 AM,11.2,11.2,11.2,11.2,500,0
BBT,7/6/2022 10:13:49 AM,10.3,10.6,10.3,10.5,1700,0
BBT,7/7/2022 1:08:24 PM,11,11,11,11,500,0
BBT,7/12/2022 2:38:00 PM,11,11,11,11,1000,0
BBT,7/14/2022 9:00:26 AM,11,11,10.5,11,1400,0
BBT,7/19/2022 2:06:03 PM,11,11,11,11,200,0
BBT,7/20/2022 9:07:39 AM,10.9,12.5,10.9,12.4,700,0
BBT,7/21/2022 2:25:09 PM,11,11,11,11,100,0
BBT,7/22/2022 2:49:18 PM,12.5,12.5,12.5,12.5,100,0
BBT,7/26/2022 2:59:56 PM,11.3,11.3,11.3,11.3,100,0
BBT,8/3/2022 9:48:37 AM,10.9,10.9,10.9,10.9,100,0
BBT,8/5/2022 2:40:42 PM,12,12,12,12,100,0
BBT,8/9/2022 2:05:01 PM,12,12,12,12,100,0
BBT,8/12/2022 10:32:15 AM,10.6,10.6,10.6,10.6,100,0
BBT,8/15/2022 1:54:16 PM,11.5,11.5,11.5,11.5,1100,0
BBT,8/16/2022 10:19:40 AM,11.2,11.2,11.2,11.2,2000,0
BBT,8/22/2022 9:24:01 AM,11.2,11.2,11,11,2400,0
BBT,8/23/2022 11:13:23 AM,10.7,10.7,10.7,10.7,500,0
BBT,8/25/2022 9:24:12 AM,11.5,11.5,11.5,11.5,500,0
BBT,8/26/2022 2:29:50 PM,12.5,12.5,12.5,12.5,100,0
BBT,8/29/2022 9:01:25 AM,12.5,12.5,12.2,12.2,600,0
BBT,8/30/2022 9:10:50 AM,12.5,12.5,12.5,12.5,1000,0
BBT,8/31/2022 9:00:12 AM,12.5,12.5,12,12,800,0
BBT,9/7/2022 11:09:43 AM,11.1,11.1,11.1,11.1,300,0
BBT,9/9/2022 9:27:01 AM,11.1,11.2,11.1,11.2,1200,0
