BCM,2/21/2018 9:00:00 AM,26.26,26.26,22.17,22.17,81200,0
BCM,2/22/2018 10:15:00 AM,23.06,23.06,22.17,22.17,28900,0
BCM,2/23/2018 9:20:00 AM,22.36,22.36,19.87,20.39,37800,0
BCM,2/26/2018 9:25:00 AM,19.51,21.56,17.73,20.3,21100,0
BCM,2/27/2018 9:00:00 AM,22,22,17.73,21.29,34700,0
BCM,2/28/2018 1:25:00 PM,18.1,19.51,18.1,19.51,2300,0
BCM,3/1/2018 9:20:00 AM,19.51,19.69,18.63,19.69,21100,0
BCM,3/2/2018 9:55:00 AM,19.43,19.43,18.19,19.17,24900,0
BCM,3/5/2018 9:30:00 AM,18.81,19.08,18.63,18.9,35500,0
BCM,3/6/2018 9:25:00 AM,19.97,19.97,18.19,19.24,4200,0
BCM,3/7/2018 10:05:00 AM,18.19,18.19,17.73,17.92,3000,0
BCM,3/8/2018 1:35:00 PM,18.63,18.63,18.63,18.63,2100,0
BCM,3/9/2018 9:05:00 AM,18.63,18.63,15.97,18.53,36700,0
BCM,3/12/2018 9:20:00 AM,17.73,18.53,17.29,18.19,7000,0
BCM,3/13/2018 1:10:00 PM,17.73,17.73,17.04,17.57,15100,0
BCM,3/14/2018 9:20:00 AM,16.94,17.47,16.67,16.67,11700,0
BCM,3/15/2018 10:30:00 AM,16.05,17.29,15.97,17.12,29700,0
BCM,3/16/2018 9:30:00 AM,19.08,19.08,17.29,17.73,33500,0
BCM,3/19/2018 10:15:00 AM,17.92,18.81,17.92,18.81,14000,0
BCM,3/20/2018 9:20:00 AM,17.73,18.53,16.94,17.73,101100,0
BCM,3/21/2018 9:05:00 AM,18.19,18.19,16.94,17.57,63600,0
BCM,3/22/2018 9:45:00 AM,17.73,19.87,17.57,19.87,135400,0
BCM,3/23/2018 9:00:00 AM,19.78,21.11,19.51,20.84,97700,0
BCM,3/26/2018 9:30:00 AM,21.56,21.63,20.15,21.29,198500,0
BCM,3/27/2018 9:20:00 AM,21.29,23.77,18.43,21.29,362200,0
BCM,3/28/2018 9:25:00 AM,20.93,23.24,19.97,21.2,433200,0
BCM,3/29/2018 9:20:00 AM,21.11,22.43,20.84,21.11,272700,0
BCM,3/30/2018 10:20:00 AM,21.37,22.17,21.37,22.08,46000,0
BCM,4/2/2018 9:40:00 AM,22.53,22.79,22.27,22.79,47800,0
BCM,4/3/2018 9:20:00 AM,22.97,23.95,22.63,23.33,49300,0
BCM,4/4/2018 9:40:00 AM,23.33,23.33,22.7,23.06,60400,0
BCM,4/5/2018 9:45:00 AM,23.06,23.33,22.7,23.24,206800,0
BCM,4/6/2018 10:10:00 AM,23.06,23.24,22.63,22.89,70500,0
BCM,4/9/2018 10:35:00 AM,22.53,23.77,22.43,23.5,71600,0
BCM,4/10/2018 9:10:00 AM,22.43,23.24,22.43,23.06,63800,0
BCM,4/11/2018 10:05:00 AM,23.06,23.06,22.17,22.89,77400,0
BCM,4/12/2018 9:20:00 AM,22.79,22.89,22.17,22.79,100200,0
BCM,4/13/2018 10:50:00 AM,22.89,23.06,22.36,22.89,36600,0
BCM,4/16/2018 10:50:00 AM,22.7,22.79,22.7,22.79,55000,0
BCM,4/17/2018 9:50:00 AM,22.79,22.79,22.17,22.79,58000,0
BCM,4/18/2018 9:55:00 AM,22.7,22.79,22.7,22.79,10500,0
BCM,4/19/2018 11:25:00 AM,22.17,22.7,22,22.7,30000,0
BCM,4/20/2018 2:25:00 PM,22.63,22.79,22.63,22.79,20200,0
BCM,4/23/2018 10:25:00 AM,22.7,22.7,22.17,22.17,31600,0
BCM,4/24/2018 1:25:00 PM,22.63,22.63,22.17,22.17,21100,0
BCM,4/26/2018 1:35:00 PM,22.17,22.17,22.08,22.08,28200,0
BCM,4/27/2018 11:05:00 AM,22.17,22.17,22.17,22.17,33200,0
BCM,5/2/2018 9:25:00 AM,22.17,22.7,22.17,22.7,13900,0
BCM,5/3/2018 9:00:00 AM,22.79,22.79,22.53,22.63,1300,0
BCM,5/4/2018 2:45:00 PM,22.79,22.79,22.79,22.79,4700,0
BCM,5/7/2018 10:45:00 AM,21.29,21.29,19.6,20.39,11900,0
BCM,5/8/2018 9:10:00 AM,22.08,22.17,18.63,22.08,101600,0
BCM,5/9/2018 10:10:00 AM,21.63,21.63,19.69,19.69,300,0
BCM,5/10/2018 1:40:00 PM,19.87,22.08,19.87,20.39,1400,0
BCM,5/11/2018 10:05:00 AM,21.2,21.2,21.2,21.2,100,0
BCM,5/15/2018 2:30:00 PM,20.84,20.84,20.84,20.84,100,0
BCM,5/16/2018 9:00:00 AM,21.2,21.2,19.51,21.11,10500,0
BCM,5/17/2018 9:10:00 AM,22.17,22.17,22.17,22.17,100,0
BCM,5/18/2018 2:55:00 PM,19.69,19.69,19.69,19.69,1100,0
BCM,5/21/2018 9:00:00 AM,22.63,22.63,19.51,19.51,7100,0
BCM,5/22/2018 9:00:00 AM,20.84,20.84,19.51,19.51,600,0
BCM,5/23/2018 9:00:00 AM,22.63,22.63,22.63,22.63,100,0
BCM,5/28/2018 1:10:00 PM,19.33,20.84,19.33,20.84,4300,0
BCM,5/29/2018 1:50:00 PM,19.51,21.29,19.51,21.29,8900,0
BCM,6/1/2018 9:00:00 AM,20.84,20.84,19.51,19.97,800,0
BCM,6/4/2018 9:00:00 AM,21.03,21.03,19.24,19.24,3100,0
BCM,6/5/2018 9:00:00 AM,20.67,20.67,20.67,20.67,100,0
BCM,6/6/2018 9:00:00 AM,21.73,21.73,18.63,18.63,92700,0
BCM,6/7/2018 9:00:00 AM,22.08,22.08,17.73,17.73,52000,0
BCM,6/8/2018 9:00:00 AM,20.39,20.39,17.73,18.63,9800,0
BCM,6/11/2018 10:25:00 AM,18.63,18.63,18.19,18.19,700,0
BCM,6/12/2018 9:45:00 AM,19.08,19.08,17.73,17.73,2100,0
BCM,6/13/2018 10:50:00 AM,18.53,18.53,17.73,17.73,300,0
BCM,6/14/2018 10:10:00 AM,18.43,18.43,18.19,18.19,200,0
BCM,6/15/2018 9:05:00 AM,18.63,18.63,15.97,17.73,32400,0
BCM,6/18/2018 11:00:00 AM,17.73,17.73,17.73,17.73,100,0
BCM,6/21/2018 9:00:00 AM,17.92,17.92,17.73,17.73,200,0
BCM,6/22/2018 1:00:00 PM,17.73,17.83,17.64,17.83,10200,0
BCM,6/29/2018 9:00:00 AM,19.17,19.17,16.85,16.85,7000,0
BCM,7/4/2018 10:35:00 AM,15.09,15.09,14.02,14.02,46200,0
BCM,7/5/2018 9:45:00 AM,14.09,14.09,14.02,14.09,2700,0
BCM,7/6/2018 9:15:00 AM,12.42,13.31,11.45,13.31,221800,0
BCM,7/9/2018 10:50:00 AM,14.18,14.18,13.31,13.31,6100,0
BCM,7/10/2018 9:10:00 AM,13.38,13.38,13.38,13.38,31100,0
BCM,7/11/2018 10:20:00 AM,13.31,13.31,11.45,12.42,83100,0
BCM,7/16/2018 9:25:00 AM,13.31,13.31,12.95,12.95,9000,0
BCM,7/20/2018 9:30:00 AM,15.09,15.09,14.99,14.99,4800,0
BCM,7/23/2018 9:10:00 AM,15.97,15.97,14.18,14.18,4000,0
BCM,7/25/2018 2:35:00 PM,14.99,15.44,14.99,15.44,500,0
BCM,7/26/2018 1:05:00 PM,15.87,15.87,13.74,13.74,5100,0
BCM,7/31/2018 10:55:00 AM,13.31,14.81,13.31,14.81,6300,0
BCM,8/1/2018 1:00:00 PM,14.99,14.99,14.99,14.99,3100,0
BCM,8/2/2018 1:55:00 PM,14.18,14.54,13.93,13.93,3100,0
BCM,8/3/2018 10:55:00 AM,14.81,14.81,13.31,14.38,7100,0
BCM,8/6/2018 9:40:00 AM,14.18,14.18,13.38,14.18,6500,0
BCM,8/7/2018 9:20:00 AM,14.54,14.54,13.48,14.09,6200,0
BCM,8/8/2018 9:10:00 AM,13.31,13.93,12.68,13.74,16500,0
BCM,8/9/2018 9:10:00 AM,13.03,13.84,12.86,13.58,45000,0
BCM,8/10/2018 9:30:00 AM,13.66,13.66,13.38,13.66,10900,0
BCM,8/13/2018 10:00:00 AM,13.48,13.66,13.38,13.58,17300,0
BCM,8/14/2018 9:50:00 AM,13.48,13.74,13.38,13.38,24100,0
BCM,8/15/2018 9:35:00 AM,13.74,13.74,13.58,13.58,7200,0
BCM,8/16/2018 1:00:00 PM,13.66,13.66,13.58,13.58,4000,0
BCM,8/17/2018 9:35:00 AM,13.93,13.93,13.48,13.48,8100,0
BCM,8/20/2018 1:05:00 PM,13.58,13.74,13.48,13.74,11700,0
BCM,8/21/2018 9:25:00 AM,13.31,13.31,13.31,13.31,600,0
BCM,8/22/2018 9:35:00 AM,13.93,13.93,13.93,13.93,200,0
BCM,8/23/2018 10:30:00 AM,13.74,13.74,13.66,13.74,10100,0
BCM,8/24/2018 9:25:00 AM,14.38,14.38,13.74,13.74,600,0
BCM,8/28/2018 11:20:00 AM,13.58,13.58,13.31,13.58,13700,0
BCM,8/30/2018 2:05:00 PM,13.31,13.31,13.31,13.31,1600,0
BCM,8/31/2018 9:45:00 AM,13.31,13.31,13.22,13.22,6400,0
BCM,9/4/2018 10:20:00 AM,13.31,13.38,13.31,13.38,8000,0
BCM,9/5/2018 10:50:00 AM,13.22,13.31,13.22,13.31,500,0
BCM,9/7/2018 1:00:00 PM,13.31,13.31,13.31,13.31,2500,0
BCM,9/10/2018 10:05:00 AM,12.42,13.38,12.42,13.38,5500,0
BCM,9/13/2018 9:45:00 AM,12.06,13.22,12.06,12.95,18700,0
BCM,9/17/2018 10:35:00 AM,12.86,13.22,12.86,13.22,3700,0
BCM,9/18/2018 9:20:00 AM,12.42,14.09,12.42,12.42,37800,0
BCM,9/19/2018 9:10:00 AM,13.12,13.74,12.68,13.74,7000,0
BCM,9/20/2018 1:20:00 PM,13.74,13.93,13.03,13.93,32800,0
BCM,9/21/2018 9:25:00 AM,13.31,15.25,13.03,15.25,72500,0
BCM,9/24/2018 9:05:00 AM,15.7,16.14,15.7,16.14,19900,0
BCM,9/25/2018 9:30:00 AM,16.14,17.29,16.14,17.04,67100,0
BCM,9/26/2018 9:05:00 AM,16.85,17.73,16.85,17.64,42700,0
BCM,9/27/2018 9:20:00 AM,17.29,18.02,17.21,17.73,25300,0
BCM,9/28/2018 9:20:00 AM,17.64,17.73,17.47,17.47,50100,0
BCM,10/1/2018 9:20:00 AM,17.57,19.97,17.29,19.6,103300,0
BCM,10/2/2018 9:25:00 AM,19.51,19.87,18.63,19.78,111200,0
BCM,10/3/2018 9:05:00 AM,19.43,19.51,19.43,19.43,6000,0
BCM,10/4/2018 9:40:00 AM,19.43,19.43,18.63,18.63,65600,0
BCM,10/5/2018 9:55:00 AM,19.08,19.08,18.43,18.43,1300,0
BCM,10/8/2018 1:50:00 PM,16.41,17.57,16.41,17.57,2300,0
BCM,10/9/2018 9:15:00 AM,18.72,18.72,16.41,17.83,27500,0
BCM,10/10/2018 10:55:00 AM,18.37,18.37,17.83,18.28,20400,0
BCM,10/11/2018 10:45:00 AM,17.28,18.02,16.83,18.02,11000,0
BCM,10/12/2018 10:45:00 AM,17.73,17.92,17.46,17.92,10300,0
BCM,10/15/2018 9:20:00 AM,17.83,17.83,17.73,17.73,2900,0
BCM,10/16/2018 10:20:00 AM,17.64,17.64,17.56,17.56,7000,0
BCM,10/17/2018 9:25:00 AM,17.46,18.45,16.83,18.45,18800,0
BCM,10/18/2018 1:05:00 PM,17.64,18.37,17.46,17.46,1500,0
BCM,10/19/2018 9:35:00 AM,17.83,17.83,17.46,17.46,9200,0
BCM,10/23/2018 9:10:00 AM,18.02,19.27,18.02,18.02,40800,0
BCM,10/25/2018 10:05:00 AM,18.02,18.11,18.02,18.11,18300,0
BCM,10/29/2018 9:30:00 AM,17.64,18.11,17.46,17.46,20800,0
BCM,10/30/2018 11:15:00 AM,17.28,17.28,17.28,17.28,200,0
BCM,10/31/2018 9:45:00 AM,17.46,18.65,17.46,18.65,10300,0
BCM,11/5/2018 9:35:00 AM,17.73,17.73,17.46,17.46,11600,0
BCM,11/6/2018 9:55:00 AM,17.36,17.56,17.28,17.56,4000,0
BCM,11/7/2018 9:45:00 AM,18.2,18.2,17.92,17.92,31100,0
BCM,11/9/2018 10:50:00 AM,18.11,18.2,17.83,17.83,34100,0
BCM,11/14/2018 10:10:00 AM,18.02,18.02,17.83,17.83,700,0
BCM,11/15/2018 9:10:00 AM,18.37,18.37,17.1,17.28,34900,0
BCM,11/16/2018 10:10:00 AM,17.28,18.2,17.28,18.2,12900,0
BCM,11/21/2018 11:20:00 AM,18.11,18.2,18.11,18.2,8000,0
BCM,11/22/2018 1:30:00 PM,17.64,18.2,17.64,18.2,11100,0
BCM,11/28/2018 2:55:00 PM,19.11,19.11,19.11,19.11,1000,0
BCM,11/29/2018 10:55:00 AM,18.45,19.64,18.45,19.64,15100,0
BCM,11/30/2018 9:50:00 AM,20.01,20.01,19.21,20.01,11000,0
BCM,12/3/2018 10:10:00 AM,20.01,20.46,20.01,20.19,18300,0
BCM,12/4/2018 10:00:00 AM,20.46,20.46,18.55,20.46,31400,0
BCM,12/5/2018 2:45:00 PM,20.37,20.55,20.37,20.55,10000,0
BCM,12/6/2018 1:30:00 PM,19.21,20.46,18.74,20.46,33800,0
BCM,12/7/2018 2:45:00 PM,20.19,20.37,20.19,20.37,30700,0
BCM,12/10/2018 2:35:00 PM,20.46,20.46,20.46,20.46,10000,0
BCM,12/11/2018 9:00:00 AM,20.46,20.75,20.01,20.75,45300,0
BCM,12/12/2018 10:30:00 AM,20.65,20.92,20.46,20.92,31000,0
BCM,12/13/2018 9:20:00 AM,20.92,21.19,20.75,21.19,48700,0
BCM,12/14/2018 10:00:00 AM,21.02,21.37,20.92,21.37,45400,0
BCM,12/17/2018 10:00:00 AM,21.1,21.19,20.92,21.19,32400,0
BCM,12/18/2018 9:25:00 AM,19.21,21.29,19.21,21.29,42000,0
BCM,12/19/2018 9:45:00 AM,20.82,21.19,20.46,21.19,22200,0
BCM,12/20/2018 9:40:00 AM,21.02,21.29,20.46,21.29,41100,0
BCM,12/21/2018 9:30:00 AM,21.02,21.64,20.46,21.64,95200,0
BCM,12/24/2018 9:00:00 AM,21.37,21.46,20.46,21.46,85900,0
BCM,12/25/2018 9:50:00 AM,20.46,21.29,20.46,21.29,33500,0
BCM,12/26/2018 9:45:00 AM,20.92,21.84,20.92,21.84,109800,0
BCM,12/27/2018 9:05:00 AM,21.84,22.56,21.46,22.56,151700,0
BCM,12/28/2018 9:00:00 AM,21.37,22.74,21.1,22.02,1104800,0
BCM,1/2/2019 9:00:00 AM,22.38,22.38,20.46,21.84,32500,0
BCM,1/3/2019 9:00:00 AM,20.92,20.92,20.01,20.82,11300,0
BCM,1/4/2019 2:45:00 PM,20.65,20.65,20.65,20.65,4700,0
BCM,1/7/2019 1:15:00 PM,19.11,20.65,18.11,20.55,222600,0
BCM,1/10/2019 10:45:00 AM,19.11,20.82,19.11,20.82,3500,0
BCM,1/11/2019 9:20:00 AM,18.2,20.65,18.2,20.65,2200,0
BCM,1/14/2019 9:55:00 AM,20.01,20.37,19.11,20.37,3800,0
BCM,1/16/2019 2:30:00 PM,19.11,20.37,19.11,20.37,2100,0
BCM,1/17/2019 9:35:00 AM,19.83,20.28,19.83,20.28,2000,0
BCM,1/18/2019 11:20:00 AM,18.93,20.37,18.93,20.37,1300,0
BCM,1/21/2019 9:10:00 AM,21.02,21.02,19.56,20.01,4400,0
BCM,1/22/2019 11:20:00 AM,20.75,20.75,20.75,20.75,1100,0
BCM,1/23/2019 10:10:00 AM,19.56,20.46,19.56,20.46,3100,0
BCM,1/24/2019 10:55:00 AM,20.37,20.65,19.56,20.65,1400,0
BCM,1/25/2019 1:10:00 PM,20.01,20.11,20.01,20.11,4400,0
BCM,1/29/2019 11:20:00 AM,20.01,20.46,19.93,20.46,3500,0
BCM,1/31/2019 9:50:00 AM,20.01,20.92,20.01,20.92,1100,0
BCM,2/12/2019 9:00:00 AM,21.37,22.66,20.46,20.92,10300,0
BCM,2/13/2019 1:20:00 PM,20.55,21.46,20.55,21.46,16200,0
BCM,2/14/2019 10:15:00 AM,20.92,21.19,20.01,21.19,21300,0
BCM,2/18/2019 10:10:00 AM,21.01,21.86,20.82,21.57,29100,0
BCM,2/19/2019 9:00:00 AM,21.57,23.08,21.57,22.13,51200,0
BCM,2/20/2019 10:05:00 AM,22.33,22.61,22.33,22.33,6200,0
BCM,2/22/2019 11:10:00 AM,22.23,22.61,22.23,22.61,1900,0
BCM,2/25/2019 9:50:00 AM,22.13,22.61,22.13,22.33,7800,0
BCM,2/26/2019 9:00:00 AM,23.27,24.49,22.51,23.55,302800,0
BCM,2/27/2019 9:10:00 AM,24.58,24.58,24.01,24.01,200400,0
BCM,2/28/2019 10:25:00 AM,24.49,24.68,24.01,24.01,3800,0
BCM,3/1/2019 9:10:00 AM,23.55,24.4,23.55,24.4,6800,0
BCM,3/4/2019 9:15:00 AM,23.55,24.49,23.08,24.31,24800,0
BCM,3/5/2019 10:05:00 AM,23.55,24.01,23.55,24.01,2500,0
BCM,3/6/2019 9:35:00 AM,23.55,23.74,23.27,23.36,3800,0
BCM,3/7/2019 1:35:00 PM,23.74,23.74,23.45,23.45,3600,0
BCM,3/8/2019 10:00:00 AM,23.74,23.92,23.74,23.92,900,0
BCM,3/12/2019 10:25:00 AM,23.55,23.84,23.17,23.84,4100,0
BCM,3/13/2019 1:10:00 PM,22.41,22.98,22.33,22.33,7900,0
BCM,3/14/2019 9:05:00 AM,22.33,23.92,22.04,22.41,14000,0
BCM,3/15/2019 2:25:00 PM,22.61,22.61,22.61,22.61,400,0
BCM,3/18/2019 9:10:00 AM,22.98,22.98,22.7,22.7,2700,0
BCM,3/19/2019 9:45:00 AM,22.61,22.61,22.61,22.61,2100,0
BCM,3/20/2019 9:05:00 AM,22.51,23.45,22.13,23.36,14500,0
BCM,3/21/2019 9:00:00 AM,22.7,23.45,22.7,22.79,8900,0
BCM,3/22/2019 9:25:00 AM,23.84,23.84,22.23,23.08,44600,0
BCM,3/25/2019 9:35:00 AM,23.08,23.36,22.23,22.23,8900,0
BCM,3/26/2019 9:30:00 AM,23.08,23.08,23.08,23.08,9000,0
BCM,3/27/2019 9:25:00 AM,23.08,23.55,22.61,23.08,17200,0
BCM,3/28/2019 9:50:00 AM,23.45,23.92,23.08,23.92,37300,0
BCM,3/29/2019 9:15:00 AM,23.92,24.96,23.55,24.96,35300,0
BCM,4/1/2019 9:00:00 AM,24.96,24.96,24.21,24.21,25200,0
BCM,4/2/2019 10:30:00 AM,24.4,24.68,24.21,24.4,29600,0
BCM,4/3/2019 1:40:00 PM,23.55,23.55,23.55,23.55,8100,0
BCM,4/4/2019 9:05:00 AM,22.61,24.01,22.61,24.01,700,0
BCM,4/8/2019 10:00:00 AM,22.7,22.7,22.7,22.7,7000,0
BCM,4/10/2019 9:55:00 AM,22.61,22.7,22.61,22.61,2600,0
BCM,4/11/2019 9:15:00 AM,22.61,22.61,22.33,22.33,6000,0
BCM,4/12/2019 1:45:00 PM,23.17,23.17,22.13,22.13,1100,0
BCM,4/18/2019 2:30:00 PM,22.13,22.13,22.13,22.13,300,0
BCM,4/19/2019 9:40:00 AM,22.23,22.23,21.86,21.86,10000,0
BCM,4/22/2019 9:40:00 AM,21.76,22.98,21.01,22.98,12000,0
BCM,4/23/2019 10:10:00 AM,20.34,22.23,20.16,22.23,30800,0
BCM,4/24/2019 9:40:00 AM,21.66,22.13,21.29,22.13,15700,0
BCM,4/25/2019 9:20:00 AM,22.41,22.61,22.13,22.61,23300,0
BCM,4/26/2019 10:10:00 AM,22.51,22.7,22.13,22.7,12200,0
BCM,5/2/2019 10:35:00 AM,21.96,22.61,21.96,22.61,3200,0
BCM,5/6/2019 9:40:00 AM,22.13,22.13,21.66,21.66,11200,0
BCM,5/7/2019 9:35:00 AM,21.66,21.66,21.47,21.47,5900,0
BCM,5/8/2019 9:15:00 AM,20.73,20.73,20.53,20.73,11100,0
BCM,5/9/2019 9:40:00 AM,20.73,20.73,20.63,20.63,2300,0
BCM,5/10/2019 9:00:00 AM,20.53,20.82,20.53,20.82,1100,0
BCM,5/13/2019 9:20:00 AM,20.73,21.29,20.73,21.29,2600,0
BCM,5/14/2019 9:05:00 AM,20.91,20.91,20.91,20.91,4100,0
BCM,5/15/2019 9:15:00 AM,20.82,21.29,20.82,20.91,25800,0
BCM,5/17/2019 9:50:00 AM,20.91,21.87,20.63,20.63,6900,0
BCM,5/20/2019 9:50:00 AM,21.39,21.39,20.53,20.53,2100,0
BCM,5/21/2019 9:30:00 AM,20.63,21.87,20.63,21.87,11800,0
BCM,5/22/2019 9:55:00 AM,21.87,22.05,21.67,21.87,7000,0
BCM,5/23/2019 9:15:00 AM,21.87,21.87,20.43,21.87,74300,0
BCM,5/27/2019 1:00:00 PM,20.91,21.77,20.91,21.77,11300,0
BCM,5/28/2019 10:40:00 AM,21.01,21.87,21.01,21.87,15400,0
BCM,5/29/2019 9:50:00 AM,21.58,21.77,21.29,21.58,7800,0
BCM,5/30/2019 9:35:00 AM,21.58,21.97,21.39,21.97,54500,0
BCM,5/31/2019 9:05:00 AM,21.87,22.63,21.58,22.14,25200,0
BCM,6/3/2019 9:10:00 AM,21.77,21.87,21.67,21.67,400,0
BCM,6/4/2019 9:05:00 AM,21.87,21.87,21.67,21.67,7000,0
BCM,6/5/2019 9:30:00 AM,21.58,21.58,21.1,21.1,3100,0
BCM,6/6/2019 9:05:00 AM,21.29,21.29,21.1,21.1,4200,0
BCM,6/7/2019 9:05:00 AM,20.91,21.87,20.91,21.87,26200,0
BCM,6/10/2019 10:20:00 AM,21.87,23.29,21.87,22.72,49200,0
BCM,6/11/2019 9:25:00 AM,22.91,25.48,22.91,24.72,463500,0
BCM,6/12/2019 9:00:00 AM,24.81,26.14,24.72,25.38,176900,0
BCM,6/13/2019 9:00:00 AM,25.48,25.48,24.72,25,117900,0
BCM,6/14/2019 9:00:00 AM,24.9,24.9,23.77,23.87,159400,0
BCM,6/17/2019 9:20:00 AM,24.14,24.14,23.48,23.77,20000,0
BCM,6/18/2019 9:35:00 AM,24.24,24.24,22.81,23.19,112200,0
BCM,6/19/2019 9:05:00 AM,23.77,24.24,23,23.77,20600,0
BCM,6/20/2019 9:05:00 AM,24.24,24.53,23.57,24.34,37400,0
BCM,6/21/2019 9:00:00 AM,24.24,25.38,23.87,24.81,54800,0
BCM,6/24/2019 9:00:00 AM,24.34,24.34,23.77,24.14,63400,0
BCM,6/25/2019 10:25:00 AM,24.14,24.14,23.67,23.67,15100,0
BCM,6/26/2019 1:10:00 PM,23.77,23.87,23.77,23.77,72900,0
BCM,6/27/2019 10:45:00 AM,23.87,23.87,22.98,23.77,3200,0
BCM,6/28/2019 9:20:00 AM,23.87,24.25,23.47,24.25,22500,0
BCM,7/1/2019 9:15:00 AM,23.87,24.15,23.47,23.77,13200,0
BCM,7/2/2019 9:00:00 AM,23.47,23.87,22.89,23.37,129900,0
BCM,7/3/2019 9:05:00 AM,23.57,23.57,23.08,23.08,17000,0
BCM,7/4/2019 9:05:00 AM,25.13,25.13,23.57,24.15,12800,0
BCM,7/5/2019 9:00:00 AM,24.55,24.55,23.47,23.87,39100,0
BCM,7/8/2019 9:05:00 AM,24.25,24.25,23.37,23.37,22200,0
BCM,7/9/2019 9:00:00 AM,23.67,24.35,23.18,23.18,32400,0
BCM,7/10/2019 9:25:00 AM,23.87,24.25,23.77,24.15,86200,0
BCM,7/11/2019 9:00:00 AM,24.15,24.55,24.15,24.15,85700,0
BCM,7/12/2019 9:00:00 AM,25.32,25.32,23.67,24.05,53100,0
BCM,7/15/2019 9:05:00 AM,24.45,26.2,24.35,25.62,118000,0
BCM,7/16/2019 9:00:00 AM,25.42,26.2,25.03,25.22,85900,0
BCM,7/17/2019 9:00:00 AM,25.32,26.4,25.03,26.3,181900,0
BCM,7/18/2019 9:05:00 AM,26.59,26.69,26,26.3,69400,0
BCM,7/19/2019 9:00:00 AM,26.3,27.75,26.3,27.47,296900,0
BCM,7/22/2019 9:00:00 AM,28.44,28.54,27.57,27.66,162100,0
BCM,7/23/2019 9:20:00 AM,27.75,27.75,27.47,27.75,55900,0
BCM,7/24/2019 9:00:00 AM,27.27,28.54,27.27,28.15,140800,0
BCM,7/25/2019 9:05:00 AM,27.95,28.54,27.57,28.15,75600,0
BCM,7/26/2019 9:15:00 AM,28.25,28.25,27.75,27.75,41500,0
BCM,7/29/2019 9:30:00 AM,27.27,27.37,26.1,26.88,108900,0
BCM,7/30/2019 10:20:00 AM,26.78,27.27,26.3,26.59,103400,0
BCM,7/31/2019 9:00:00 AM,27.17,27.27,26.78,27.27,64200,0
BCM,8/1/2019 9:00:00 AM,27.07,27.75,26.3,27.75,152900,0
BCM,8/2/2019 9:00:00 AM,27.75,30.68,27.07,29.7,366000,0
BCM,8/5/2019 9:00:00 AM,29.7,33.12,29.7,32.14,410300,0
BCM,8/6/2019 9:00:00 AM,31.95,35.07,31.17,34.09,443400,0
BCM,8/7/2019 9:00:00 AM,33.89,34.67,31.65,32.82,237100,0
BCM,8/8/2019 9:00:00 AM,32.82,33.22,31.27,32.04,267200,0
BCM,8/9/2019 9:00:00 AM,31.85,33.12,31.85,32.14,256500,0
BCM,8/12/2019 9:00:00 AM,32.14,32.34,31.55,31.85,121500,0
BCM,8/13/2019 9:00:00 AM,31.65,31.75,28.83,30.58,259200,0
BCM,8/14/2019 9:00:00 AM,30.58,31.17,29.8,30,115500,0
BCM,8/15/2019 9:05:00 AM,28.25,31.17,27.27,30.77,145400,0
BCM,8/16/2019 9:00:00 AM,30.68,31.95,30.19,31.17,133300,0
BCM,8/19/2019 9:00:00 AM,31.17,31.37,30.48,30.97,60600,0
BCM,8/20/2019 9:00:00 AM,31.17,33.4,30.87,32.62,188300,0
BCM,8/21/2019 9:00:00 AM,32.53,34.09,31.95,32.34,191500,0
BCM,8/22/2019 9:00:00 AM,31.65,31.95,30.87,31.17,152400,0
BCM,8/23/2019 9:10:00 AM,31.17,32.04,31.07,31.45,75900,0
BCM,8/26/2019 9:00:00 AM,31.65,33.02,31.65,32.43,146300,0
BCM,8/27/2019 9:15:00 AM,32.53,32.72,31.95,32.62,125700,0
BCM,8/28/2019 9:00:00 AM,32.62,32.62,32.04,32.62,101200,0
BCM,8/29/2019 9:00:00 AM,32.43,34.87,32.14,33.99,615400,0
BCM,8/30/2019 9:00:00 AM,33.99,34.67,33.6,33.6,309100,0
BCM,9/3/2019 9:00:00 AM,33.6,33.6,30.19,32.24,213000,0
BCM,9/4/2019 9:00:00 AM,31.17,31.65,28.25,31.65,309800,0
BCM,9/5/2019 9:00:00 AM,31.07,31.95,30.97,31.55,90300,0
BCM,9/6/2019 9:30:00 AM,31.17,31.45,30.58,31.45,83900,0
BCM,9/9/2019 9:00:00 AM,31.17,31.17,29.7,31.07,68000,0
BCM,9/10/2019 9:10:00 AM,30.97,31.37,29.19,30.97,185900,0
BCM,9/11/2019 9:30:00 AM,29.78,30.97,29.68,29.78,80500,0
BCM,9/12/2019 9:20:00 AM,30.38,30.97,29.78,30.67,45800,0
BCM,9/13/2019 9:05:00 AM,30.67,31.07,30.28,30.67,53200,0
BCM,9/16/2019 9:00:00 AM,30.67,30.67,30.08,30.67,105600,0
BCM,9/17/2019 9:30:00 AM,29.88,30.67,29.88,30.67,68200,0
BCM,9/18/2019 9:00:00 AM,30.67,31.56,30.38,30.57,23900,0
BCM,9/19/2019 9:20:00 AM,30.87,30.87,30.08,30.87,39000,0
BCM,9/20/2019 9:10:00 AM,30.18,31.37,30.18,31.27,72100,0
BCM,9/23/2019 9:30:00 AM,31.07,31.86,31.07,31.27,29100,0
BCM,9/24/2019 9:15:00 AM,31.46,31.66,30.87,31.66,66400,0
BCM,9/25/2019 9:40:00 AM,31.17,31.37,31.07,31.37,11900,0
BCM,9/26/2019 9:15:00 AM,31.17,31.27,30.77,31.27,26800,0
BCM,9/27/2019 9:15:00 AM,31.17,31.17,30.47,31.17,65100,0
BCM,9/30/2019 9:15:00 AM,30.67,30.87,30.18,30.87,58300,0
BCM,10/1/2019 9:45:00 AM,30.67,30.87,30.47,30.77,26800,0
BCM,10/2/2019 9:20:00 AM,30.47,30.57,30.28,30.57,34700,0
BCM,10/3/2019 9:00:00 AM,30.18,31.07,29.88,30.77,56600,0
BCM,10/4/2019 9:00:00 AM,30.87,30.87,30.18,30.67,37000,0
BCM,10/7/2019 9:15:00 AM,30.18,30.67,30.18,30.67,17100,0
BCM,10/8/2019 9:45:00 AM,30.47,30.47,29.88,30.47,38000,0
BCM,10/9/2019 9:35:00 AM,30.18,30.18,29.88,30.18,39900,0
BCM,10/10/2019 9:25:00 AM,29.88,30.18,29.39,29.98,59900,0
BCM,10/11/2019 9:20:00 AM,29.88,30.18,29.88,29.88,14900,0
BCM,10/14/2019 9:30:00 AM,29.78,29.98,29.19,29.88,48700,0
BCM,10/15/2019 9:25:00 AM,29.58,29.68,28.99,29.68,34100,0
BCM,10/16/2019 9:25:00 AM,29.19,29.29,29.19,29.29,62300,0
BCM,10/17/2019 9:30:00 AM,29.58,29.88,29.29,29.49,42000,0
BCM,10/18/2019 9:35:00 AM,29.58,29.78,29.49,29.78,44400,0
BCM,10/21/2019 9:05:00 AM,29.88,31.07,29.88,30.67,70800,0
BCM,10/22/2019 9:10:00 AM,30.67,30.97,30.38,30.67,14500,0
BCM,10/23/2019 9:10:00 AM,30.87,30.87,30.08,30.57,32900,0
BCM,10/24/2019 9:20:00 AM,29.68,30.47,29.68,30.47,38700,0
BCM,10/25/2019 9:00:00 AM,29.68,30.18,29.49,30.18,58600,0
BCM,10/28/2019 9:15:00 AM,29.49,29.68,28.69,29.68,97700,0
BCM,10/29/2019 9:55:00 AM,29.58,30.18,29.09,30.18,30600,0
BCM,10/30/2019 10:35:00 AM,29.98,30.08,29.98,30.08,2100,0
BCM,10/31/2019 9:20:00 AM,29.78,30.18,29.39,30.18,34000,0
BCM,11/1/2019 9:55:00 AM,29.68,29.98,29.49,29.98,14700,0
BCM,11/4/2019 9:20:00 AM,29.58,29.68,28.99,29.68,55300,0
BCM,11/5/2019 9:00:00 AM,29.68,29.68,28.89,29.29,26900,0
BCM,11/6/2019 9:35:00 AM,29.19,29.19,28.59,29.09,76200,0
BCM,11/7/2019 9:05:00 AM,28.89,29.19,28.69,28.99,27300,0
BCM,11/8/2019 10:15:00 AM,28.69,28.99,28.4,28.99,33700,0
BCM,11/11/2019 9:25:00 AM,28.99,28.99,28.2,28.79,21800,0
BCM,11/12/2019 9:00:00 AM,28.89,28.89,28.3,28.59,59000,0
BCM,11/13/2019 10:00:00 AM,28.3,28.4,27.7,28.4,68000,0
BCM,11/14/2019 1:00:00 PM,27.9,28.3,27.9,28.3,6700,0
BCM,11/15/2019 9:15:00 AM,27.9,28.2,27.51,28,44900,0
BCM,11/18/2019 9:25:00 AM,27.8,27.8,27.31,27.7,19800,0
BCM,11/19/2019 9:15:00 AM,27.51,27.7,27.51,27.61,6400,0
BCM,11/20/2019 9:50:00 AM,27.61,27.7,27.51,27.7,15800,0
BCM,11/21/2019 9:15:00 AM,27.61,28,27.61,27.9,18000,0
BCM,11/22/2019 9:05:00 AM,28.1,29.68,27.9,27.9,93700,0
BCM,11/25/2019 9:00:00 AM,27.9,29.09,27.9,28.59,10500,0
BCM,11/26/2019 10:25:00 AM,28.59,28.59,27.7,28.5,22800,0
BCM,11/27/2019 10:20:00 AM,28.2,28.2,27.7,28.2,31800,0
BCM,11/28/2019 10:15:00 AM,27.7,28,25.82,28,91000,0
BCM,11/29/2019 10:00:00 AM,27.51,27.51,27.01,27.01,2100,0
BCM,12/2/2019 9:45:00 AM,27.01,27.7,26.72,27.61,29300,0
BCM,12/3/2019 10:50:00 AM,27.11,27.7,27.11,27.61,7700,0
BCM,12/4/2019 9:00:00 AM,27.61,28,27.21,28,13800,0
BCM,12/5/2019 9:05:00 AM,28,28,27.41,28,7400,0
BCM,12/6/2019 11:20:00 AM,27.8,28.5,27.61,28.2,3100,0
BCM,12/9/2019 1:25:00 PM,27.7,28.3,27.7,28.3,7100,0
BCM,12/10/2019 9:30:00 AM,28,28.2,27.31,28.2,24600,0
BCM,12/11/2019 9:00:00 AM,27.8,28,27.31,28,40400,0
BCM,12/12/2019 9:00:00 AM,27.7,28,27.51,28,25900,0
BCM,12/13/2019 10:05:00 AM,27.7,28,27.7,28,4100,0
BCM,12/16/2019 9:00:00 AM,27.7,28.69,27.21,28.59,109400,0
BCM,12/17/2019 9:00:00 AM,28.69,28.69,27.7,28.69,47800,0
BCM,12/18/2019 9:05:00 AM,27.9,28.99,27.8,28.99,53000,0
BCM,12/19/2019 9:00:00 AM,28.3,29.19,28.2,29.19,48900,0
BCM,12/20/2019 10:25:00 AM,28.59,29.68,28.59,29.68,27900,0
BCM,12/23/2019 9:45:00 AM,29.39,29.68,29.39,29.68,13800,0
BCM,12/24/2019 9:20:00 AM,29.58,29.68,28.89,29.68,36000,0
BCM,12/25/2019 10:50:00 AM,29.49,29.49,29.29,29.29,700,0
BCM,12/26/2019 9:15:00 AM,29.29,29.68,29.19,29.68,33000,0
BCM,12/27/2019 9:40:00 AM,29.49,29.68,29.19,29.68,39400,0
BCM,12/30/2019 9:00:00 AM,29.68,29.78,29.29,29.68,36700,0
BCM,12/31/2019 11:05:00 AM,29.19,29.78,29.09,29.78,23800,0
BCM,1/2/2020 2:20:00 PM,29.39,29.39,29.39,29.39,1000,0
BCM,1/3/2020 1:30:00 PM,28.99,28.99,28.99,28.99,1600,0
BCM,1/6/2020 9:35:00 AM,28.69,28.69,28.4,28.4,2700,0
BCM,1/7/2020 9:00:00 AM,28.69,28.69,27.9,27.9,4100,0
BCM,1/8/2020 9:00:00 AM,27.7,27.9,27.7,27.7,8100,0
BCM,1/9/2020 11:25:00 AM,27.51,27.7,27.51,27.51,15600,0
BCM,1/10/2020 9:35:00 AM,27.61,27.61,27.21,27.21,9100,0
BCM,1/13/2020 9:00:00 AM,27.51,28.59,27.51,28.4,12200,0
BCM,1/14/2020 10:30:00 AM,28,28.1,28,28.1,1100,0
BCM,1/15/2020 9:30:00 AM,27.7,28.59,27.7,28.5,5300,0
BCM,1/16/2020 10:35:00 AM,28.59,28.59,28.59,28.59,300,0
BCM,1/17/2020 9:50:00 AM,28.5,28.89,27.9,28.79,8200,0
BCM,1/20/2020 9:55:00 AM,27.9,28.99,27.9,28.99,9000,0
BCM,1/22/2020 1:30:00 PM,28.69,28.89,28.69,28.89,200,0
BCM,1/30/2020 9:45:00 AM,26.91,28.79,26.91,28.59,25800,0
BCM,1/31/2020 9:00:00 AM,28.79,28.79,27.41,27.7,4800,0
BCM,2/3/2020 9:10:00 AM,26.72,26.72,23.45,24.24,15600,0
BCM,2/4/2020 9:15:00 AM,26.42,26.42,24.34,24.74,19200,0
BCM,2/5/2020 9:25:00 AM,25.13,27.51,23.65,26.72,3800,0
BCM,2/6/2020 9:50:00 AM,25.92,26.22,25.92,26.22,14200,0
BCM,2/7/2020 9:30:00 AM,26.62,26.62,26.62,26.62,100,0
BCM,2/10/2020 10:00:00 AM,25.23,26.12,25.23,25.92,14200,0
BCM,2/11/2020 9:25:00 AM,24.74,25.92,24.74,25.23,12800,0
BCM,2/12/2020 9:05:00 AM,26.22,26.62,25.73,25.82,33300,0
BCM,2/13/2020 9:15:00 AM,27.51,27.51,25.73,25.73,11700,0
BCM,2/14/2020 9:35:00 AM,25.92,26.62,25.23,25.73,16500,0
BCM,2/17/2020 10:10:00 AM,26.72,26.72,25.73,25.73,4300,0
BCM,2/18/2020 9:35:00 AM,25.73,25.92,25.43,25.43,7100,0
BCM,2/19/2020 9:15:00 AM,26.12,26.81,25.73,26.81,24400,0
BCM,2/20/2020 9:00:00 AM,25.73,26.72,25.73,26.72,17200,0
BCM,2/21/2020 1:20:00 PM,26.12,26.22,26.02,26.22,2600,0
BCM,2/24/2020 9:00:00 AM,25.73,26.02,24.74,24.74,65600,0
BCM,2/25/2020 9:45:00 AM,24.74,24.74,23.75,24.14,8000,0
BCM,2/26/2020 9:15:00 AM,24.34,25.53,24.14,24.14,8200,0
BCM,2/28/2020 9:05:00 AM,24.04,24.74,23.94,24.74,53500,0
BCM,3/2/2020 1:55:00 PM,25.33,25.33,25.33,25.33,100,0
BCM,3/3/2020 9:25:00 AM,25.03,25.63,24.74,24.74,2600,0
BCM,3/4/2020 10:15:00 AM,24.74,24.93,24.34,24.34,3500,0
BCM,3/5/2020 9:20:00 AM,24.84,24.84,24.84,24.84,400,0
BCM,3/6/2020 9:00:00 AM,24.84,24.84,24.84,24.84,300,0
BCM,3/9/2020 9:35:00 AM,23.75,23.94,20.88,20.98,14600,0
BCM,3/10/2020 9:30:00 AM,21.27,25.13,21.27,24.64,5600,0
BCM,3/11/2020 10:40:00 AM,23.75,23.75,22.26,22.26,4300,0
BCM,3/12/2020 9:30:00 AM,20.78,21.08,20.38,21.08,11900,0
BCM,3/13/2020 9:30:00 AM,20.68,20.68,19.39,19.69,27800,0
BCM,3/16/2020 9:50:00 AM,19.79,20.78,19.59,20.78,2900,0
BCM,3/17/2020 9:00:00 AM,21.67,21.67,19.29,21.08,3700,0
BCM,3/18/2020 9:50:00 AM,21.37,21.37,20.09,20.98,1800,0
BCM,3/19/2020 9:40:00 AM,19.99,19.99,18.8,18.8,11000,0
BCM,3/20/2020 9:25:00 AM,20.38,20.38,18.4,18.4,18600,0
BCM,3/23/2020 10:10:00 AM,18.3,18.3,16.42,16.82,14300,0
BCM,3/24/2020 9:40:00 AM,17.22,18.11,15.83,15.93,17700,0
BCM,3/25/2020 9:25:00 AM,17.81,17.81,17.61,17.71,5500,0
BCM,3/26/2020 9:15:00 AM,17.61,18.21,17.32,17.81,1100,0
BCM,3/27/2020 9:05:00 AM,17.81,17.81,17.02,17.81,900,0
BCM,3/30/2020 10:30:00 AM,15.34,17.22,15.34,16.82,6300,0
BCM,3/31/2020 9:20:00 AM,16.23,16.82,15.83,16.42,5700,0
BCM,4/1/2020 10:15:00 AM,16.72,16.82,16.33,16.82,5000,0
BCM,4/3/2020 9:15:00 AM,17.32,17.81,17.12,17.81,9300,0
BCM,4/6/2020 9:00:00 AM,18.01,19.89,18.01,18.8,17200,0
BCM,4/7/2020 9:05:00 AM,19.59,19.79,18.8,18.8,15400,0
BCM,4/8/2020 9:20:00 AM,19.29,19.29,18.8,18.8,6800,0
BCM,4/9/2020 9:55:00 AM,18.8,18.8,18.8,18.8,6900,0
BCM,4/10/2020 9:10:00 AM,19.29,19.29,18.6,18.6,2900,0
BCM,4/13/2020 9:10:00 AM,18.3,20.38,18.3,18.8,900,0
BCM,4/14/2020 9:00:00 AM,18.8,18.8,18.21,18.21,42200,0
BCM,4/15/2020 10:00:00 AM,18.8,19,18.8,18.9,117300,0
BCM,4/16/2020 9:00:00 AM,20.28,21.67,19.1,21.27,143200,0
BCM,4/17/2020 9:05:00 AM,21.27,23.94,21.27,23.75,46900,0
BCM,4/20/2020 9:15:00 AM,22.76,22.76,21.77,22.56,73500,0
BCM,4/21/2020 9:25:00 AM,21.27,22.26,19.39,20.28,46900,0
BCM,4/22/2020 9:20:00 AM,20.28,22.06,19.89,20.68,42800,0
BCM,4/23/2020 9:10:00 AM,21.97,21.97,20.48,20.48,53200,0
BCM,4/24/2020 9:00:00 AM,20.68,21.57,19.79,21.57,40900,0
BCM,4/27/2020 9:30:00 AM,21.08,23.25,21.08,22.86,117400,0
BCM,4/28/2020 9:10:00 AM,22.86,23.55,22.76,23.35,121700,0
BCM,4/29/2020 9:00:00 AM,23.75,23.75,23.05,23.65,104600,0
BCM,5/4/2020 9:45:00 AM,22.76,23.25,22.46,23.25,73000,0
BCM,5/5/2020 9:15:00 AM,22.66,22.76,20.98,22.36,20700,0
BCM,5/6/2020 9:20:00 AM,22.06,22.56,22.06,22.36,76900,0
BCM,5/7/2020 9:30:00 AM,22.36,22.56,22.36,22.56,23200,0
BCM,5/8/2020 9:00:00 AM,23.65,23.65,22.76,22.76,87700,0
BCM,5/11/2020 9:00:00 AM,23.55,24.14,22.96,24.14,47200,0
BCM,5/12/2020 9:15:00 AM,23.55,23.75,23.35,23.65,17900,0
BCM,5/13/2020 9:00:00 AM,23.55,23.65,22.26,23.65,45200,0
BCM,5/14/2020 9:00:00 AM,23.65,23.65,23.05,23.15,17600,0
BCM,5/15/2020 9:05:00 AM,22.76,23.15,22.36,23.15,38200,0
BCM,5/18/2020 9:25:00 AM,22.36,22.76,22.26,22.66,12100,0
BCM,5/19/2020 9:25:00 AM,22.56,23.25,22.46,23.25,37600,0
BCM,5/20/2020 9:00:00 AM,23.25,23.25,22.76,23.25,19600,0
BCM,5/21/2020 9:00:00 AM,23.25,23.45,23.25,23.35,43000,0
BCM,5/22/2020 9:00:00 AM,23.25,23.35,23.15,23.25,35200,0
BCM,5/25/2020 9:10:00 AM,23.25,25.23,22.86,25.23,92600,0
BCM,5/26/2020 9:00:00 AM,25.23,27.51,25.23,26.72,53400,0
BCM,5/27/2020 9:00:00 AM,27.11,27.11,25.33,26.42,80000,0
BCM,5/28/2020 9:00:00 AM,26.42,26.42,24.74,26.22,38700,0
BCM,5/29/2020 9:00:00 AM,26.22,26.22,25.23,26.22,23200,0
BCM,6/1/2020 9:00:00 AM,26.22,27.21,26.22,26.62,46300,0
BCM,6/2/2020 9:00:00 AM,26.62,26.62,25.33,25.43,34300,0
BCM,6/3/2020 9:10:00 AM,25.43,26.52,25.43,26.02,11800,0
BCM,6/4/2020 9:00:00 AM,26.02,26.22,25.73,25.82,13800,0
BCM,6/5/2020 9:45:00 AM,25.73,25.92,25.63,25.92,24500,0
BCM,6/8/2020 9:00:00 AM,25.92,26.62,25.92,26.22,37700,0
BCM,6/9/2020 9:10:00 AM,26.42,26.42,26.22,26.32,26000,0
BCM,6/10/2020 9:05:00 AM,26.32,26.42,26.12,26.32,28700,0
BCM,6/11/2020 9:00:00 AM,26.52,28.1,26.52,26.52,66700,0
BCM,6/12/2020 9:20:00 AM,26.12,26.62,25.43,26.32,36300,0
BCM,6/15/2020 9:10:00 AM,26.32,26.32,24.64,24.74,15000,0
BCM,6/16/2020 9:05:00 AM,25.23,26.62,24.74,26.62,20000,0
BCM,6/17/2020 9:15:00 AM,25.33,25.33,25.33,25.33,6100,0
BCM,6/18/2020 9:05:00 AM,25.33,26.32,25.33,26.32,9500,0
BCM,6/19/2020 9:20:00 AM,25.92,26.42,25.92,26.22,6500,0
BCM,6/22/2020 9:20:00 AM,26.72,26.72,26.12,26.42,45700,0
BCM,6/23/2020 9:20:00 AM,26.42,26.62,26.32,26.62,89700,0
BCM,6/24/2020 9:20:00 AM,26.72,26.72,26.32,26.62,80200,0
BCM,6/25/2020 9:00:00 AM,26.52,26.62,25.73,26.62,66900,0
BCM,6/26/2020 10:25:00 AM,26.42,26.52,26.12,26.52,44000,0
BCM,6/29/2020 9:20:00 AM,23.25,26.32,23.25,26.02,68100,0
BCM,6/30/2020 9:30:00 AM,25.82,26.32,25.73,26.32,74400,0
BCM,7/1/2020 9:05:00 AM,26.52,26.52,25.73,26.32,15500,0
BCM,7/2/2020 1:20:00 PM,25.82,26.42,25.82,26.42,5200,0
BCM,7/3/2020 9:25:00 AM,26.42,26.42,26.12,26.42,7400,0
BCM,7/6/2020 9:45:00 AM,26.22,26.52,26.12,26.52,22300,0
BCM,7/7/2020 9:05:00 AM,26.22,26.52,25.73,26.52,21200,0
BCM,7/8/2020 9:00:00 AM,26.22,26.52,26.02,26.52,28700,0
BCM,7/9/2020 9:05:00 AM,25.92,26.72,25.92,26.62,11200,0
BCM,7/10/2020 9:20:00 AM,26.52,26.62,26.32,26.62,5600,0
BCM,7/13/2020 9:30:00 AM,26.32,26.52,25.92,26.52,7800,0
BCM,7/14/2020 9:40:00 AM,26.02,26.52,25.92,26.42,7500,0
BCM,7/15/2020 9:50:00 AM,26.22,26.22,26.12,26.22,21400,0
BCM,7/16/2020 9:20:00 AM,26.62,26.62,26.22,26.22,2800,0
BCM,7/17/2020 9:05:00 AM,26.32,26.32,26.12,26.22,8200,0
BCM,7/20/2020 9:10:00 AM,26.32,26.52,26.12,26.32,13800,0
BCM,7/21/2020 10:45:00 AM,26.22,26.32,26.22,26.32,4800,0
BCM,7/22/2020 9:55:00 AM,26.22,26.32,26.02,26.32,12000,0
BCM,7/23/2020 10:05:00 AM,26.02,26.32,25.92,26.32,9400,0
BCM,7/24/2020 10:10:00 AM,26.22,26.32,24.74,26.32,41900,0
BCM,7/27/2020 10:05:00 AM,23.94,25.92,23.75,25.82,16400,0
BCM,7/28/2020 9:20:00 AM,24.04,25.92,24.04,25.92,5300,0
BCM,7/29/2020 9:55:00 AM,23.94,25.73,23.85,25.73,10700,0
BCM,7/30/2020 2:35:00 PM,25.23,25.82,25.23,25.82,4900,0
BCM,7/31/2020 1:05:00 PM,24.24,25.82,24.24,25.82,28900,0
BCM,8/3/2020 9:20:00 AM,25.33,26.02,25.33,26.02,5000,0
BCM,8/4/2020 9:00:00 AM,26.22,28.89,26.22,28.69,73800,0
BCM,8/5/2020 9:00:00 AM,28.1,30.67,28.1,29.19,49700,0
BCM,8/6/2020 9:00:00 AM,29.29,29.39,28.69,28.69,26500,0
BCM,8/7/2020 9:00:00 AM,25.73,28.69,25.73,28.69,22700,0
BCM,8/10/2020 9:20:00 AM,28.69,30.67,28.69,29.78,132800,0
BCM,8/11/2020 9:10:00 AM,30.97,31.46,29.88,30.08,72600,0
BCM,8/12/2020 9:10:00 AM,30.67,30.67,29.68,29.68,27900,0
BCM,8/13/2020 9:10:00 AM,29.88,29.98,29.39,29.49,62200,0
BCM,8/14/2020 9:10:00 AM,29.58,29.58,28.89,28.99,53100,0
BCM,8/17/2020 9:00:00 AM,29.09,31.17,28.69,29.98,70200,0
BCM,8/18/2020 9:10:00 AM,30.18,30.47,29.98,29.98,34500,0
BCM,8/19/2020 9:20:00 AM,30.08,30.38,29.78,29.78,38400,0
BCM,8/31/2020 9:15:00 AM,33.25,33.25,33.25,33.25,211830,0
BCM,9/1/2020 9:15:00 AM,35.57,35.57,35.57,35.57,122920,0
BCM,9/3/2020 9:15:00 AM,38.04,38.04,38.04,38.04,70640,0
BCM,9/4/2020 9:15:00 AM,40.67,40.67,39.08,40.67,694060,0
BCM,9/7/2020 9:15:00 AM,43.49,43.49,43.44,43.49,163430,0
BCM,9/8/2020 9:15:00 AM,46.5,46.5,46.5,46.5,186490,0
BCM,9/9/2020 9:15:00 AM,49.67,49.67,43.54,47.94,448030,0
BCM,9/10/2020 9:15:00 AM,47.49,47.99,44.18,44.18,641810,0
BCM,9/11/2020 9:15:00 AM,43.54,44.53,41.46,41.51,173910,0
BCM,9/14/2020 9:15:00 AM,41.56,41.56,40.47,41.06,199500,0
BCM,9/15/2020 9:15:00 AM,41.56,43.54,41.56,42.84,94120,0
BCM,9/16/2020 9:15:00 AM,42.69,42.69,41.06,41.85,36240,0
BCM,9/17/2020 9:15:00 AM,41.46,41.66,41.06,41.36,65240,0
BCM,9/18/2020 9:15:00 AM,41.26,41.85,41.11,41.26,64100,0
BCM,9/21/2020 9:15:00 AM,41.06,41.46,40.57,40.77,82380,0
BCM,9/22/2020 9:15:00 AM,41.06,41.26,40.67,41.21,86670,0
BCM,9/23/2020 9:15:00 AM,41.21,41.21,40.67,40.77,64060,0
BCM,9/24/2020 9:15:00 AM,40.77,41.06,40.57,41.06,62670,0
BCM,9/25/2020 9:15:00 AM,40.67,40.67,38.59,40.27,70790,0
BCM,9/28/2020 9:15:00 AM,38.79,39.68,38.79,39.38,81980,0
BCM,9/29/2020 9:15:00 AM,40.37,40.37,39.18,40.17,29450,0
BCM,9/30/2020 9:15:00 AM,39.38,40.17,39.33,39.48,38100,0
BCM,10/1/2020 9:30:00 AM,39.58,39.58,39.33,39.48,33330,0
BCM,10/2/2020 9:15:00 AM,40.07,40.07,40.07,40.07,270,0
BCM,10/5/2020 9:15:00 AM,39.13,39.78,39.13,39.58,11660,0
BCM,10/6/2020 9:35:00 AM,39.58,39.87,39.48,39.63,10460,0
BCM,10/7/2020 9:15:00 AM,39.87,39.87,39.43,39.58,19770,0
BCM,10/8/2020 9:25:00 AM,39.73,39.73,39.48,39.48,5210,0
BCM,10/9/2020 9:30:00 AM,39.38,39.38,39.38,39.38,700,0
BCM,10/12/2020 9:25:00 AM,39.48,39.68,38.98,39.68,22920,0
BCM,10/13/2020 11:10:00 AM,38.79,38.79,38.59,38.59,5670,0
BCM,10/14/2020 10:05:00 AM,38.49,38.49,38.49,38.49,6000,0
BCM,10/15/2020 10:50:00 AM,38.59,38.59,38.59,38.59,10710,0
BCM,10/16/2020 11:25:00 AM,38.98,39.48,38.69,39.48,49260,0
BCM,10/19/2020 9:00:00 AM,39.48,39.48,39.48,39.48,0,0
BCM,10/21/2020 11:00:00 AM,38.64,39.38,38.64,39.08,10450,0
BCM,10/22/2020 10:00:00 AM,39.23,39.33,38.64,39.33,11080,0
BCM,10/23/2020 9:30:00 AM,39.48,39.48,38.64,39.38,19080,0
BCM,10/26/2020 9:30:00 AM,39.28,39.28,38.69,38.98,3450,0
BCM,10/27/2020 9:15:00 AM,39.38,39.38,38.69,38.69,6650,0
BCM,10/28/2020 9:15:00 AM,39.53,39.53,39.48,39.53,4100,0
BCM,10/29/2020 9:15:00 AM,40.07,40.07,39.08,39.08,13590,0
BCM,10/30/2020 9:15:00 AM,39.58,39.58,39.48,39.58,4110,0
BCM,11/2/2020 9:00:00 AM,40.07,40.07,40.07,40.07,0,0
BCM,11/3/2020 10:05:00 AM,38.89,38.89,38.89,38.89,780,0
BCM,11/4/2020 9:15:00 AM,39.38,39.38,39.03,39.38,3170,0
BCM,11/5/2020 11:05:00 AM,39.08,39.08,39.08,39.08,330,0
BCM,11/6/2020 9:35:00 AM,39.18,39.18,38.89,39.08,4110,0
BCM,11/9/2020 9:15:00 AM,38.98,39.18,38.98,39.08,4690,0
BCM,11/10/2020 9:30:00 AM,39.38,39.38,39.38,39.38,510,0
BCM,11/11/2020 9:15:00 AM,39.38,39.38,38.89,38.89,12820,0
BCM,11/12/2020 9:30:00 AM,39.18,39.18,38.79,38.79,2760,0
BCM,11/16/2020 9:15:00 AM,38.59,38.59,38.09,38.19,14180,0
BCM,11/17/2020 9:15:00 AM,38.19,38.29,37.99,38.19,14480,0
BCM,11/18/2020 9:15:00 AM,38.09,38.09,37.6,37.6,14400,0
BCM,11/19/2020 9:25:00 AM,38.09,38.09,37.8,37.8,11220,0
BCM,11/20/2020 9:15:00 AM,37.8,37.9,37.6,37.6,24650,0
BCM,11/23/2020 9:20:00 AM,37.9,37.9,37.5,37.5,19890,0
BCM,11/24/2020 9:15:00 AM,37.6,37.8,37.5,37.5,14950,0
BCM,11/25/2020 9:15:00 AM,38,38,37.3,37.5,14100,0
BCM,11/26/2020 9:15:00 AM,37.6,40.1,37.6,40.1,450360,0
BCM,11/27/2020 9:15:00 AM,42.9,42.9,42.8,42.9,325560,0
BCM,11/30/2020 9:15:00 AM,44.5,45.5,43.5,43.9,68690,0
BCM,12/1/2020 9:15:00 AM,40.8,42.9,40.8,42,180430,0
BCM,12/3/2020 9:15:00 AM,40.2,42.9,39.8,41.8,74580,0
BCM,12/4/2020 9:15:00 AM,41.6,41.6,40.5,40.75,19710,0
BCM,12/7/2020 9:19:49 AM,41,41,40.2,40.9,72410,0
BCM,12/8/2020 9:15:24 AM,40.7,40.7,40,40,70830,0
BCM,12/9/2020 9:19:33 AM,40,40.1,39.75,39.85,81940,0
BCM,12/10/2020 9:18:13 AM,39.85,41,39.85,40.9,65380,0
BCM,12/11/2020 9:15:15 AM,40.5,40.5,40,40.2,62380,0
BCM,12/14/2020 9:15:30 AM,39.9,40.5,39.8,40.5,70140,0
BCM,12/15/2020 9:23:47 AM,39.9,42.8,39.9,41.15,141460,0
BCM,12/16/2020 9:15:25 AM,41.95,42.1,41.2,41.2,77520,0
BCM,12/17/2020 9:15:36 AM,41.2,41.8,40.6,41,64770,0
BCM,12/18/2020 9:15:29 AM,41,41,40.1,40.9,74280,0
BCM,12/21/2020 9:15:32 AM,41,41.95,40.85,40.9,208290,0
BCM,12/22/2020 9:15:11 AM,40.9,40.9,40.5,40.9,86580,0
BCM,12/23/2020 9:15:30 AM,40.8,43.75,40.7,42.8,415280,0
BCM,12/24/2020 9:15:40 AM,43.2,44.5,40.5,42.5,73930,0
BCM,12/25/2020 9:15:11 AM,42.5,42.8,41.15,42.4,113980,0
BCM,12/28/2020 9:15:39 AM,42.8,42.8,41.7,41.85,196300,0
BCM,12/29/2020 9:15:38 AM,42,42,41.3,41.6,77380,0
BCM,12/30/2020 9:15:43 AM,41.6,41.65,40.6,41.2,56330,0
BCM,12/31/2020 9:15:37 AM,40.5,41.5,40.5,41.2,47260,0
BCM,1/4/2021 9:17:16 AM,41.2,44,40.95,43,211900,0
BCM,1/5/2021 9:15:18 AM,43,43.1,42.2,42.7,106000,0
BCM,1/6/2021 9:15:20 AM,43,45.1,43,44.6,277300,0
BCM,1/7/2021 9:15:15 AM,44,44.5,43.8,44,86300,0
BCM,1/8/2021 9:15:54 AM,44,47.05,42.5,47.05,276300,0
BCM,1/11/2021 9:15:23 AM,50.3,50.3,50.3,50.3,71700,0
BCM,1/12/2021 9:15:21 AM,53.8,53.8,50.5,52.1,380100,0
BCM,1/13/2021 9:15:25 AM,52.1,53.6,49,51.1,301800,0
BCM,1/14/2021 9:15:22 AM,51,52.1,50.3,52,98400,0
BCM,1/15/2021 9:15:34 AM,52.1,52.2,49.9,51.7,150700,0
BCM,1/18/2021 9:15:40 AM,52,54.8,52,53.6,129500,0
BCM,1/19/2021 9:15:32 AM,55.5,55.5,49.85,51.9,169100,0
BCM,1/20/2021 9:15:30 AM,49.85,51.8,48.3,51.8,129000,0
BCM,1/21/2021 9:15:28 AM,52,53,50,53,121100,0
BCM,1/22/2021 9:20:29 AM,51.1,56.7,51.1,56.7,383000,0
BCM,1/25/2021 9:15:33 AM,59.9,60.6,58,58,388000,0
BCM,1/26/2021 9:15:19 AM,58,59,55,57.9,185500,0
BCM,1/27/2021 9:15:14 AM,57.9,60.1,56,58,205000,0
BCM,1/28/2021 9:15:26 AM,54,59.9,54,54,446900,0
BCM,1/29/2021 9:15:19 AM,50.3,57,50.3,56,90300,0
BCM,2/1/2021 9:15:30 AM,52.5,55.5,52.5,54,357200,0
BCM,2/2/2021 9:15:18 AM,52,55,52,55,97100,0
BCM,2/3/2021 9:15:25 AM,55,57,53,56.5,138800,0
BCM,2/4/2021 9:24:21 AM,53.5,56,53.5,56,22300,0
BCM,2/5/2021 9:15:15 AM,56,59,54,58.7,178800,0
BCM,2/8/2021 9:15:27 AM,58.7,58.7,54.6,55.9,84500,0
BCM,2/9/2021 9:18:25 AM,55.9,57,53.7,57,36400,0
BCM,2/17/2021 9:15:36 AM,57,58.5,56,58.5,55800,0
BCM,2/18/2021 9:15:30 AM,59,59.9,57.5,59.8,117000,0
BCM,2/19/2021 9:15:37 AM,60,61,59,60.7,91900,0
BCM,2/22/2021 9:15:31 AM,61,61.3,60.5,61,95100,0
BCM,2/23/2021 9:27:15 AM,60.9,61,59,61,49300,0
BCM,2/24/2021 9:15:14 AM,61,61,58.5,59,37600,0
BCM,2/25/2021 9:15:11 AM,58.5,59,58,58.5,57400,0
BCM,2/26/2021 9:15:15 AM,57,58.4,56.5,57.5,39200,0
BCM,3/1/2021 9:15:18 AM,57.5,58.5,57.4,57.5,57900,0
BCM,3/2/2021 9:15:15 AM,57.5,57.9,57.4,57.9,30500,0
BCM,3/3/2021 9:15:12 AM,57.3,61,57.1,61,113000,0
BCM,3/4/2021 9:15:21 AM,61,61,58.5,58.5,26600,0
BCM,3/5/2021 9:19:39 AM,58.2,58.5,57,58.2,15300,0
BCM,3/8/2021 9:23:52 AM,60.4,60.4,57,58,45100,0
BCM,3/9/2021 9:15:29 AM,58,58.2,57.8,57.9,67400,0
BCM,3/10/2021 9:19:53 AM,57,58.9,57,58.9,7600,0
BCM,3/11/2021 9:21:39 AM,58.9,59.3,57.6,59,45700,0
BCM,3/12/2021 9:15:27 AM,59,59,57.7,57.7,17900,0
BCM,3/15/2021 9:15:29 AM,58.5,58.5,57.7,58.3,3100,0
BCM,3/16/2021 9:15:40 AM,58.3,58.3,57.3,57.3,24000,0
BCM,3/17/2021 9:15:33 AM,57,58,57,57.5,17700,0
BCM,3/18/2021 9:15:31 AM,58,58,57,57.9,11100,0
BCM,3/19/2021 9:31:01 AM,57.9,57.9,56.9,57.9,20500,0
BCM,3/22/2021 9:15:42 AM,57.7,57.8,55.5,57.8,14400,0
BCM,3/23/2021 9:15:41 AM,57.8,57.8,56.2,57.4,25300,0
BCM,3/24/2021 9:15:51 AM,57.4,57.4,55,55,9000,0
BCM,3/25/2021 9:15:44 AM,55,56.5,55,55.8,20100,0
BCM,3/26/2021 9:15:49 AM,54.6,57,54.6,56.9,41200,0
BCM,3/29/2021 9:25:12 AM,58,58,56,57.5,9100,0
BCM,3/30/2021 9:22:20 AM,56,57.8,56,57.8,23700,0
BCM,3/31/2021 9:26:35 AM,57.8,57.8,56.2,57.5,3300,0
BCM,4/1/2021 9:15:14 AM,58,58,57.4,57.4,96100,0
BCM,4/2/2021 9:15:19 AM,58,58,57,57.4,10600,0
BCM,4/5/2021 9:16:04 AM,57.4,57.4,56,57.4,11800,0
BCM,4/6/2021 9:15:21 AM,56,57.5,56,57.5,28400,0
BCM,4/7/2021 9:28:45 AM,57.5,57.5,56,57,22200,0
BCM,4/8/2021 9:27:44 AM,57,57.5,56,57.4,2700,0
BCM,4/9/2021 9:15:17 AM,57.4,57.4,56.2,57.1,2400,0
BCM,4/12/2021 9:15:14 AM,56.1,57,56,56.3,33500,0
BCM,4/13/2021 9:24:02 AM,56.2,56.3,55.7,56.3,36400,0
BCM,4/14/2021 10:02:03 AM,56,56.3,55.9,56.3,36600,0
BCM,4/15/2021 9:15:20 AM,56.9,56.9,52.5,52.5,61000,0
BCM,4/16/2021 9:15:22 AM,56.1,56.1,55.5,56.1,36800,0
BCM,4/19/2021 9:39:14 AM,56.1,56.9,56.1,56.9,6900,0
BCM,4/20/2021 9:15:27 AM,56.9,56.9,56,56.9,32600,0
BCM,4/22/2021 9:15:17 AM,56.8,56.8,56,56,20100,0
BCM,4/23/2021 9:15:21 AM,52.4,56,52.4,56,13400,0
BCM,4/26/2021 9:15:21 AM,56,56,55.5,56,15000,0
BCM,4/27/2021 9:17:29 AM,56,56,55,56,17000,0
BCM,4/28/2021 9:20:58 AM,56,56,55,56,10500,0
BCM,4/29/2021 9:15:15 AM,56,56,54.1,56,54700,0
BCM,5/4/2021 9:15:30 AM,55,56,53,56,71800,0
BCM,5/5/2021 9:15:13 AM,56,56.5,55.5,56.2,43000,0
BCM,5/6/2021 9:24:11 AM,55.5,56.2,53.9,56.2,117800,0
BCM,5/7/2021 9:15:19 AM,56,56,54.1,55.8,60100,0
BCM,5/10/2021 9:41:26 AM,53.5,55,51.9,55,162000,0
BCM,5/11/2021 9:16:10 AM,54.5,54.7,53.1,54.7,105800,0
BCM,5/12/2021 9:23:20 AM,54,54.7,53.2,54.7,77600,0
BCM,5/13/2021 9:15:23 AM,54.1,54.5,53.7,54.5,114400,0
BCM,5/14/2021 9:15:20 AM,54.5,54.5,53.7,54.4,21800,0
BCM,5/17/2021 9:23:52 AM,53.5,54,53.1,54,44600,0
BCM,5/18/2021 9:17:34 AM,53.3,54,53.1,54,23600,0
BCM,5/19/2021 10:00:28 AM,53.9,54,53,53.9,19800,0
BCM,5/20/2021 9:15:23 AM,53.9,53.9,52.3,53.5,65400,0
BCM,5/21/2021 9:15:33 AM,53,53,51.7,52.7,34600,0
BCM,5/24/2021 9:15:16 AM,53,55.4,53,55.4,41600,0
BCM,5/25/2021 9:18:18 AM,55,55.9,54.5,55.4,21000,0
BCM,5/26/2021 9:15:14 AM,53.1,55.4,53.1,55.4,13900,0
BCM,5/27/2021 9:39:30 AM,53.2,55.3,53.2,53.5,3200,0
BCM,5/28/2021 9:19:31 AM,53,54,53,54,3900,0
BCM,5/31/2021 10:28:13 AM,52.6,53,52.6,53,8700,0
BCM,6/1/2021 9:15:28 AM,52.4,52.6,49.3,52.6,17300,0
BCM,6/2/2021 9:19:37 AM,50,53.8,50,52,56300,0
BCM,6/3/2021 9:22:45 AM,50.8,52,50.8,52,14200,0
BCM,6/4/2021 9:15:32 AM,52,52,51,52,10800,0
BCM,6/7/2021 9:16:05 AM,52,52,51,51.2,13100,0
BCM,6/8/2021 9:15:26 AM,52,52,51,51.1,23400,0
BCM,6/9/2021 9:15:40 AM,51.1,51.1,49.9,50.2,22000,0
BCM,6/10/2021 9:15:31 AM,50.2,51,50.2,50.2,8700,0
BCM,6/11/2021 9:31:43 AM,50.2,52,50,52,34600,0
BCM,6/14/2021 9:19:07 AM,52,53,51.9,53,11600,0
BCM,6/15/2021 9:15:28 AM,53,55,53,55,66600,0
BCM,6/16/2021 9:15:32 AM,55,55,54,54.9,16500,0
BCM,6/17/2021 9:46:50 AM,54,55,53.7,55,19600,0
BCM,6/18/2021 9:15:54 AM,55.3,55.3,54.3,55,24600,0
BCM,6/21/2021 9:15:29 AM,52.9,54.9,52.9,54.5,37500,0
BCM,6/22/2021 9:15:12 AM,54.5,54.8,53,54.8,18200,0
BCM,6/23/2021 11:09:20 AM,54,54.6,54,54.6,8800,0
BCM,6/24/2021 9:15:16 AM,54.6,54.6,53,54.6,26300,0
BCM,6/25/2021 9:44:17 AM,54,54.6,53.1,54.6,19800,0
BCM,6/28/2021 9:48:46 AM,53.2,54.6,53.1,54.4,41400,0
BCM,6/29/2021 9:21:26 AM,54.4,54.4,53.4,54.4,17700,0
BCM,6/30/2021 9:15:27 AM,53.5,54.4,53.3,54.4,30400,0
BCM,7/1/2021 9:38:46 AM,53.5,54.2,53.4,54.2,15900,0
BCM,7/2/2021 9:15:21 AM,53.4,54.1,53.2,54,18800,0
BCM,7/5/2021 9:17:17 AM,53.2,54,53.1,54,10200,0
BCM,7/6/2021 9:15:02 AM,53.3,53.9,53,53.9,12200,0
BCM,7/7/2021 10:27:37 AM,51,53.7,51,53.7,12100,0
BCM,7/8/2021 9:25:09 AM,53,53.7,53,53.7,11700,0
BCM,7/9/2021 10:00:30 AM,53.6,53.6,53.5,53.5,1500,0
BCM,7/12/2021 9:28:42 AM,50.6,50.6,50.5,50.5,12300,0
BCM,7/13/2021 9:47:00 AM,50.5,52.3,48,52.3,47300,0
BCM,7/14/2021 9:15:05 AM,48.65,49,48.65,48.65,83700,0
BCM,7/15/2021 9:15:01 AM,45.25,45.25,45.25,45.25,27400,0
BCM,7/16/2021 9:15:00 AM,42.1,45,42.1,43.1,315600,0
BCM,7/19/2021 9:15:05 AM,42,42.9,40.7,40.7,50200,0
BCM,7/20/2021 9:15:01 AM,40.1,40.1,39,40.1,88300,0
BCM,7/21/2021 9:15:03 AM,38.5,40.4,38.5,39.2,87100,0
BCM,7/22/2021 9:15:03 AM,39.85,41.5,38.6,41.5,77300,0
BCM,7/23/2021 9:15:01 AM,42.4,43,41.5,41.65,101700,0
BCM,7/26/2021 9:15:02 AM,40.3,41.2,40,41,48200,0
BCM,7/27/2021 9:15:03 AM,41.9,41.9,41,41.2,52900,0
BCM,7/28/2021 9:15:02 AM,40.95,40.95,40.2,40.55,30000,0
BCM,7/29/2021 9:15:03 AM,40.5,41.5,40.5,41.5,229600,0
BCM,7/30/2021 9:15:02 AM,41.6,41.9,41.1,41.8,65200,0
BCM,8/2/2021 9:15:01 AM,42,42,41.8,41.8,44500,0
BCM,8/3/2021 9:15:02 AM,41.85,42.1,41.6,41.8,141600,0
BCM,8/4/2021 9:15:05 AM,41.9,41.9,41.5,41.7,32900,0
BCM,8/5/2021 9:15:01 AM,41.6,41.9,40.7,41.8,170600,0
BCM,8/6/2021 9:19:04 AM,41.9,44.7,41,44.7,205800,0
BCM,8/9/2021 9:15:01 AM,45,47,45,46.8,176300,0
BCM,8/10/2021 9:15:01 AM,46.7,46.7,45.2,45.85,65000,0
BCM,8/11/2021 9:15:02 AM,45.25,45.8,44.5,44.5,127900,0
BCM,8/12/2021 9:15:02 AM,44,45.9,43,45,68300,0
BCM,8/13/2021 9:15:01 AM,45,45.5,43.9,44.1,88200,0
BCM,8/16/2021 9:15:07 AM,44.9,45.4,44.1,44.5,109200,0
BCM,8/17/2021 9:15:02 AM,44.6,44.65,44.2,44.5,95400,0
BCM,8/18/2021 9:15:01 AM,43.6,45,43.6,45,116100,0
BCM,8/19/2021 9:15:38 AM,45,45.6,44.35,45.5,67700,0
BCM,8/20/2021 9:15:03 AM,45.5,45.85,44,45.5,145600,0
BCM,8/23/2021 9:15:02 AM,43.7,44.95,43.7,44.95,71700,0
BCM,8/24/2021 9:15:02 AM,44,44.5,43.6,44.5,49800,0
BCM,8/25/2021 9:44:18 AM,44,44.5,43.7,44.5,41400,0
BCM,8/26/2021 9:33:04 AM,43.7,44.5,43.7,44.4,41500,0
BCM,8/27/2021 9:31:02 AM,44.3,44.3,43.5,43.8,20700,0
BCM,8/30/2021 9:15:05 AM,44.95,44.95,44.05,44.5,78700,0
BCM,8/31/2021 9:20:35 AM,44.5,47.5,44,46.9,328400,0
BCM,9/1/2021 9:15:02 AM,47,48.2,46.8,48,299200,0
BCM,9/6/2021 9:15:01 AM,48,49,47.4,48.5,187300,0
BCM,9/7/2021 9:15:01 AM,48.45,48.45,47,48,248900,0
BCM,9/8/2021 9:15:05 AM,47.1,49,47.1,48.7,217300,0
BCM,9/9/2021 9:15:04 AM,48.7,48.7,47,48.6,377300,0
BCM,9/10/2021 9:15:02 AM,48.5,48.6,47.4,48.35,381900,0
BCM,9/13/2021 9:15:05 AM,48.35,48.5,47.55,48.5,177200,0
BCM,9/14/2021 9:15:07 AM,48.5,48.5,47.55,48.5,378800,0
BCM,9/15/2021 9:19:00 AM,48.4,48.4,47.6,48,126700,0
BCM,9/16/2021 9:15:36 AM,48,48,47.45,48,109700,0
BCM,9/17/2021 10:29:24 AM,47.5,47.75,46.3,47.75,249500,0
BCM,9/20/2021 9:15:03 AM,47,47.5,46.5,46.7,96400,0
BCM,9/21/2021 9:15:01 AM,46.7,46.7,44.05,45.2,127400,0
BCM,9/22/2021 9:18:10 AM,45.85,46,45,45.4,47500,0
BCM,9/23/2021 9:15:02 AM,45.5,47,45.5,45.5,108900,0
BCM,9/24/2021 9:15:01 AM,45.55,45.55,45,45.5,37700,0
BCM,9/27/2021 9:15:06 AM,45.5,46,44.7,45,37600,0
BCM,9/28/2021 9:15:01 AM,45,45,44,44.2,99500,0
BCM,9/29/2021 9:16:46 AM,45.75,45.75,44.2,44.4,19700,0
BCM,9/30/2021 9:15:03 AM,44.2,45,44.2,44.6,36900,0
BCM,10/1/2021 9:21:48 AM,45.2,45.25,43.9,44,45500,0
BCM,10/4/2021 9:18:36 AM,45,45,44.1,44.5,42000,0
BCM,10/5/2021 9:15:05 AM,44.5,44.8,44.35,44.4,28400,0
BCM,10/6/2021 9:15:06 AM,44.5,44.6,44.25,44.4,84800,0
BCM,10/7/2021 9:15:03 AM,44.6,45.7,44.3,45,142900,0
BCM,10/8/2021 9:15:02 AM,45,45.1,44.5,44.95,52200,0
BCM,10/11/2021 9:15:03 AM,44.95,44.95,44.55,44.55,57100,0
BCM,10/12/2021 9:15:01 AM,44.55,45,44.3,44.7,101100,0
BCM,10/13/2021 9:15:02 AM,44.7,46.7,44.7,46.5,329500,0
BCM,10/14/2021 9:15:01 AM,46.3,46.3,45.8,45.9,138500,0
BCM,10/15/2021 9:17:12 AM,45.9,45.9,45,45.25,83000,0
BCM,10/18/2021 9:15:04 AM,45.2,45.25,44.6,44.6,189800,0
BCM,10/19/2021 9:15:01 AM,44.6,44.9,44,44.55,85800,0
BCM,10/20/2021 9:15:06 AM,44.55,46,44.25,44.8,291200,0
BCM,10/21/2021 9:23:34 AM,44.9,45.45,44.8,45,116800,0
BCM,10/22/2021 9:15:01 AM,45.2,46.2,45.2,46.15,616200,0
BCM,10/25/2021 9:15:02 AM,47.2,48.5,47,47.7,1082400,0
BCM,10/26/2021 9:15:04 AM,48,48.2,47.4,47.5,315700,0
BCM,10/27/2021 9:15:04 AM,47.95,50.8,47,50,1049000,0
BCM,10/28/2021 9:15:04 AM,50.5,53.4,50.2,53.3,834300,0
BCM,10/29/2021 9:15:02 AM,53.5,53.5,51.9,53,504600,0
BCM,11/1/2021 9:15:07 AM,53.1,53.1,51.5,52.1,685400,0
BCM,11/2/2021 9:15:03 AM,51.8,55,51.8,53.7,1102700,0
BCM,11/3/2021 9:15:04 AM,53.9,55,51.8,53,837700,0
BCM,11/4/2021 9:15:02 AM,52.5,53,51.3,52.9,350500,0
BCM,11/5/2021 9:15:05 AM,52.5,54.2,52.5,54,589700,0
BCM,11/8/2021 9:15:02 AM,54.5,57,54.3,56,714300,0
BCM,11/9/2021 9:15:06 AM,56,57,55.5,56,373900,0
BCM,11/10/2021 9:15:06 AM,56.3,56.3,54.2,54.2,602600,0
BCM,11/11/2021 9:15:04 AM,54.5,56,53.9,54.1,1151700,0
BCM,11/12/2021 9:15:03 AM,54.6,56,54.2,54.7,836600,0
BCM,11/15/2021 9:26:12 AM,55.3,55.6,54.5,55.2,635000,0
BCM,11/16/2021 9:15:07 AM,54,58.5,53.1,56.4,1137500,0
BCM,11/17/2021 9:15:01 AM,56.4,59,55.9,59,844600,0
BCM,11/18/2021 9:15:01 AM,59.4,61,59.2,59.2,754700,0
BCM,11/19/2021 9:15:01 AM,59,59.5,56.5,57,644400,0
BCM,11/22/2021 9:15:01 AM,57.1,57.2,53.2,53.9,641600,0
BCM,11/23/2021 9:15:01 AM,53.4,55,52.4,55,275800,0
BCM,11/24/2021 9:15:01 AM,55,55.1,53.5,54.1,280900,0
BCM,11/25/2021 9:15:02 AM,54.1,55.5,53.8,54.7,454000,0
BCM,11/26/2021 9:15:03 AM,55.7,55.7,54,54,568600,0
BCM,11/29/2021 9:15:02 AM,53,54,52.9,53.1,278900,0
BCM,11/30/2021 9:15:04 AM,53.5,54.9,53.1,53.7,401800,0
BCM,12/1/2021 9:15:02 AM,53.1,55.3,52.4,54.6,454900,0
BCM,12/2/2021 9:15:02 AM,54,54.5,52.5,53,263000,0
BCM,12/3/2021 9:15:01 AM,52.9,53.6,49.3,49.3,599800,0
BCM,12/6/2021 9:15:02 AM,50.2,50.5,47,49,515300,0
BCM,12/7/2021 9:15:03 AM,49.05,50.9,48.6,49.9,250400,0
BCM,12/8/2021 9:15:02 AM,49.63,51.41,49.53,49.73,342700,0
BCM,12/9/2021 9:15:02 AM,50.52,53.2,50.42,53.2,528200,0
BCM,12/10/2021 9:15:03 AM,55.6,55.6,53.4,53.8,661700,0
BCM,12/13/2021 9:15:04 AM,54,55.6,54,55.5,515000,0
BCM,12/14/2021 9:15:03 AM,57.5,59,57.1,58.9,1434300,0
BCM,12/15/2021 9:15:03 AM,59.2,63,59.2,63,1560800,0
BCM,12/16/2021 9:15:04 AM,64.1,67.4,64.1,67.3,1352600,0
BCM,12/17/2021 9:15:03 AM,67.3,69.9,65,67.9,1361400,0
BCM,12/20/2021 9:15:03 AM,67,69,64,68,814300,0
BCM,12/21/2021 9:15:03 AM,65.6,69.7,65.5,67.9,696100,0
BCM,12/22/2021 9:15:04 AM,66.1,69,65.7,68.3,740200,0
BCM,12/23/2021 9:15:03 AM,68.4,70,65,67.4,1343700,0
BCM,12/24/2021 9:15:03 AM,67,67,63.6,65.5,763200,0
BCM,12/27/2021 9:15:04 AM,65.5,66.5,63.6,65,549200,0
BCM,12/28/2021 9:15:09 AM,65,66.5,64.3,65.9,637800,0
BCM,12/29/2021 9:15:04 AM,65.7,66.5,64,64,290700,0
BCM,12/30/2021 9:15:04 AM,64,65,63.3,64,295800,0
BCM,12/31/2021 9:15:39 AM,63.8,64.2,62,64,264400,0
BCM,1/4/2022 9:15:07 AM,64.3,66,63.1,65.8,639300,0
BCM,1/5/2022 9:15:05 AM,66.5,68.8,65.7,66,1128300,0
BCM,1/6/2022 9:15:05 AM,65.9,70.6,65,70.6,1644200,0
BCM,1/7/2022 9:15:05 AM,71.6,75.5,71.6,75.5,1093200,0
BCM,1/10/2022 9:15:05 AM,76,80.7,70.3,70.3,1081700,0
BCM,1/11/2022 9:15:04 AM,73,75.2,72.8,75.2,1176500,0
BCM,1/12/2022 9:15:08 AM,75.2,80,71,79.9,1566000,0
BCM,1/13/2022 9:15:05 AM,80.8,80.8,74.4,77.9,942300,0
BCM,1/14/2022 9:15:05 AM,73.1,77.9,73.1,76,283800,0
BCM,1/17/2022 9:15:05 AM,76,77.5,70.7,70.7,798400,0
BCM,1/18/2022 9:15:05 AM,70.2,71,66,68,426900,0
BCM,1/19/2022 9:15:06 AM,67.5,72.7,67.5,72.7,567300,0
BCM,1/20/2022 9:15:05 AM,72.5,75.8,71,75.8,528300,0
BCM,1/21/2022 9:15:05 AM,76,76.6,72.5,75.3,601600,0
BCM,1/24/2022 9:15:05 AM,73.9,76.1,71,72,582100,0
BCM,1/25/2022 9:15:05 AM,72,77,68,77,1108600,0
BCM,1/26/2022 9:15:06 AM,77.2,80,75,77.2,720200,0
BCM,1/27/2022 9:15:06 AM,77,79.9,76,77.4,816800,0
BCM,1/28/2022 9:15:10 AM,76.5,79.4,75.5,79.2,569700,0
BCM,2/7/2022 9:15:06 AM,79.8,79.9,77.5,79.7,432400,0
BCM,2/8/2022 9:15:07 AM,78.5,82,78.1,81,595100,0
BCM,2/9/2022 9:15:06 AM,80,82.5,79,80.8,701200,0
BCM,2/10/2022 9:15:08 AM,81.8,81.8,79.9,80.8,389300,0
BCM,2/11/2022 9:15:54 AM,80.6,80.8,79,79.1,392600,0
BCM,2/14/2022 9:15:07 AM,75.9,79.8,75.9,78.9,506100,0
BCM,2/15/2022 9:15:10 AM,79,82.5,78.1,82,616200,0
BCM,2/16/2022 9:15:08 AM,81.6,82.7,81.4,81.8,145500,0
BCM,2/17/2022 9:15:07 AM,81.7,85,80.2,84.5,462400,0
BCM,2/18/2022 9:15:08 AM,83.6,85.9,82.4,83.7,418700,0
BCM,2/21/2022 9:15:08 AM,83.7,83.7,82.2,82.4,170000,0
BCM,2/22/2022 9:15:16 AM,80.9,82,79.5,81.7,260600,0
BCM,2/23/2022 9:15:07 AM,81.8,84.2,81.6,83.2,265900,0
BCM,2/24/2022 9:15:10 AM,83.2,83.2,80,82.9,319700,0
BCM,2/25/2022 9:15:11 AM,82.6,85,81.8,82.1,643700,0
BCM,2/28/2022 9:15:08 AM,81.3,83,78.5,79,481500,0
BCM,3/1/2022 9:15:09 AM,79,79.9,76.9,76.9,641300,0
BCM,3/2/2022 9:15:12 AM,76.5,79,74.9,78.5,590800,0
BCM,3/3/2022 9:15:08 AM,78,80.5,77.2,80,295700,0
BCM,3/4/2022 9:15:09 AM,78.5,80.4,77.9,78.9,232200,0
BCM,3/7/2022 9:15:12 AM,77,78.8,76.6,76.6,305300,0
BCM,3/8/2022 9:15:15 AM,76.1,76.5,73.8,74.8,650900,0
BCM,3/9/2022 9:15:09 AM,74.1,74.7,71.5,71.5,581700,0
BCM,3/10/2022 9:15:18 AM,72.2,74.5,72,73.4,244100,0
BCM,3/11/2022 9:15:10 AM,73.6,73.8,72.4,72.4,136300,0
BCM,3/14/2022 9:15:11 AM,71.6,72.2,68.1,70.7,411900,0
BCM,3/15/2022 9:15:16 AM,71.6,72.5,69,72.5,210400,0
BCM,3/16/2022 9:15:10 AM,72.6,74.4,72.5,74,207200,0
BCM,3/17/2022 9:15:10 AM,75,75.3,73.9,74,153800,0
BCM,3/18/2022 9:15:11 AM,74.9,76.7,74,76,307500,0
BCM,3/21/2022 9:15:11 AM,77,77.6,76.4,76.9,249300,0
BCM,3/22/2022 9:15:12 AM,76.8,76.8,75.4,75.8,158800,0
BCM,3/23/2022 9:15:16 AM,76.7,76.9,75.1,75.7,145300,0
BCM,3/24/2022 9:15:10 AM,75.7,75.7,74.2,74.6,149800,0
BCM,3/25/2022 9:15:11 AM,74.6,75.2,73.8,73.9,168800,0
BCM,3/28/2022 9:15:11 AM,72.5,73.3,72.4,72.5,136100,0
BCM,3/29/2022 9:15:15 AM,74.9,74.9,72,72,263900,0
BCM,3/30/2022 9:15:22 AM,72,73.5,71.5,72,154500,0
BCM,3/31/2022 9:15:12 AM,72,74.9,72,73.4,187900,0
BCM,4/1/2022 9:15:14 AM,73.5,74,72.3,72.5,195600,0
BCM,4/4/2022 9:15:13 AM,72.6,75,72.6,73.8,212600,0
BCM,4/5/2022 9:15:15 AM,74.9,76,74.3,74.3,361900,0
BCM,4/6/2022 9:15:12 AM,73.8,74.8,72.9,74.5,188000,0
BCM,4/7/2022 9:15:11 AM,74.9,74.9,72.6,72.6,195100,0
BCM,4/8/2022 9:15:12 AM,72.5,75.4,72.5,74,322100,0
BCM,4/12/2022 9:15:13 AM,74,75,72.5,74,264000,0
BCM,4/13/2022 9:15:13 AM,73.1,75.8,73.1,75.8,257800,0
BCM,4/14/2022 9:15:13 AM,76.3,76.8,75.4,76.8,380100,0
BCM,4/15/2022 9:15:13 AM,76.8,81,76.8,79,789800,0
BCM,4/18/2022 9:15:14 AM,79.1,81.3,78.1,79.8,558400,0
BCM,4/19/2022 9:15:13 AM,79.5,81.2,77.2,79.9,533700,0
BCM,4/20/2022 9:15:14 AM,76.6,78.1,76.1,76.5,424900,0
BCM,4/21/2022 9:15:14 AM,75,75.2,72.7,73,315400,0
BCM,4/22/2022 9:15:14 AM,73,77.9,68,75.5,717800,0
BCM,4/25/2022 9:16:00 AM,75.5,79.8,71.6,76.5,648900,0
BCM,4/26/2022 9:15:15 AM,76.4,79,74.2,78.3,489200,0
BCM,4/27/2022 9:15:14 AM,78,78.5,76.5,78.2,652900,0
BCM,4/28/2022 9:15:15 AM,79,83.6,78.7,83,1353600,0
BCM,4/29/2022 9:15:15 AM,83.2,88,83,85.9,392300,0
BCM,5/4/2022 9:15:17 AM,87.5,87.5,83.9,84,391600,0
BCM,5/5/2022 9:15:16 AM,84,87.8,78.2,86,993700,0
BCM,5/6/2022 9:15:15 AM,83.1,84,80.3,80.5,493100,0
BCM,5/9/2022 9:15:16 AM,78.3,80,74.9,74.9,532500,0
BCM,5/10/2022 9:15:16 AM,69.7,80.1,69.7,80.1,418500,0
BCM,5/11/2022 9:15:17 AM,80.4,84.7,76,84.7,511600,0
BCM,5/12/2022 9:15:18 AM,84.5,84.5,78.8,78.8,426300,0
BCM,5/13/2022 9:15:17 AM,78,78,73.3,73.3,318800,0
BCM,5/16/2022 9:15:17 AM,73.6,76.2,68.2,68.2,310100,0
BCM,5/17/2022 9:15:17 AM,65,71,65,70,390300,0
BCM,5/18/2022 9:15:19 AM,71,74.9,69,74.9,274400,0
BCM,5/19/2022 9:15:17 AM,70.1,78.1,70.1,75.8,363000,0
BCM,5/20/2022 9:15:18 AM,75.6,78,73.4,76,453800,0
BCM,5/23/2022 9:26:53 AM,75.9,75.9,71,71.1,226800,0
BCM,5/24/2022 9:15:19 AM,71.2,74,70,74,208500,0
BCM,5/25/2022 9:15:20 AM,74.9,75,72.3,74.6,288900,0
BCM,5/26/2022 9:15:19 AM,74.4,74.4,71.4,74.4,359400,0
BCM,5/27/2022 9:15:19 AM,73.5,74,72,73.5,327100,0
BCM,5/30/2022 9:15:19 AM,73.7,73.7,72,73,122400,0
BCM,5/31/2022 9:15:19 AM,72.7,75.7,72,73.1,462000,0
BCM,6/1/2022 9:15:20 AM,73.1,75.1,70,73.3,463200,0
BCM,6/2/2022 9:15:20 AM,75,75,72.1,72.1,234200,0
BCM,6/3/2022 9:15:19 AM,72.1,73.4,70.9,71.5,311000,0
BCM,6/6/2022 9:15:01 AM,71.5,71.8,69,69.3,438700,0
BCM,6/7/2022 9:15:01 AM,69,71.5,66.6,71.4,372600,0
BCM,6/8/2022 9:15:02 AM,71.9,72.4,70.8,72,239200,0
BCM,6/9/2022 9:15:02 AM,72.1,72.2,70.6,72,92000,0
BCM,6/10/2022 9:15:02 AM,70.6,73.9,70.6,71,308600,0
BCM,6/13/2022 9:15:02 AM,69.5,71,67.6,68,283400,0
BCM,6/14/2022 9:15:03 AM,67.5,70.1,66.2,68,225900,0
BCM,6/15/2022 9:18:18 AM,68,69,65.4,67.1,218800,0
BCM,6/16/2022 9:15:05 AM,68.7,69,67.5,69,138900,0
BCM,6/17/2022 9:15:02 AM,67.3,69.4,67,67.7,116900,0
BCM,6/20/2022 9:15:03 AM,67.9,68.4,65.1,65.1,123600,0
BCM,6/21/2022 9:15:03 AM,66.5,66.5,63,63.6,146500,0
BCM,6/22/2022 9:16:18 AM,65,65,61.8,62,142600,0
BCM,6/23/2022 9:15:04 AM,61.9,64.5,60.3,63.3,114100,0
BCM,6/24/2022 9:15:03 AM,64.5,64.5,62.2,62.3,36900,0
BCM,6/27/2022 9:15:04 AM,62.3,64,60.5,62.1,161400,0
BCM,6/28/2022 9:15:23 AM,62.1,63.8,61.5,63,101400,0
BCM,6/29/2022 9:15:04 AM,63,65.6,62.8,64.5,112500,0
BCM,6/30/2022 9:15:04 AM,64.5,67,62.5,67,238400,0
BCM,7/1/2022 9:15:06 AM,65.8,66.6,63,63.2,94100,0
BCM,7/4/2022 9:15:04 AM,63.5,64.5,63,63,26100,0
BCM,7/5/2022 9:17:37 AM,63,64,61,62,100200,0
BCM,7/6/2022 9:15:05 AM,60.5,62.6,59.3,59.3,134500,0
BCM,7/7/2022 9:22:13 AM,59.4,60.4,59,59.6,63800,0
BCM,7/8/2022 9:15:05 AM,60,61.2,58.5,58.9,126600,0
BCM,7/11/2022 9:15:05 AM,58.2,59.9,58.2,59.1,65800,0
BCM,7/12/2022 9:19:31 AM,59.6,61.7,59.2,61.4,125100,0
BCM,7/13/2022 9:15:06 AM,61.6,61.6,60.9,61,48100,0
BCM,7/14/2022 9:15:06 AM,61,63.8,60.8,63.6,131900,0
BCM,7/15/2022 9:15:06 AM,64.2,64.5,62,62.8,116800,0
BCM,7/18/2022 9:15:07 AM,63.8,63.8,62,62.9,63500,0
BCM,7/19/2022 9:15:37 AM,62.9,63.4,61,61.5,107600,0
BCM,7/20/2022 9:15:07 AM,62,63.6,61.3,63,114700,0
BCM,7/21/2022 9:15:07 AM,63,64,62.2,62.2,89100,0
BCM,7/22/2022 9:19:08 AM,62.2,66.5,62.2,66.5,468700,0
BCM,7/25/2022 9:15:07 AM,67.6,68.9,67,67.8,180700,0
BCM,7/26/2022 9:15:07 AM,67,68.5,67,68.5,116000,0
BCM,7/27/2022 9:15:08 AM,67.2,68.5,66.6,68.5,184000,0
BCM,7/28/2022 9:15:07 AM,69,71.9,68.1,71.9,434600,0
BCM,7/29/2022 9:15:08 AM,72.9,74.9,72.2,73.5,414800,0
BCM,8/1/2022 9:15:08 AM,73.9,76,73.4,75.4,222600,0
BCM,8/2/2022 9:15:11 AM,75.4,76,73.6,75.6,294400,0
BCM,8/3/2022 9:15:08 AM,74.1,77,74.1,74.8,274900,0
BCM,8/4/2022 9:15:08 AM,75.1,77,74.1,76.7,262500,0
BCM,8/5/2022 9:15:09 AM,78.5,78.5,76.7,78,214000,0
BCM,8/8/2022 9:15:09 AM,78,78.4,76.5,78.3,176600,0
BCM,8/9/2022 9:15:10 AM,77.9,78.8,77.2,78.3,130000,0
BCM,8/10/2022 9:15:09 AM,78.2,80.6,78,80,262700,0
BCM,8/11/2022 9:15:09 AM,80,80.7,78,79.5,202500,0
BCM,8/12/2022 9:15:10 AM,79.5,82,78.5,81,232200,0
BCM,8/15/2022 9:15:10 AM,81.2,81.2,78.6,80.4,183000,0
BCM,8/16/2022 9:15:10 AM,80.4,80.4,79,80,60400,0
BCM,8/17/2022 9:15:10 AM,79.9,81.5,78.9,81.5,412900,0
BCM,8/18/2022 9:15:11 AM,81.1,81.4,79,80.2,149500,0
BCM,8/19/2022 9:16:50 AM,80,81.5,79.5,80,145200,0
BCM,8/22/2022 9:15:13 AM,79,85.6,79,85.6,700100,0
BCM,8/23/2022 9:15:11 AM,86.8,89.9,86.2,89,210900,0
BCM,8/24/2022 9:15:10 AM,89,89.9,87,89,224500,0
BCM,8/25/2022 9:15:11 AM,89,93.2,89,90.6,124200,0
BCM,8/26/2022 9:15:11 AM,90.9,91,86.6,90.5,199100,0
BCM,8/29/2022 9:15:11 AM,87.8,89.5,85.3,89,234900,0
BCM,8/30/2022 9:15:11 AM,89,91.5,89,90.9,150100,0
BCM,8/31/2022 9:15:11 AM,90.9,92,89.6,92,207100,0
BCM,9/5/2022 9:15:12 AM,90.3,93,90.3,90.5,150700,0
BCM,9/6/2022 9:16:06 AM,90.8,90.8,88.9,88.9,175500,0
BCM,9/7/2022 9:15:12 AM,88.2,88.5,84,87.9,500400,0
BCM,9/8/2022 9:22:43 AM,88,88.7,86.5,88,114200,0
BCM,9/9/2022 9:17:00 AM,88,92,88,89.8,203400,0
BCM,9/12/2022 9:15:03 AM,90.3,91,89,90.1,141700,0
