JVC,12/19/2017 9:15:00 AM,4.3,4.4,4.05,4.4,1208110,0
JVC,12/20/2017 9:15:00 AM,4.4,4.7,4.3,4.6,2338700,0
JVC,12/21/2017 9:15:00 AM,4.6,4.74,4.54,4.54,822740,0
JVC,12/22/2017 9:15:00 AM,4.59,4.62,4.51,4.54,394340,0
JVC,12/25/2017 9:15:00 AM,4.58,4.58,4.3,4.3,599690,0
JVC,12/26/2017 9:15:00 AM,4.27,4.4,4.23,4.37,271900,0
JVC,12/27/2017 9:15:00 AM,4.3,4.4,4.24,4.25,404710,0
JVC,12/28/2017 9:15:00 AM,4.06,4.3,4.06,4.15,284910,0
JVC,12/29/2017 9:15:00 AM,4.12,4.28,4.1,4.11,409760,0
JVC,1/2/2018 9:15:00 AM,4.11,4.39,4.11,4.39,423530,0
JVC,1/3/2018 9:15:00 AM,4.69,4.69,4.6,4.69,2757740,0
JVC,1/4/2018 9:15:00 AM,4.84,5.01,4.8,5.01,2965730,0
JVC,1/5/2018 9:15:00 AM,5.3,5.36,5.11,5.36,4003030,0
JVC,1/8/2018 9:15:00 AM,5.72,5.73,5.7,5.73,3352780,0
JVC,1/9/2018 9:15:00 AM,6.13,6.13,5.73,6.13,5210990,0
JVC,1/10/2018 9:15:00 AM,6.3,6.39,5.8,6.06,3376180,0
JVC,1/11/2018 9:15:00 AM,6,6.09,5.64,5.64,2796160,0
JVC,1/12/2018 9:15:00 AM,5.26,5.55,5.25,5.25,4200450,0
JVC,1/15/2018 9:15:00 AM,5.2,5.61,5,5.54,1249300,0
JVC,1/16/2018 9:15:00 AM,5.54,5.65,5.36,5.39,580620,0
JVC,1/17/2018 9:15:00 AM,5.21,5.45,5.02,5.02,1160150,0
JVC,1/18/2018 9:15:00 AM,4.84,5.22,4.84,5.17,1119730,0
JVC,1/19/2018 9:15:00 AM,5.2,5.32,5,5.1,1021580,0
JVC,1/22/2018 9:15:00 AM,5.05,5.1,4.88,4.92,1179760,0
JVC,1/25/2018 9:10:00 AM,4.9,4.95,4.6,4.6,1366390,0
JVC,1/26/2018 9:15:00 AM,4.6,4.77,4.6,4.7,1307910,0
JVC,1/29/2018 9:15:00 AM,4.7,5.02,4.7,5.02,362770,0
JVC,1/30/2018 9:15:00 AM,5.37,5.37,5.05,5.25,2119460,0
JVC,1/31/2018 9:15:00 AM,5.3,5.33,4.99,5.03,934270,0
JVC,2/1/2018 9:15:00 AM,5,5.17,4.82,4.93,494220,0
JVC,2/2/2018 9:15:00 AM,4.82,5,4.7,4.88,931220,0
JVC,2/5/2018 9:15:00 AM,4.86,4.9,4.54,4.54,888820,0
JVC,2/6/2018 9:15:00 AM,4.23,4.8,4.23,4.69,2288510,0
JVC,2/7/2018 9:15:00 AM,4.69,4.99,4.69,4.88,517020,0
JVC,2/8/2018 9:15:00 AM,4.88,4.88,4.7,4.71,218070,0
JVC,2/9/2018 9:15:00 AM,4.6,4.8,4.55,4.7,608380,0
JVC,2/12/2018 9:15:00 AM,4.7,4.98,4.7,4.95,384780,0
JVC,2/13/2018 9:15:00 AM,5.1,5.21,5,5.1,900310,0
JVC,2/21/2018 9:15:00 AM,5.3,5.3,5,5.1,528860,0
JVC,2/22/2018 9:15:00 AM,5,5.13,4.95,4.95,706140,0
JVC,2/23/2018 9:15:00 AM,5.09,5.09,4.95,5,486230,0
JVC,2/26/2018 9:15:00 AM,5,5.08,4.85,4.9,653440,0
JVC,2/27/2018 9:15:00 AM,4.85,4.92,4.74,4.84,624520,0
JVC,2/28/2018 9:10:00 AM,4.7,4.84,4.68,4.75,878720,0
JVC,3/1/2018 9:15:00 AM,4.75,4.85,4.7,4.8,608060,0
JVC,3/2/2018 9:10:00 AM,4.76,4.8,4.73,4.74,479510,0
JVC,3/5/2018 9:15:00 AM,4.74,4.74,4.63,4.66,763950,0
JVC,3/6/2018 9:15:00 AM,4.65,4.7,4.63,4.67,408800,0
JVC,3/7/2018 9:15:00 AM,4.7,4.99,4.68,4.8,1068620,0
JVC,3/8/2018 9:15:00 AM,4.85,5.07,4.76,5.03,1101950,0
JVC,3/9/2018 9:15:00 AM,5,5.05,4.9,4.93,525790,0
JVC,3/12/2018 9:15:00 AM,4.98,4.98,4.81,4.81,389940,0
JVC,3/13/2018 9:10:00 AM,4.88,4.88,4.75,4.8,578720,0
JVC,3/14/2018 9:15:00 AM,4.8,4.83,4.78,4.83,435640,0
JVC,3/15/2018 9:10:00 AM,4.85,4.86,4.79,4.79,403940,0
JVC,3/16/2018 9:15:00 AM,4.79,4.85,4.79,4.83,495050,0
JVC,3/19/2018 9:15:00 AM,4.83,4.85,4.7,4.7,341720,0
JVC,3/20/2018 9:15:00 AM,4.7,4.79,4.7,4.75,412890,0
JVC,3/21/2018 9:15:00 AM,4.76,4.79,4.72,4.75,387280,0
JVC,3/22/2018 9:15:00 AM,4.78,4.79,4.73,4.74,249300,0
JVC,3/23/2018 9:15:00 AM,4.68,4.7,4.63,4.68,537210,0
JVC,3/26/2018 9:15:00 AM,4.74,4.76,4.66,4.69,254740,0
JVC,3/27/2018 9:15:00 AM,4.74,4.75,4.66,4.68,245730,0
JVC,3/28/2018 9:15:00 AM,4.64,4.69,4.6,4.6,321770,0
JVC,3/29/2018 9:15:00 AM,4.69,4.8,4.61,4.7,648410,0
JVC,3/30/2018 9:15:00 AM,4.65,4.7,4.65,4.69,191630,0
JVC,4/2/2018 9:15:00 AM,4.67,4.69,4.62,4.62,297350,0
JVC,4/3/2018 9:15:00 AM,4.62,4.64,4.5,4.52,671540,0
JVC,4/4/2018 9:10:00 AM,4.52,4.55,4.46,4.46,759750,0
JVC,4/5/2018 9:15:00 AM,4.46,4.52,4.38,4.5,502030,0
JVC,4/6/2018 9:15:00 AM,4.5,4.52,4.42,4.44,292900,0
JVC,4/9/2018 9:15:00 AM,4.5,4.59,4.34,4.58,678430,0
JVC,4/10/2018 9:15:00 AM,4.51,4.65,4.51,4.56,568150,0
JVC,4/11/2018 9:15:00 AM,4.5,4.58,4.4,4.42,347000,0
JVC,4/12/2018 9:15:00 AM,4.25,4.45,4.25,4.39,162480,0
JVC,4/13/2018 9:15:00 AM,4.41,4.55,4.35,4.37,261260,0
JVC,4/16/2018 9:15:00 AM,4.3,4.4,4.3,4.32,169920,0
JVC,4/17/2018 9:10:00 AM,4.34,4.38,4.23,4.23,356580,0
JVC,4/18/2018 9:15:00 AM,4.22,4.35,4.21,4.25,293130,0
JVC,4/19/2018 9:15:00 AM,4.29,4.29,3.98,4.13,214760,0
JVC,4/20/2018 9:15:00 AM,4.13,4.18,4.06,4.17,212080,0
JVC,4/23/2018 9:10:00 AM,4.23,4.23,4.06,4.08,187090,0
JVC,4/24/2018 9:10:00 AM,4.05,4.12,4,4.06,304060,0
JVC,4/26/2018 9:15:00 AM,4.08,4.2,4.05,4.06,253460,0
JVC,4/27/2018 9:15:00 AM,4.1,4.15,4.06,4.13,238390,0
JVC,5/2/2018 9:15:00 AM,4.18,4.19,4.05,4.09,201770,0
JVC,5/3/2018 9:15:00 AM,4.08,4.08,3.81,3.81,223950,0
JVC,5/4/2018 9:15:00 AM,3.8,3.94,3.58,3.58,280930,0
JVC,5/7/2018 9:15:00 AM,3.75,3.8,3.33,3.34,774370,0
JVC,5/8/2018 9:15:00 AM,3.34,3.57,3.32,3.57,280110,0
JVC,5/9/2018 9:15:00 AM,3.35,3.81,3.35,3.79,432860,0
JVC,5/10/2018 9:15:00 AM,3.8,4.05,3.8,4,521790,0
JVC,5/11/2018 9:15:00 AM,3.95,3.98,3.8,3.9,109570,0
JVC,5/14/2018 9:20:00 AM,3.9,3.9,3.7,3.78,198500,0
JVC,5/15/2018 9:15:00 AM,3.61,3.73,3.52,3.59,863460,0
JVC,5/16/2018 9:15:00 AM,3.6,3.6,3.4,3.43,321620,0
JVC,5/17/2018 9:15:00 AM,3.43,3.58,3.43,3.51,199380,0
JVC,5/18/2018 9:15:00 AM,3.45,3.53,3.41,3.47,189360,0
JVC,5/21/2018 9:15:00 AM,3.47,3.5,3.46,3.47,41580,0
JVC,5/22/2018 9:15:00 AM,3.5,3.5,3.25,3.35,231230,0
JVC,5/23/2018 9:15:00 AM,3.35,3.49,3.32,3.43,157340,0
JVC,5/24/2018 9:15:00 AM,3.45,3.45,3.33,3.35,69960,0
JVC,5/25/2018 9:15:00 AM,3.33,3.4,3.2,3.25,70880,0
JVC,5/28/2018 9:10:00 AM,3.25,3.25,3.05,3.05,358990,0
JVC,5/29/2018 9:15:00 AM,3.11,3.24,3.07,3.23,219040,0
JVC,5/30/2018 9:15:00 AM,3.25,3.25,3.1,3.12,138020,0
JVC,5/31/2018 9:15:00 AM,3.19,3.19,3.08,3.18,56080,0
JVC,6/1/2018 9:15:00 AM,3.18,3.25,3.12,3.23,128550,0
JVC,6/4/2018 9:15:00 AM,3.23,3.26,3.16,3.25,117070,0
JVC,6/5/2018 9:15:00 AM,3.29,3.38,3.23,3.38,229520,0
JVC,6/6/2018 9:15:00 AM,3.35,3.38,3.31,3.32,130420,0
JVC,6/7/2018 9:15:00 AM,3.49,3.49,3.32,3.4,129680,0
JVC,6/8/2018 9:15:00 AM,3.43,3.43,3.32,3.39,66550,0
JVC,6/11/2018 9:15:00 AM,3.39,3.39,3.32,3.32,43600,0
JVC,6/12/2018 9:15:00 AM,3.32,3.32,3.11,3.18,84110,0
JVC,6/13/2018 9:20:00 AM,3.31,3.31,3.15,3.26,57270,0
JVC,6/14/2018 9:45:00 AM,3.2,3.41,3.2,3.41,96310,0
JVC,6/15/2018 9:15:00 AM,3.41,3.64,3.4,3.64,5023640,0
JVC,6/18/2018 9:15:00 AM,3.88,3.88,3.5,3.68,464040,0
JVC,6/19/2018 9:15:00 AM,3.45,3.73,3.43,3.43,104780,0
JVC,6/20/2018 9:15:00 AM,3.45,3.56,3.45,3.49,131830,0
JVC,6/21/2018 9:15:00 AM,3.5,3.5,3.25,3.25,301160,0
JVC,6/22/2018 9:15:00 AM,3.25,3.38,3.25,3.25,116370,0
JVC,6/25/2018 9:15:00 AM,3.35,3.4,3.33,3.37,122460,0
JVC,6/26/2018 9:15:00 AM,3.3,3.35,3.23,3.32,116640,0
JVC,6/27/2018 9:15:00 AM,3.35,3.37,3.27,3.33,85290,0
JVC,6/28/2018 9:15:00 AM,3.28,3.35,3.26,3.26,60080,0
JVC,6/29/2018 9:15:00 AM,3.26,3.3,3.24,3.26,77480,0
JVC,7/2/2018 9:15:00 AM,3.2,3.33,3.12,3.13,102620,0
JVC,7/3/2018 9:15:00 AM,3.12,3.26,2.92,2.92,227430,0
JVC,7/4/2018 9:15:00 AM,3.04,3.04,2.92,2.98,115950,0
JVC,7/5/2018 9:15:00 AM,3.05,3.05,2.91,2.95,132850,0
JVC,7/6/2018 9:15:00 AM,2.95,3,2.9,3,99650,0
JVC,7/9/2018 9:15:00 AM,3,3.05,2.95,2.97,124320,0
JVC,7/10/2018 9:15:00 AM,2.92,3.02,2.92,3,79770,0
JVC,7/11/2018 9:15:00 AM,3.04,3.04,2.92,2.97,109640,0
JVC,7/12/2018 9:35:00 AM,2.95,3,2.95,2.97,26240,0
JVC,7/13/2018 9:20:00 AM,2.96,3,2.92,2.95,93020,0
JVC,7/16/2018 9:15:00 AM,2.95,3.08,2.95,3,120750,0
JVC,7/17/2018 9:15:00 AM,3.04,3.09,2.99,3.03,131090,0
JVC,7/18/2018 9:15:00 AM,3.01,3.19,3.01,3.18,157830,0
JVC,7/19/2018 9:15:00 AM,3.18,3.2,3.15,3.18,139520,0
JVC,7/20/2018 9:15:00 AM,3.24,3.24,3.17,3.22,179620,0
JVC,7/23/2018 9:15:00 AM,3.22,3.25,3.17,3.22,138140,0
JVC,7/24/2018 9:15:00 AM,3.22,3.44,3.22,3.4,254520,0
JVC,7/25/2018 9:15:00 AM,3.4,3.53,3.39,3.41,290190,0
JVC,7/26/2018 9:15:00 AM,3.41,3.47,3.25,3.25,155630,0
JVC,7/27/2018 9:15:00 AM,3.25,3.35,3.23,3.25,110190,0
JVC,7/30/2018 9:15:00 AM,3.25,3.3,3.19,3.19,172910,0
JVC,7/31/2018 9:15:00 AM,3.19,3.26,3.15,3.15,118270,0
JVC,8/1/2018 9:15:00 AM,3.12,3.23,3.12,3.15,243820,0
JVC,8/2/2018 9:15:00 AM,3.19,3.2,3.14,3.15,45520,0
JVC,8/3/2018 9:15:00 AM,3.18,3.18,3.14,3.18,64450,0
JVC,8/6/2018 9:15:00 AM,3.15,3.18,3.07,3.07,131770,0
JVC,8/7/2018 9:15:00 AM,3.08,3.08,3.02,3.03,116090,0
JVC,8/8/2018 9:15:00 AM,3.1,3.1,3.01,3.05,80890,0
JVC,8/9/2018 9:25:00 AM,3.03,3.08,3.03,3.08,34640,0
JVC,8/10/2018 9:15:00 AM,3.08,3.08,2.9,3.03,234910,0
JVC,8/13/2018 9:15:00 AM,3,3.03,2.95,3,212540,0
JVC,8/14/2018 9:15:00 AM,2.99,3.2,2.99,3.14,154570,0
JVC,8/15/2018 9:15:00 AM,3.16,3.18,3.1,3.12,78450,0
JVC,8/16/2018 9:15:00 AM,3.12,3.12,3.1,3.1,144560,0
JVC,8/17/2018 9:15:00 AM,3.19,3.23,3.15,3.2,610690,0
JVC,8/20/2018 9:15:00 AM,3.19,3.19,3.15,3.15,78820,0
JVC,8/21/2018 9:15:00 AM,3.14,3.17,3.13,3.13,49720,0
JVC,8/22/2018 9:15:00 AM,3.18,3.2,3.14,3.14,247110,0
JVC,8/23/2018 9:15:00 AM,3.19,3.21,3.15,3.19,258630,0
JVC,8/24/2018 9:15:00 AM,3.23,3.23,3.17,3.17,103530,0
JVC,8/27/2018 9:15:00 AM,3.15,3.18,3.1,3.16,378590,0
JVC,8/28/2018 9:20:00 AM,3.18,3.18,3.11,3.13,217940,0
JVC,8/29/2018 9:15:00 AM,3.14,3.19,3.12,3.15,256650,0
JVC,8/30/2018 9:15:00 AM,3.12,3.22,3.12,3.2,244610,0
JVC,8/31/2018 9:15:00 AM,3.22,3.22,3.14,3.15,192350,0
JVC,9/4/2018 9:15:00 AM,3.15,3.19,3.14,3.18,102950,0
JVC,9/5/2018 9:15:00 AM,3.18,3.18,3.12,3.13,81820,0
JVC,9/6/2018 9:15:00 AM,3.1,3.2,3.1,3.2,189470,0
JVC,9/7/2018 9:15:00 AM,2.98,3.1,2.98,2.98,1317910,0
JVC,9/10/2018 9:15:00 AM,2.78,2.94,2.78,2.83,1218040,0
JVC,9/11/2018 9:15:00 AM,2.8,3.02,2.8,3.02,381700,0
JVC,9/12/2018 9:15:00 AM,3.02,3.08,2.92,2.97,245250,0
JVC,9/13/2018 9:15:00 AM,2.95,2.95,2.82,2.93,264450,0
JVC,9/14/2018 9:10:00 AM,2.86,3.08,2.86,3.04,427380,0
JVC,9/17/2018 9:15:00 AM,3.05,3.08,2.99,3.01,114380,0
JVC,9/18/2018 9:15:00 AM,3.01,3.02,2.96,2.97,144840,0
JVC,9/19/2018 9:15:00 AM,3.01,3.01,2.97,3,248700,0
JVC,9/20/2018 9:15:00 AM,3.04,3.15,2.95,3.06,376950,0
JVC,9/21/2018 9:10:00 AM,3.11,3.11,2.96,2.96,323260,0
JVC,9/24/2018 9:10:00 AM,2.88,3.02,2.88,3.01,205030,0
JVC,9/25/2018 9:10:00 AM,3.01,3.02,2.93,3,152140,0
JVC,9/26/2018 9:10:00 AM,3,3,2.93,2.98,308170,0
JVC,9/27/2018 9:10:00 AM,3,3.05,2.95,3.04,387970,0
JVC,9/28/2018 9:10:00 AM,3.01,3.04,2.95,2.96,476830,0
JVC,10/1/2018 9:10:00 AM,2.96,2.99,2.9,2.93,289220,0
JVC,10/2/2018 9:10:00 AM,2.91,2.99,2.91,2.94,295670,0
JVC,10/3/2018 9:10:00 AM,2.93,3.02,2.93,2.99,272440,0
JVC,10/4/2018 9:10:00 AM,3.02,3.03,2.96,3,90280,0
JVC,10/5/2018 9:10:00 AM,3,3,2.94,2.95,108020,0
JVC,10/8/2018 9:10:00 AM,2.99,2.99,2.91,2.92,182500,0
JVC,10/9/2018 9:10:00 AM,2.93,2.96,2.91,2.91,131620,0
JVC,10/10/2018 9:10:00 AM,2.93,2.96,2.9,2.93,197820,0
JVC,10/11/2018 9:15:00 AM,2.8,2.93,2.76,2.8,355770,0
JVC,10/12/2018 9:10:00 AM,2.75,2.88,2.75,2.85,178370,0
JVC,10/15/2018 9:20:00 AM,2.9,2.9,2.82,2.86,117810,0
JVC,10/16/2018 9:10:00 AM,2.8,2.9,2.8,2.88,84710,0
JVC,10/17/2018 9:25:00 AM,2.88,2.88,2.84,2.84,42680,0
JVC,10/18/2018 9:10:00 AM,2.84,2.84,2.8,2.81,60510,0
JVC,10/19/2018 9:10:00 AM,2.8,2.8,2.77,2.77,72050,0
JVC,10/22/2018 9:10:00 AM,2.77,2.9,2.75,2.75,90270,0
JVC,10/23/2018 9:15:00 AM,2.85,2.85,2.73,2.75,69410,0
JVC,10/24/2018 9:10:00 AM,2.75,2.79,2.68,2.68,133290,0
JVC,10/25/2018 9:10:00 AM,2.52,2.68,2.52,2.58,140700,0
JVC,10/26/2018 9:10:00 AM,2.69,2.69,2.58,2.6,175770,0
JVC,10/29/2018 9:10:00 AM,2.8,2.8,2.8,2.8,95420,0
JVC,10/30/2018 9:10:00 AM,2.99,2.99,2.99,2.99,216370,0
JVC,10/31/2018 9:10:00 AM,3.19,3.19,3.19,3.19,1227790,0
JVC,11/1/2018 9:10:00 AM,3.41,3.41,3.41,3.41,779680,0
JVC,11/2/2018 9:10:00 AM,3.63,3.63,3.2,3.28,1847090,0
JVC,11/5/2018 9:10:00 AM,3.13,3.5,3.13,3.37,1158900,0
JVC,11/6/2018 9:10:00 AM,3.32,3.45,3.18,3.27,344820,0
JVC,11/7/2018 9:10:00 AM,3.14,3.28,3.01,3.16,892660,0
JVC,11/8/2018 9:10:00 AM,3.2,3.2,3.05,3.09,601130,0
JVC,11/9/2018 9:10:00 AM,3.09,3.19,3.09,3.1,524770,0
JVC,11/12/2018 9:10:00 AM,3.01,3.19,3.01,3.05,56030,0
JVC,11/13/2018 9:10:00 AM,3,3.09,3,3.01,396890,0
JVC,11/14/2018 9:10:00 AM,3.01,3.11,3.01,3.09,318200,0
JVC,11/15/2018 9:10:00 AM,3.09,3.11,3.05,3.05,225750,0
JVC,11/16/2018 9:10:00 AM,3.06,3.1,3.04,3.07,236140,0
JVC,11/19/2018 9:10:00 AM,3.07,3.1,3.04,3.1,180780,0
JVC,11/20/2018 9:10:00 AM,3.12,3.25,3.06,3.24,649490,0
JVC,11/21/2018 9:10:00 AM,3.24,3.46,3.12,3.46,1492910,0
JVC,11/22/2018 9:10:00 AM,3.46,3.62,3.35,3.35,565000,0
JVC,11/23/2018 9:10:00 AM,3.35,3.35,3.15,3.3,307960,0
JVC,11/26/2018 9:10:00 AM,3.23,3.3,3.16,3.2,259740,0
JVC,11/27/2018 9:10:00 AM,3.19,3.25,3.14,3.2,512310,0
JVC,11/28/2018 9:10:00 AM,3.2,3.2,3.1,3.1,488630,0
JVC,11/29/2018 9:10:00 AM,3.15,3.17,3.07,3.07,219470,0
JVC,11/30/2018 9:10:00 AM,3.12,3.25,3.1,3.12,389580,0
JVC,12/3/2018 9:10:00 AM,3.12,3.22,3.12,3.16,226170,0
JVC,12/4/2018 9:10:00 AM,3.16,3.26,3.15,3.2,265560,0
JVC,12/5/2018 9:10:00 AM,3.16,3.2,3.14,3.14,271240,0
JVC,12/6/2018 9:10:00 AM,3.18,3.35,3.16,3.35,701690,0
JVC,12/7/2018 9:10:00 AM,3.35,3.46,3.26,3.26,347560,0
JVC,12/10/2018 9:10:00 AM,3.17,3.29,3.16,3.24,161870,0
JVC,12/11/2018 9:15:00 AM,3.2,3.25,3.16,3.18,121190,0
JVC,12/12/2018 9:10:00 AM,3.17,3.23,3.16,3.18,172750,0
JVC,12/13/2018 9:15:00 AM,3.2,3.27,3.16,3.27,411980,0
JVC,12/14/2018 9:10:00 AM,3.27,3.28,3.21,3.22,90850,0
JVC,12/17/2018 9:10:00 AM,3.2,3.24,3.19,3.2,184070,0
JVC,12/18/2018 9:10:00 AM,3.16,3.2,3.1,3.18,388710,0
JVC,12/19/2018 9:10:00 AM,3.15,3.19,3.05,3.15,140510,0
JVC,12/20/2018 9:20:00 AM,3.15,3.15,3.1,3.14,54740,0
JVC,12/21/2018 9:20:00 AM,3.11,3.15,3.07,3.15,74450,0
JVC,12/24/2018 9:15:00 AM,3.12,3.17,3.12,3.13,79940,0
JVC,12/25/2018 9:10:00 AM,3.07,3.07,2.92,3.02,196050,0
JVC,12/26/2018 9:10:00 AM,3,3.15,2.99,3.01,116470,0
JVC,12/27/2018 9:15:00 AM,3,3.1,3,3.05,119710,0
JVC,12/28/2018 9:30:00 AM,3,3.07,3,3.01,138220,0
JVC,1/2/2019 9:10:00 AM,3.06,3.06,3,3.03,128780,0
JVC,1/3/2019 9:15:00 AM,3.03,3.03,2.88,2.9,129320,0
JVC,1/4/2019 9:10:00 AM,2.75,2.9,2.75,2.85,146000,0
JVC,1/7/2019 9:10:00 AM,2.88,2.88,2.8,2.85,273680,0
JVC,1/8/2019 9:10:00 AM,2.87,2.87,2.8,2.85,93320,0
JVC,1/9/2019 9:35:00 AM,2.88,2.94,2.83,2.93,123600,0
JVC,1/10/2019 9:15:00 AM,2.85,2.94,2.85,2.9,141080,0
JVC,1/11/2019 9:10:00 AM,2.94,3,2.94,2.95,82210,0
JVC,1/14/2019 9:10:00 AM,2.92,3.08,2.92,3.02,129070,0
JVC,1/15/2019 9:10:00 AM,3.03,3.22,2.98,3.21,164730,0
JVC,1/16/2019 10:00:00 AM,3.14,3.14,3.07,3.09,68470,0
JVC,1/17/2019 9:10:00 AM,3.05,3.22,3.05,3.18,245820,0
JVC,1/18/2019 9:10:00 AM,3.2,3.2,3,3.07,54400,0
JVC,1/21/2019 9:10:00 AM,3.15,3.2,3.07,3.12,18130,0
JVC,1/22/2019 9:10:00 AM,3.07,3.16,3.07,3.09,133150,0
JVC,1/23/2019 9:45:00 AM,3.08,3.13,3.04,3.12,64310,0
JVC,1/24/2019 9:10:00 AM,3.12,3.12,3.07,3.1,60030,0
JVC,1/25/2019 9:10:00 AM,3.07,3.18,3.07,3.08,49390,0
JVC,1/28/2019 9:15:00 AM,3.1,3.14,3.03,3.13,253380,0
JVC,1/29/2019 9:25:00 AM,3.07,3.1,3.05,3.05,30900,0
JVC,1/30/2019 9:10:00 AM,3.05,3.15,3.04,3.08,59450,0
JVC,1/31/2019 9:10:00 AM,3.02,3.17,3,3.16,303730,0
JVC,2/1/2019 9:10:00 AM,3.18,3.25,3.15,3.2,418140,0
JVC,2/11/2019 9:10:00 AM,3.23,3.23,3.17,3.2,68150,0
JVC,2/12/2019 9:10:00 AM,3.2,3.21,3.16,3.2,233160,0
JVC,2/13/2019 9:10:00 AM,3.23,3.23,3.14,3.19,124610,0
JVC,2/14/2019 9:10:00 AM,3.21,3.27,3.17,3.22,212630,0
JVC,2/15/2019 9:10:00 AM,3.2,3.23,3.17,3.19,158300,0
JVC,2/18/2019 9:10:00 AM,3.17,3.2,3.15,3.19,255000,0
JVC,2/19/2019 9:10:00 AM,3.2,3.2,3.14,3.15,95940,0
JVC,2/20/2019 9:10:00 AM,3.15,3.16,3.1,3.1,208450,0
JVC,2/21/2019 9:10:00 AM,3.1,3.14,3.1,3.11,91110,0
JVC,2/22/2019 9:10:00 AM,3.07,3.14,3.06,3.07,178570,0
JVC,2/25/2019 9:10:00 AM,3.1,3.12,3.07,3.09,77820,0
JVC,2/26/2019 9:10:00 AM,3.13,3.13,3.06,3.07,123030,0
JVC,2/27/2019 9:10:00 AM,3.08,3.12,3.08,3.08,144150,0
JVC,2/28/2019 9:10:00 AM,3.1,3.1,3.04,3.04,145320,0
JVC,3/1/2019 9:10:00 AM,3,3.07,3,3.07,130830,0
JVC,3/4/2019 9:10:00 AM,3.09,3.09,3,3.04,416550,0
JVC,3/5/2019 9:10:00 AM,3,3.08,3,3.07,568160,0
JVC,3/6/2019 9:15:00 AM,3.07,3.15,3.07,3.13,511000,0
JVC,3/7/2019 9:10:00 AM,3.14,3.15,3.11,3.13,193660,0
JVC,3/8/2019 9:10:00 AM,3.1,3.13,3.06,3.1,171330,0
JVC,3/11/2019 9:10:00 AM,3.08,3.12,3.06,3.12,281850,0
JVC,3/12/2019 9:10:00 AM,3.11,3.14,3.08,3.09,335930,0
JVC,3/13/2019 9:10:00 AM,3.08,3.2,3.08,3.19,772330,0
JVC,3/14/2019 9:10:00 AM,3.2,3.41,3.2,3.41,1835210,0
JVC,3/15/2019 9:10:00 AM,3.5,3.64,3.49,3.64,2438210,0
JVC,3/18/2019 9:10:00 AM,3.78,3.8,3.6,3.6,1163430,0
JVC,3/19/2019 9:10:00 AM,3.44,3.5,3.35,3.35,643330,0
JVC,3/20/2019 9:10:00 AM,3.4,3.53,3.35,3.47,574610,0
JVC,3/21/2019 9:10:00 AM,3.5,3.59,3.36,3.36,535550,0
JVC,3/22/2019 9:10:00 AM,3.36,3.4,3.32,3.32,388040,0
JVC,3/25/2019 9:10:00 AM,3.32,3.32,3.2,3.24,250790,0
JVC,3/26/2019 9:10:00 AM,3.05,3.23,3.04,3.16,477660,0
JVC,3/27/2019 9:10:00 AM,3.17,3.24,3.11,3.2,89760,0
JVC,3/28/2019 9:10:00 AM,3.22,3.25,3.16,3.2,73580,0
JVC,3/29/2019 9:15:00 AM,3.18,3.22,3.15,3.18,129280,0
JVC,4/1/2019 9:10:00 AM,3.16,3.2,3.12,3.15,319010,0
JVC,4/2/2019 9:10:00 AM,3.18,3.33,3.13,3.33,479220,0
JVC,4/3/2019 9:10:00 AM,3.48,3.53,3.42,3.43,541670,0
JVC,4/4/2019 9:15:00 AM,3.39,3.42,3.3,3.33,189900,0
JVC,4/5/2019 9:10:00 AM,3.25,3.34,3.25,3.32,214560,0
JVC,4/8/2019 9:10:00 AM,3.29,3.33,3.2,3.27,264600,0
JVC,4/9/2019 9:10:00 AM,3.3,3.43,3.25,3.37,185710,0
JVC,4/10/2019 9:10:00 AM,3.34,3.38,3.3,3.38,348960,0
JVC,4/11/2019 9:10:00 AM,3.4,3.4,3.32,3.36,351700,0
JVC,4/12/2019 9:10:00 AM,3.26,3.37,3.25,3.29,129750,0
JVC,4/16/2019 9:10:00 AM,3.29,3.3,3.21,3.27,115850,0
JVC,4/17/2019 9:15:00 AM,3.25,3.32,3.22,3.22,296230,0
JVC,4/18/2019 9:10:00 AM,3.23,3.27,3.17,3.2,154010,0
JVC,4/19/2019 9:10:00 AM,3.15,3.2,3.15,3.15,280000,0
JVC,4/22/2019 9:10:00 AM,3.15,3.2,3.08,3.15,320000,0
JVC,4/23/2019 9:15:00 AM,3.19,3.19,3.09,3.1,524300,0
JVC,4/24/2019 9:10:00 AM,3.1,3.19,3.1,3.13,210250,0
JVC,4/25/2019 9:15:00 AM,3.17,3.17,3.1,3.16,173790,0
JVC,4/26/2019 9:10:00 AM,3.12,3.17,3.1,3.15,152490,0
JVC,5/2/2019 9:10:00 AM,3.13,3.25,3.05,3.22,653050,0
JVC,5/3/2019 9:10:00 AM,3.12,3.21,3.12,3.14,185620,0
JVC,5/6/2019 9:10:00 AM,3.12,3.18,3.12,3.13,140990,0
JVC,5/7/2019 9:10:00 AM,3.1,3.15,3.06,3.11,150150,0
JVC,5/8/2019 9:10:00 AM,3.11,3.14,3.08,3.12,86950,0
JVC,5/9/2019 9:10:00 AM,3.14,3.14,3.11,3.12,101080,0
JVC,5/10/2019 9:10:00 AM,3.15,3.16,3.1,3.14,96410,0
JVC,5/13/2019 9:10:00 AM,3.14,3.15,3.12,3.15,47500,0
JVC,5/14/2019 9:10:00 AM,3.11,3.16,3.1,3.13,106670,0
JVC,5/15/2019 9:15:00 AM,3.1,3.15,3.1,3.14,140890,0
JVC,5/16/2019 9:10:00 AM,3.1,3.14,3.08,3.13,217240,0
JVC,5/17/2019 9:10:00 AM,3.13,3.13,3.1,3.1,96040,0
JVC,5/20/2019 9:10:00 AM,3.1,3.16,3.09,3.15,105800,0
JVC,5/21/2019 9:15:00 AM,3.15,3.15,3.09,3.14,186220,0
JVC,5/22/2019 9:10:00 AM,3.11,3.14,3.08,3.11,204530,0
JVC,5/23/2019 9:10:00 AM,3.09,3.14,3.07,3.1,90890,0
JVC,5/24/2019 9:10:00 AM,3.07,3.13,3.07,3.1,27330,0
JVC,5/27/2019 9:20:00 AM,3.1,3.13,3.01,3.11,78360,0
JVC,5/28/2019 9:10:00 AM,3.07,3.1,3.03,3.08,255050,0
JVC,5/29/2019 9:10:00 AM,3.07,3.14,3.07,3.1,492660,0
JVC,5/30/2019 9:10:00 AM,3.09,3.12,3.08,3.11,67850,0
JVC,5/31/2019 9:10:00 AM,3.1,3.14,3.09,3.11,146670,0
JVC,6/3/2019 9:10:00 AM,3.1,3.13,3.07,3.09,213160,0
JVC,6/4/2019 9:30:00 AM,3.1,3.12,3.08,3.08,115470,0
JVC,6/5/2019 9:10:00 AM,3.12,3.12,3.08,3.09,119070,0
JVC,6/6/2019 9:25:00 AM,3.08,3.1,3.06,3.07,45120,0
JVC,6/7/2019 9:10:00 AM,3.1,3.1,3.05,3.08,84040,0
JVC,6/10/2019 9:10:00 AM,3.1,3.1,3.05,3.07,96560,0
JVC,6/11/2019 9:15:00 AM,3.06,3.07,3.04,3.07,60640,0
JVC,6/12/2019 9:20:00 AM,3.08,3.08,3.05,3.07,116910,0
JVC,6/13/2019 9:10:00 AM,3.08,3.08,3.03,3.05,179680,0
JVC,6/14/2019 9:10:00 AM,3.08,3.08,3.03,3.06,197280,0
JVC,6/17/2019 9:10:00 AM,3.04,3.08,3.03,3.05,56480,0
JVC,6/18/2019 9:10:00 AM,3.05,3.06,3.04,3.04,38640,0
JVC,6/19/2019 9:10:00 AM,3.08,3.08,3.04,3.05,162210,0
JVC,6/20/2019 9:15:00 AM,3.05,3.06,3.04,3.04,175260,0
JVC,6/21/2019 9:10:00 AM,3.05,3.06,3,3.03,120570,0
JVC,6/24/2019 9:10:00 AM,3.03,3.06,2.97,2.97,261750,0
JVC,6/25/2019 9:10:00 AM,2.95,2.97,2.93,2.93,145900,0
JVC,6/26/2019 9:20:00 AM,2.95,2.97,2.85,2.85,143100,0
JVC,6/27/2019 9:10:00 AM,2.94,2.94,2.8,2.87,354430,0
JVC,6/28/2019 9:20:00 AM,2.9,2.9,2.85,2.89,20050,0
JVC,7/1/2019 9:15:00 AM,2.9,2.9,2.86,2.88,129630,0
JVC,7/2/2019 9:10:00 AM,2.8,2.92,2.8,2.9,45340,0
JVC,7/3/2019 9:15:00 AM,2.89,2.95,2.86,2.95,47040,0
JVC,7/4/2019 9:10:00 AM,2.95,2.98,2.9,2.95,25990,0
JVC,7/5/2019 9:10:00 AM,2.91,2.94,2.88,2.9,45790,0
JVC,7/8/2019 9:10:00 AM,2.85,2.93,2.85,2.9,55170,0
JVC,7/9/2019 9:25:00 AM,2.9,2.9,2.8,2.85,131610,0
JVC,7/10/2019 9:25:00 AM,2.89,2.89,2.84,2.88,6340,0
JVC,7/11/2019 9:10:00 AM,2.81,2.9,2.81,2.89,54710,0
JVC,7/12/2019 9:10:00 AM,2.88,2.89,2.86,2.89,26690,0
JVC,7/15/2019 9:15:00 AM,2.9,2.9,2.7,2.89,42780,0
JVC,7/16/2019 9:15:00 AM,2.89,2.89,2.86,2.89,8400,0
JVC,7/17/2019 9:15:00 AM,2.89,2.89,2.87,2.89,24200,0
JVC,7/18/2019 9:20:00 AM,2.88,2.89,2.87,2.89,28630,0
JVC,7/19/2019 9:15:00 AM,2.9,2.98,2.9,2.97,212460,0
JVC,7/22/2019 9:15:00 AM,2.95,2.95,2.91,2.95,49190,0
JVC,7/23/2019 9:30:00 AM,2.91,2.91,2.87,2.91,64850,0
JVC,7/24/2019 9:15:00 AM,2.82,2.9,2.82,2.87,80970,0
JVC,7/25/2019 9:25:00 AM,2.89,2.89,2.82,2.83,39350,0
JVC,7/26/2019 9:25:00 AM,2.83,2.87,2.8,2.84,31770,0
JVC,7/29/2019 9:30:00 AM,2.85,2.86,2.8,2.8,69450,0
JVC,7/30/2019 9:25:00 AM,2.76,2.83,2.75,2.8,20920,0
JVC,7/31/2019 9:20:00 AM,2.77,2.81,2.73,2.73,40310,0
JVC,8/1/2019 9:15:00 AM,2.76,2.78,2.68,2.73,125200,0
JVC,8/2/2019 9:15:00 AM,2.79,2.79,2.61,2.65,37980,0
JVC,8/5/2019 9:20:00 AM,2.65,2.67,2.62,2.66,189630,0
JVC,8/6/2019 9:15:00 AM,2.69,2.69,2.64,2.65,27040,0
JVC,8/7/2019 9:15:00 AM,2.63,2.67,2.6,2.66,75050,0
JVC,8/8/2019 9:20:00 AM,2.6,2.67,2.6,2.66,19450,0
JVC,8/9/2019 9:35:00 AM,2.67,2.67,2.64,2.66,33090,0
JVC,8/12/2019 9:55:00 AM,2.66,2.66,2.64,2.66,9310,0
JVC,8/13/2019 9:55:00 AM,2.65,2.66,2.63,2.65,56160,0
JVC,8/14/2019 9:15:00 AM,2.66,2.68,2.62,2.65,28670,0
JVC,8/15/2019 9:15:00 AM,2.58,2.61,2.55,2.61,71140,0
JVC,8/16/2019 9:15:00 AM,2.66,2.66,2.5,2.58,138930,0
JVC,8/19/2019 9:15:00 AM,2.56,2.6,2.56,2.58,37300,0
JVC,8/20/2019 9:35:00 AM,2.59,2.6,2.56,2.6,60560,0
JVC,8/21/2019 9:15:00 AM,2.59,2.76,2.59,2.76,182040,0
JVC,8/22/2019 9:15:00 AM,2.93,2.95,2.89,2.95,385100,0
JVC,8/23/2019 9:15:00 AM,3.15,3.15,3.02,3.1,841740,0
JVC,8/26/2019 9:15:00 AM,3.01,3.13,2.96,3.13,214710,0
JVC,8/27/2019 9:15:00 AM,3.1,3.31,3.05,3.25,1270220,0
JVC,8/28/2019 9:15:00 AM,3.1,3.34,3.1,3.29,431410,0
JVC,8/29/2019 9:15:00 AM,3.28,3.32,3.11,3.16,355370,0
JVC,8/30/2019 9:15:00 AM,3.08,3.25,3.08,3.16,358610,0
JVC,9/3/2019 9:15:00 AM,3.12,3.22,3.07,3.08,160230,0
JVC,9/4/2019 9:15:00 AM,3.03,3.18,3,3.03,148450,0
JVC,9/5/2019 9:15:00 AM,3.03,3.12,3,3.08,154240,0
JVC,9/6/2019 9:15:00 AM,3.08,3.08,2.98,3.02,203590,0
JVC,9/9/2019 9:15:00 AM,3.03,3.12,3,3.1,137800,0
JVC,9/10/2019 9:45:00 AM,3.05,3.05,3.01,3.04,81880,0
JVC,9/11/2019 9:25:00 AM,3.03,3.05,3.03,3.03,62310,0
JVC,9/12/2019 9:15:00 AM,3.02,3.1,3.01,3.08,103260,0
JVC,9/13/2019 9:15:00 AM,3.06,3.12,3.06,3.08,301320,0
JVC,9/16/2019 9:15:00 AM,3.06,3.09,3.02,3.05,83200,0
JVC,9/17/2019 9:20:00 AM,3.05,3.1,3.05,3.05,31080,0
JVC,9/18/2019 9:15:00 AM,3.06,3.07,3.06,3.06,129340,0
JVC,9/19/2019 9:20:00 AM,3.07,3.12,3.07,3.07,129960,0
JVC,9/20/2019 9:15:00 AM,3.09,3.11,3.09,3.1,74940,0
JVC,9/23/2019 9:25:00 AM,3.09,3.11,3.09,3.09,82860,0
JVC,9/24/2019 9:15:00 AM,3.06,3.1,3.06,3.06,43030,0
JVC,9/25/2019 9:15:00 AM,3.05,3.13,3.05,3.11,177900,0
JVC,9/26/2019 9:20:00 AM,3.1,3.13,3.09,3.1,159450,0
JVC,9/27/2019 9:35:00 AM,3.1,3.32,3.09,3.32,566580,0
JVC,9/30/2019 9:15:00 AM,3.5,3.55,3.35,3.55,1513050,0
JVC,10/1/2019 9:15:00 AM,3.55,3.65,3.48,3.48,420300,0
JVC,10/2/2019 9:15:00 AM,3.45,3.49,3.31,3.34,152880,0
JVC,10/3/2019 9:15:00 AM,3.3,3.56,3.3,3.56,760740,0
JVC,10/4/2019 9:15:00 AM,3.76,3.77,3.6,3.61,342530,0
JVC,10/7/2019 9:15:00 AM,3.61,3.86,3.61,3.86,1161840,0
JVC,10/8/2019 9:15:00 AM,4.07,4.13,4.07,4.13,1681990,0
JVC,10/9/2019 9:15:00 AM,4.1,4.41,4.1,4.22,1838640,0
JVC,10/10/2019 9:15:00 AM,4.2,4.4,4,4.35,804640,0
JVC,10/11/2019 9:15:00 AM,4.3,4.65,4.3,4.65,1414360,0
JVC,10/14/2019 9:15:00 AM,4.55,4.96,4.55,4.7,952280,0
JVC,10/15/2019 9:15:00 AM,4.7,4.9,4.51,4.88,721470,0
JVC,10/16/2019 9:15:00 AM,4.9,4.98,4.81,4.91,1091120,0
JVC,10/17/2019 9:15:00 AM,4.91,5.04,4.89,4.95,820260,0
JVC,10/18/2019 9:15:00 AM,5,5.02,4.7,4.82,867560,0
JVC,10/21/2019 9:15:00 AM,4.8,4.82,4.6,4.8,1000000,0
JVC,10/22/2019 9:15:00 AM,4.79,4.94,4.7,4.87,846440,0
JVC,10/23/2019 9:15:00 AM,4.75,4.9,4.75,4.85,218660,0
JVC,10/24/2019 9:15:00 AM,4.85,4.85,4.65,4.7,368400,0
JVC,10/25/2019 9:15:00 AM,4.52,4.52,4.21,4.21,1285110,0
JVC,10/28/2019 9:15:00 AM,4.15,4.4,4.15,4.3,418930,0
JVC,10/29/2019 9:15:00 AM,4.3,4.3,4.04,4.22,392430,0
JVC,10/30/2019 9:15:00 AM,4.2,4.22,4.13,4.2,122840,0
JVC,10/31/2019 9:15:00 AM,4,4.16,4,4.12,222160,0
JVC,11/1/2019 9:15:00 AM,3.9,4.1,3.9,4.1,517750,0
JVC,11/4/2019 9:15:00 AM,4.25,4.3,4.13,4.16,502550,0
JVC,11/5/2019 9:20:00 AM,4.17,4.2,4.12,4.17,92430,0
JVC,11/6/2019 9:15:00 AM,4.15,4.26,4.15,4.23,665660,0
JVC,11/7/2019 9:15:00 AM,4.15,4.2,4.12,4.15,284680,0
JVC,11/8/2019 9:15:00 AM,4.16,4.19,4.13,4.15,171150,0
JVC,11/11/2019 9:15:00 AM,4.14,4.17,4.1,4.14,175190,0
JVC,11/12/2019 9:15:00 AM,4.14,4.14,4.06,4.13,94910,0
JVC,11/13/2019 9:15:00 AM,4.13,4.15,4.06,4.12,92500,0
JVC,11/14/2019 9:15:00 AM,4.1,4.12,3.9,4.01,259310,0
JVC,11/15/2019 9:30:00 AM,4.06,4.06,3.95,4,110480,0
JVC,11/18/2019 9:15:00 AM,4,4.28,4,4.2,1612330,0
JVC,11/19/2019 9:15:00 AM,4.27,4.39,4.22,4.33,1095600,0
JVC,11/20/2019 9:15:00 AM,4.3,4.38,4.25,4.25,671910,0
JVC,11/21/2019 9:15:00 AM,4.2,4.29,4.1,4.2,355730,0
JVC,11/22/2019 9:15:00 AM,4.2,4.2,4.1,4.1,206580,0
JVC,11/25/2019 9:15:00 AM,4.1,4.18,4.03,4.15,153240,0
JVC,11/26/2019 9:15:00 AM,4.06,4.38,4.06,4.24,1206110,0
JVC,11/27/2019 9:15:00 AM,4.35,4.51,4.35,4.45,929790,0
JVC,11/28/2019 9:15:00 AM,4.54,4.54,4.3,4.39,316460,0
JVC,11/29/2019 9:15:00 AM,4.26,4.36,4.19,4.2,875520,0
JVC,12/2/2019 9:15:00 AM,4.2,4.25,4.16,4.2,386980,0
JVC,12/3/2019 9:15:00 AM,4.2,4.38,4.17,4.35,540590,0
JVC,12/4/2019 9:15:00 AM,4.34,4.48,4.26,4.43,1070430,0
JVC,12/5/2019 9:15:00 AM,4.51,4.6,4.43,4.55,1160060,0
JVC,12/6/2019 9:15:00 AM,4.55,4.61,4.49,4.52,609570,0
JVC,12/9/2019 9:15:00 AM,4.54,4.54,4.24,4.24,1499710,0
JVC,12/10/2019 9:15:00 AM,4.21,4.34,4.13,4.3,692120,0
JVC,12/11/2019 9:15:00 AM,4.18,4.25,4.03,4.03,2461530,0
JVC,12/12/2019 9:15:00 AM,3.79,4.04,3.75,3.9,2126900,0
JVC,12/13/2019 9:15:00 AM,3.8,3.99,3.78,3.84,430670,0
JVC,12/16/2019 9:15:00 AM,3.68,3.84,3.5,3.5,1907100,0
JVC,12/17/2019 9:15:00 AM,3.5,3.6,3.39,3.49,775410,0
JVC,12/18/2019 9:15:00 AM,3.5,3.67,3.5,3.57,402990,0
JVC,12/19/2019 9:15:00 AM,3.53,3.63,3.53,3.61,267690,0
JVC,12/20/2019 9:15:00 AM,3.61,3.76,3.58,3.69,362390,0
JVC,12/23/2019 9:15:00 AM,3.61,3.67,3.53,3.53,336450,0
JVC,12/24/2019 9:15:00 AM,3.53,3.55,3.4,3.53,455130,0
JVC,12/25/2019 9:15:00 AM,3.43,3.53,3.35,3.48,456260,0
JVC,12/26/2019 9:15:00 AM,3.38,3.48,3.35,3.48,290410,0
JVC,12/27/2019 9:15:00 AM,3.42,3.51,3.36,3.45,273700,0
JVC,12/30/2019 9:15:00 AM,3.48,3.52,3.39,3.4,267440,0
JVC,12/31/2019 9:15:00 AM,3.41,3.41,3.36,3.39,109430,0
JVC,1/2/2020 9:20:00 AM,3.4,3.4,3.32,3.37,212880,0
JVC,1/3/2020 9:15:00 AM,3.37,3.48,3.36,3.45,253690,0
JVC,1/6/2020 9:20:00 AM,3.5,3.51,3.43,3.47,231360,0
JVC,1/7/2020 9:15:00 AM,3.48,3.52,3.46,3.49,95130,0
JVC,1/8/2020 9:15:00 AM,3.5,3.5,3.4,3.44,147040,0
JVC,1/9/2020 9:15:00 AM,3.49,3.49,3.23,3.48,145220,0
JVC,1/10/2020 9:15:00 AM,3.49,3.49,3.42,3.44,45700,0
JVC,1/13/2020 9:15:00 AM,3.41,3.47,3.34,3.44,307520,0
JVC,1/14/2020 9:15:00 AM,3.38,3.44,3.33,3.44,228550,0
JVC,1/15/2020 9:15:00 AM,3.34,3.4,3.25,3.39,314610,0
JVC,1/16/2020 9:15:00 AM,3.29,3.29,3.1,3.19,244120,0
JVC,1/17/2020 9:15:00 AM,3.1,3.2,3.08,3.11,55040,0
JVC,1/20/2020 9:15:00 AM,3,3.16,3,3.09,236160,0
JVC,1/21/2020 9:40:00 AM,3.01,3.1,3,3.1,111020,0
JVC,1/22/2020 9:15:00 AM,3.05,3.09,2.95,3.04,146740,0
JVC,1/30/2020 9:15:00 AM,3.09,3.25,3,3.25,391170,0
JVC,1/31/2020 9:15:00 AM,3.47,3.47,3.47,3.47,133420,0
JVC,2/3/2020 9:15:00 AM,3.71,3.71,3.71,3.71,831970,0
JVC,2/4/2020 9:15:00 AM,3.9,3.94,3.69,3.71,3808850,0
JVC,2/5/2020 9:15:00 AM,3.65,3.75,3.5,3.56,380590,0
JVC,2/6/2020 9:15:00 AM,3.56,3.56,3.4,3.47,290730,0
JVC,2/7/2020 9:15:00 AM,3.42,3.47,3.34,3.45,1006960,0
JVC,2/10/2020 9:15:00 AM,3.4,3.63,3.4,3.63,215780,0
JVC,2/11/2020 9:15:00 AM,3.8,3.85,3.55,3.58,613670,0
JVC,2/12/2020 9:15:00 AM,3.51,3.52,3.42,3.48,661360,0
JVC,2/13/2020 9:15:00 AM,3.59,3.68,3.51,3.54,366370,0
JVC,2/14/2020 9:15:00 AM,3.54,3.54,3.38,3.43,441310,0
JVC,2/17/2020 9:15:00 AM,3.4,3.4,3.29,3.32,476610,0
JVC,2/18/2020 9:15:00 AM,3.3,3.39,3.3,3.35,335530,0
JVC,2/19/2020 9:15:00 AM,3.4,3.43,3.3,3.34,349360,0
JVC,2/20/2020 9:15:00 AM,3.33,3.4,3.25,3.29,421700,0
JVC,2/21/2020 9:15:00 AM,3.3,3.4,3.25,3.34,349870,0
JVC,2/24/2020 9:15:00 AM,3.4,3.55,3.39,3.55,1550620,0
JVC,2/25/2020 9:15:00 AM,3.56,3.78,3.5,3.5,1302180,0
JVC,2/26/2020 9:15:00 AM,3.58,3.58,3.41,3.46,373380,0
JVC,2/27/2020 9:15:00 AM,3.41,3.47,3.3,3.47,780450,0
JVC,2/28/2020 9:15:00 AM,3.38,3.4,3.29,3.36,921210,0
JVC,3/2/2020 9:15:00 AM,3.32,3.37,3.25,3.3,514720,0
JVC,3/3/2020 9:15:00 AM,3.3,3.36,3.28,3.35,493040,0
JVC,3/4/2020 9:15:00 AM,3.3,3.43,3.28,3.4,603060,0
JVC,3/5/2020 9:15:00 AM,3.42,3.47,3.34,3.38,501640,0
JVC,3/6/2020 9:15:00 AM,3.33,3.4,3.3,3.37,247690,0
JVC,3/9/2020 9:15:00 AM,3.5,3.58,3.29,3.29,1567550,0
JVC,3/10/2020 9:15:00 AM,3.27,3.37,3.26,3.34,636010,0
JVC,3/11/2020 9:15:00 AM,3.32,3.43,3.32,3.36,654890,0
JVC,3/12/2020 9:15:00 AM,3.3,3.34,3.16,3.16,945930,0
JVC,3/13/2020 9:15:00 AM,2.94,3.04,2.94,2.95,920020,0
JVC,3/16/2020 9:20:00 AM,3,3.14,2.96,3.14,615630,0
JVC,3/17/2020 9:15:00 AM,3.07,3.19,3.07,3.11,767910,0
JVC,3/18/2020 9:15:00 AM,3.14,3.18,3.04,3.05,729610,0
JVC,3/19/2020 9:15:00 AM,3.05,3.13,2.94,2.94,858370,0
JVC,3/20/2020 9:15:00 AM,2.94,3.03,2.86,2.97,342610,0
JVC,3/23/2020 9:15:00 AM,2.95,2.95,2.77,2.77,658780,0
JVC,3/24/2020 9:15:00 AM,2.65,2.79,2.64,2.66,456720,0
JVC,3/25/2020 9:15:00 AM,2.77,2.77,2.59,2.65,482090,0
JVC,3/26/2020 9:15:00 AM,2.65,2.65,2.47,2.59,431640,0
JVC,3/27/2020 9:15:00 AM,2.5,2.5,2.35,2.38,417960,0
JVC,3/30/2020 9:15:00 AM,2.35,2.35,2.22,2.22,607160,0
JVC,3/31/2020 9:15:00 AM,2.11,2.26,2.07,2.07,645990,0
JVC,4/1/2020 9:15:00 AM,2,2.15,2,2.11,451280,0
JVC,4/3/2020 9:15:00 AM,2.22,2.22,2.2,2.22,1201010,0
JVC,4/6/2020 9:15:00 AM,2.37,2.37,2.37,2.37,87770,0
JVC,4/7/2020 9:15:00 AM,2.53,2.53,2.5,2.53,944780,0
JVC,4/8/2020 9:15:00 AM,2.55,2.59,2.4,2.54,758500,0
JVC,4/9/2020 9:15:00 AM,2.53,2.62,2.53,2.55,614110,0
JVC,4/10/2020 9:15:00 AM,2.53,2.56,2.48,2.51,702840,0
JVC,4/13/2020 9:15:00 AM,2.55,2.56,2.5,2.55,344720,0
JVC,4/14/2020 9:15:00 AM,2.51,2.72,2.51,2.72,687200,0
JVC,4/15/2020 9:15:00 AM,2.89,2.9,2.77,2.87,788290,0
JVC,4/16/2020 9:15:00 AM,2.86,2.86,2.73,2.81,466410,0
JVC,4/17/2020 9:15:00 AM,2.82,2.9,2.8,2.88,572570,0
JVC,4/20/2020 9:15:00 AM,2.9,2.95,2.82,2.88,395820,0
JVC,4/21/2020 9:15:00 AM,2.8,2.84,2.67,2.7,567210,0
JVC,4/22/2020 9:15:00 AM,2.66,2.74,2.53,2.72,382650,0
JVC,4/23/2020 9:15:00 AM,2.77,2.77,2.7,2.72,225100,0
JVC,4/24/2020 9:15:00 AM,2.71,2.73,2.65,2.7,443830,0
JVC,4/27/2020 9:15:00 AM,2.71,2.74,2.7,2.73,369240,0
JVC,4/28/2020 9:15:00 AM,2.73,2.74,2.71,2.73,185990,0
JVC,4/29/2020 9:15:00 AM,2.8,2.81,2.75,2.78,211800,0
JVC,5/4/2020 9:15:00 AM,2.61,2.7,2.6,2.61,305660,0
JVC,5/5/2020 9:15:00 AM,2.6,2.61,2.53,2.6,298940,0
JVC,5/6/2020 9:15:00 AM,2.59,2.7,2.59,2.64,137420,0
JVC,5/7/2020 9:15:00 AM,2.7,2.78,2.68,2.72,453400,0
JVC,5/8/2020 9:15:00 AM,2.77,2.78,2.71,2.72,240650,0
JVC,5/11/2020 9:15:00 AM,2.72,2.75,2.68,2.7,269960,0
JVC,5/12/2020 9:15:00 AM,2.67,2.71,2.66,2.68,545510,0
JVC,5/13/2020 9:20:00 AM,2.71,2.71,2.67,2.7,503990,0
JVC,5/14/2020 9:15:00 AM,2.7,2.88,2.7,2.88,1981600,0
JVC,5/15/2020 9:15:00 AM,2.86,2.89,2.76,2.78,762450,0
JVC,5/18/2020 9:15:00 AM,2.78,2.81,2.76,2.8,452790,0
JVC,5/19/2020 9:15:00 AM,2.8,2.83,2.73,2.73,955510,0
JVC,5/20/2020 9:15:00 AM,2.73,2.73,2.68,2.7,601740,0
JVC,5/21/2020 9:15:00 AM,2.69,2.71,2.68,2.7,510900,0
JVC,5/22/2020 9:15:00 AM,2.66,2.7,2.66,2.69,389240,0
JVC,5/25/2020 9:15:00 AM,2.68,2.71,2.66,2.67,359910,0
JVC,5/26/2020 9:15:00 AM,2.7,2.7,2.65,2.68,342620,0
JVC,5/27/2020 9:15:00 AM,2.69,2.76,2.68,2.68,1053110,0
JVC,5/28/2020 9:15:00 AM,2.68,2.7,2.67,2.69,194300,0
JVC,5/29/2020 9:15:00 AM,2.73,2.86,2.68,2.86,6467090,0
JVC,6/1/2020 9:15:00 AM,3.06,3.06,3.05,3.06,2515510,0
JVC,6/2/2020 9:15:00 AM,3.06,3.19,2.95,3.05,2315070,0
JVC,6/3/2020 9:15:00 AM,2.9,3.03,2.85,2.91,2199970,0
JVC,6/4/2020 9:15:00 AM,2.9,3.06,2.9,2.94,1845250,0
JVC,6/5/2020 9:20:00 AM,2.99,3.17,2.97,3.12,1368610,0
JVC,6/8/2020 9:15:00 AM,3.25,3.25,3.14,3.17,2854470,0
JVC,6/9/2020 9:15:00 AM,3.15,3.35,3.02,3.35,3065870,0
JVC,6/10/2020 9:15:00 AM,3.58,3.58,3.51,3.58,2183760,0
JVC,6/11/2020 9:15:00 AM,3.83,3.83,3.6,3.6,8573360,0
JVC,6/12/2020 9:15:00 AM,3.36,3.75,3.36,3.61,4171320,0
JVC,6/15/2020 9:15:00 AM,3.64,3.82,3.64,3.72,4490740,0
JVC,6/16/2020 9:15:00 AM,3.81,3.98,3.6,3.98,2505240,0
JVC,6/17/2020 9:15:00 AM,4.25,4.25,4.25,4.25,2917520,0
JVC,6/18/2020 9:15:00 AM,4.54,4.54,4.12,4.12,7250640,0
JVC,6/19/2020 9:15:00 AM,4,4.4,4,4.4,1708100,0
JVC,6/22/2020 9:15:00 AM,4.7,4.7,4.12,4.35,992040,0
JVC,6/23/2020 9:15:00 AM,4.2,4.31,4.15,4.18,1150610,0
JVC,6/24/2020 9:15:00 AM,4.36,4.36,4,4,2158430,0
JVC,6/25/2020 9:15:00 AM,3.76,4.1,3.76,4,682140,0
JVC,6/26/2020 10:00:00 AM,3.95,3.95,3.8,3.85,491560,0
JVC,6/29/2020 9:15:00 AM,4.05,4.05,3.6,3.67,794070,0
JVC,6/30/2020 9:15:00 AM,3.7,3.85,3.42,3.42,887950,0
JVC,7/1/2020 9:15:00 AM,3.43,3.66,3.43,3.49,376250,0
JVC,7/2/2020 9:15:00 AM,3.31,3.54,3.31,3.54,534900,0
JVC,7/3/2020 9:15:00 AM,3.73,3.78,3.61,3.78,600910,0
JVC,7/6/2020 9:15:00 AM,3.78,3.82,3.6,3.64,877480,0
JVC,7/7/2020 9:15:00 AM,3.64,3.65,3.53,3.57,656080,0
JVC,7/8/2020 9:15:00 AM,3.59,3.7,3.55,3.6,1133790,0
JVC,7/9/2020 9:15:00 AM,3.65,3.85,3.63,3.8,554150,0
JVC,7/10/2020 9:15:00 AM,3.77,3.82,3.67,3.68,221420,0
JVC,7/13/2020 9:15:00 AM,3.7,3.77,3.61,3.67,343530,0
JVC,7/14/2020 9:15:00 AM,3.67,3.72,3.61,3.65,254490,0
JVC,7/15/2020 9:15:00 AM,3.64,3.69,3.62,3.67,263160,0
JVC,7/16/2020 9:20:00 AM,3.72,3.85,3.7,3.75,395000,0
JVC,7/17/2020 9:15:00 AM,3.75,3.75,3.7,3.7,204960,0
JVC,7/20/2020 9:15:00 AM,3.67,3.77,3.66,3.75,395230,0
JVC,7/21/2020 9:15:00 AM,3.71,3.77,3.7,3.72,308780,0
JVC,7/22/2020 9:15:00 AM,3.75,3.75,3.66,3.66,317650,0
JVC,7/23/2020 9:15:00 AM,3.65,3.7,3.6,3.66,242430,0
JVC,7/24/2020 9:15:00 AM,3.7,3.7,3.4,3.42,911910,0
JVC,7/27/2020 9:15:00 AM,3.2,3.4,3.17,3.17,1240620,0
JVC,7/28/2020 9:15:00 AM,3.17,3.33,3.15,3.31,383500,0
JVC,7/29/2020 9:15:00 AM,3.4,3.4,3.07,3.19,605960,0
JVC,7/30/2020 9:25:00 AM,3.23,3.28,3.19,3.24,176380,0
JVC,7/31/2020 9:15:00 AM,3.21,3.43,3.18,3.43,314010,0
JVC,8/3/2020 9:15:00 AM,3.67,3.67,3.67,3.67,372750,0
JVC,8/4/2020 9:15:00 AM,3.9,3.9,3.67,3.76,628880,0
JVC,8/5/2020 9:15:00 AM,3.69,3.76,3.6,3.64,322560,0
JVC,8/6/2020 9:15:00 AM,3.61,3.7,3.61,3.64,240830,0
JVC,8/7/2020 9:15:00 AM,3.6,3.66,3.6,3.6,264220,0
JVC,8/10/2020 9:15:00 AM,3.6,3.65,3.59,3.63,273680,0
JVC,8/11/2020 9:15:00 AM,3.6,3.62,3.57,3.58,182750,0
JVC,8/12/2020 9:15:00 AM,3.55,3.57,3.48,3.55,254300,0
JVC,8/13/2020 9:15:00 AM,3.51,3.72,3.51,3.72,405870,0
JVC,8/14/2020 9:15:00 AM,3.74,3.83,3.7,3.72,433200,0
JVC,8/17/2020 9:15:00 AM,3.7,3.7,3.61,3.68,166550,0
JVC,8/18/2020 9:15:00 AM,3.65,3.94,3.65,3.94,1175550,0
JVC,8/19/2020 9:15:00 AM,4.1,4.18,4.01,4.03,777690,0
JVC,8/20/2020 9:15:00 AM,4.07,4.1,3.9,3.93,592630,0
JVC,8/21/2020 9:15:00 AM,3.95,4.12,3.87,4.05,720150,0
JVC,8/24/2020 9:15:00 AM,4.05,4.08,3.97,4,349780,0
JVC,8/25/2020 9:15:00 AM,4.28,4.28,4.28,4.28,1197050,0
JVC,8/26/2020 9:15:00 AM,4.57,4.57,4.31,4.55,2272580,0
JVC,8/27/2020 9:15:00 AM,4.5,4.55,4.38,4.38,696300,0
JVC,8/28/2020 9:15:00 AM,4.48,4.69,4.47,4.69,3837620,0
JVC,8/31/2020 9:15:00 AM,5.01,5.01,5.01,5.01,921740,0
JVC,9/1/2020 9:15:00 AM,5.36,5.36,5.15,5.36,3896240,0
JVC,9/3/2020 9:15:00 AM,5.6,5.73,5.34,5.44,3162810,0
JVC,9/4/2020 9:15:00 AM,5.4,5.45,5.28,5.35,1549890,0
JVC,9/7/2020 9:15:00 AM,5.3,5.59,5.09,5.2,2033510,0
JVC,9/8/2020 9:15:00 AM,5.02,5.15,5.02,5.1,1334610,0
JVC,9/9/2020 9:15:00 AM,5,5.39,4.99,5.36,1299390,0
JVC,9/10/2020 9:15:00 AM,5.25,5.4,5.2,5.2,602220,0
JVC,9/11/2020 9:15:00 AM,5.2,5.3,5,5.15,660770,0
JVC,9/14/2020 9:15:00 AM,5.11,5.11,4.93,4.94,1574010,0
JVC,9/15/2020 9:15:00 AM,4.89,5.28,4.86,5.1,1736530,0
JVC,9/16/2020 9:15:00 AM,5.11,5.23,5.1,5.14,621560,0
JVC,9/17/2020 9:15:00 AM,5.1,5.3,5.1,5.18,1195230,0
JVC,9/18/2020 9:15:00 AM,5.15,5.27,5.15,5.18,613800,0
JVC,9/21/2020 9:15:00 AM,5.17,5.2,5.1,5.1,1118920,0
JVC,9/22/2020 9:15:00 AM,5.05,5.09,4.98,5,1106840,0
JVC,9/23/2020 9:15:00 AM,5.1,5.17,5.01,5.03,491440,0
JVC,9/24/2020 9:15:00 AM,5.04,5.08,5.02,5.02,590850,0
JVC,9/25/2020 9:15:00 AM,5.02,5.11,5,5.02,481470,0
JVC,9/28/2020 9:15:00 AM,5.3,5.35,5.15,5.15,1452060,0
JVC,9/29/2020 9:15:00 AM,5.2,5.22,5.05,5.07,564980,0
JVC,9/30/2020 9:15:00 AM,5.03,5.16,4.95,4.99,769870,0
JVC,10/1/2020 9:15:00 AM,5,5.08,4.95,5.05,1084960,0
JVC,10/2/2020 9:15:00 AM,5,5.02,4.97,5.02,956160,0
JVC,10/5/2020 9:15:00 AM,5.1,5.1,5,5.01,662540,0
JVC,10/6/2020 9:20:00 AM,5.05,5.08,4.99,5,743190,0
JVC,10/7/2020 9:15:00 AM,5,5.2,5,5.15,1491210,0
JVC,10/8/2020 9:25:00 AM,5.16,5.18,5.07,5.1,376640,0
JVC,10/9/2020 9:20:00 AM,5.07,5.11,5.06,5.1,466180,0
JVC,10/12/2020 9:15:00 AM,5.07,5.11,4.95,4.95,1126330,0
JVC,10/13/2020 11:05:00 AM,4.8,4.87,4.78,4.86,1118520,0
JVC,10/14/2020 9:15:00 AM,4.85,4.93,4.85,4.9,137500,0
JVC,10/15/2020 9:15:00 AM,4.79,4.79,4.69,4.73,302760,0
JVC,10/16/2020 9:15:00 AM,4.55,4.63,4.47,4.47,796990,0
JVC,10/19/2020 9:15:00 AM,4.63,4.63,4.47,4.48,57750,0
JVC,10/21/2020 9:15:00 AM,4.49,4.49,4.35,4.41,522340,0
JVC,10/22/2020 9:55:00 AM,4.4,4.53,4.35,4.52,446090,0
JVC,10/23/2020 9:20:00 AM,4.56,4.56,4.47,4.47,427710,0
JVC,10/26/2020 9:15:00 AM,4.47,4.6,4.44,4.48,598980,0
JVC,10/27/2020 9:15:00 AM,4.4,4.49,4.33,4.33,322450,0
JVC,10/28/2020 9:15:00 AM,4.29,4.3,4.26,4.27,73390,0
JVC,10/29/2020 9:15:00 AM,4.1,4.1,4,4.03,493940,0
JVC,10/30/2020 9:15:00 AM,4,4.1,3.93,3.95,370150,0
JVC,11/2/2020 9:15:00 AM,4,4.1,3.95,4.1,187990,0
JVC,11/3/2020 9:15:00 AM,4.1,4.1,4.06,4.06,204960,0
JVC,11/4/2020 9:15:00 AM,4.07,4.12,4.05,4.11,208390,0
JVC,11/5/2020 9:15:00 AM,4.19,4.19,4.12,4.13,134320,0
JVC,11/6/2020 9:15:00 AM,4.1,4.15,4.06,4.1,258400,0
JVC,11/9/2020 9:15:00 AM,4.07,4.19,4.07,4.14,249370,0
JVC,11/10/2020 9:25:00 AM,4.21,4.21,4.15,4.15,227990,0
JVC,11/11/2020 9:15:00 AM,4.15,4.16,4.1,4.14,146290,0
JVC,11/12/2020 9:15:00 AM,4.14,4.17,4.11,4.15,204620,0
JVC,11/13/2020 9:05:00 AM,4.15,4.15,4.15,4.15,0,0
JVC,11/16/2020 9:15:00 AM,4.15,4.16,4.1,4.13,382110,0
JVC,11/17/2020 9:15:00 AM,4.11,4.14,4.1,4.14,229510,0
JVC,11/18/2020 9:15:00 AM,4.14,4.16,4.12,4.14,213310,0
JVC,11/19/2020 9:15:00 AM,4.15,4.15,4.11,4.13,242410,0
JVC,11/20/2020 9:15:00 AM,4.15,4.41,4.08,4.41,1208400,0
JVC,11/23/2020 9:15:00 AM,4.59,4.71,4.47,4.66,1539460,0
JVC,11/24/2020 9:15:00 AM,4.65,4.65,4.5,4.56,432240,0
JVC,11/25/2020 9:15:00 AM,4.58,4.58,4.46,4.5,420320,0
JVC,11/26/2020 9:15:00 AM,4.54,4.64,4.47,4.57,682700,0
JVC,11/27/2020 9:15:00 AM,4.59,4.64,4.55,4.55,292460,0
JVC,11/30/2020 9:20:00 AM,4.61,4.63,4.55,4.55,135050,0
JVC,12/1/2020 9:25:00 AM,4.47,4.47,4.43,4.43,327960,0
JVC,12/3/2020 9:15:00 AM,4.52,4.55,4.49,4.53,144990,0
JVC,12/4/2020 9:15:00 AM,4.51,4.51,4.48,4.49,217690,0
JVC,12/7/2020 9:15:32 AM,4.46,4.5,4.44,4.46,593130,0
JVC,12/8/2020 9:15:31 AM,4.7,4.77,4.47,4.77,1534900,0
JVC,12/9/2020 9:15:16 AM,4.88,5,4.82,4.82,1874470,0
JVC,12/10/2020 9:15:31 AM,4.82,4.83,4.7,4.71,745040,0
JVC,12/11/2020 9:15:20 AM,4.62,4.72,4.6,4.64,608800,0
JVC,12/14/2020 9:15:31 AM,4.62,4.7,4.62,4.69,352230,0
JVC,12/15/2020 9:15:30 AM,4.7,4.85,4.63,4.69,635330,0
JVC,12/16/2020 9:15:17 AM,4.71,4.8,4.69,4.71,680360,0
JVC,12/17/2020 9:15:29 AM,4.81,4.82,4.7,4.73,725200,0
JVC,12/18/2020 9:15:38 AM,4.81,4.81,4.71,4.72,533630,0
JVC,12/21/2020 9:15:37 AM,4.91,4.97,4.83,4.88,1543520,0
JVC,12/22/2020 9:15:12 AM,5.22,5.22,5.22,5.22,939110,0
JVC,12/23/2020 9:15:33 AM,5.58,5.58,5.58,5.58,609250,0
JVC,12/24/2020 9:15:25 AM,5.97,5.97,5.5,5.97,7431530,0
JVC,12/25/2020 9:15:16 AM,6.15,6.38,6.14,6.38,2674180,0
JVC,12/28/2020 9:15:38 AM,6.5,6.82,6.38,6.59,4229700,0
JVC,12/29/2020 9:15:21 AM,6.15,6.4,6.13,6.13,2413120,0
JVC,12/30/2020 9:15:34 AM,5.71,6.32,5.71,6,4758740,0
JVC,12/31/2020 9:15:22 AM,5.95,6.25,5.8,6,1562160,0
JVC,1/4/2021 9:15:12 AM,6,6.17,5.96,6.05,1940300,0
JVC,1/5/2021 9:15:22 AM,5.93,5.99,5.85,5.88,1823200,0
JVC,1/6/2021 9:15:21 AM,5.92,6,5.86,5.88,1639400,0
JVC,1/7/2021 9:15:14 AM,5.9,6,5.67,6,1861300,0
JVC,1/8/2021 9:15:53 AM,6,6,5.88,5.93,1134800,0
JVC,1/11/2021 9:15:27 AM,5.95,5.98,5.86,5.88,1056000,0
JVC,1/12/2021 9:15:35 AM,5.9,5.9,5.82,5.84,1072900,0
JVC,1/13/2021 9:15:30 AM,5.81,6.24,5.81,6.1,3576200,0
JVC,1/14/2021 9:15:22 AM,6.1,6.21,6.1,6.15,2300200,0
JVC,1/15/2021 9:15:33 AM,6.16,6.23,6.09,6.13,2227000,0
JVC,1/18/2021 9:15:35 AM,6.05,6.45,6.03,6.2,2390400,0
JVC,1/19/2021 9:15:36 AM,6.11,6.2,5.77,5.77,1269700,0
JVC,1/20/2021 9:15:36 AM,5.68,5.76,5.37,5.5,1383600,0
JVC,1/21/2021 9:15:34 AM,5.72,5.75,5.49,5.69,944600,0
JVC,1/22/2021 9:15:32 AM,5.75,5.75,5.5,5.69,1076700,0
JVC,1/25/2021 9:15:31 AM,5.69,5.69,5.5,5.55,722000,0
JVC,1/26/2021 9:15:14 AM,5.5,5.5,5.17,5.17,1716800,0
JVC,1/27/2021 9:15:12 AM,5,5.13,4.81,4.81,1379300,0
JVC,1/28/2021 9:15:18 AM,4.5,4.59,4.48,4.48,1380900,0
JVC,1/29/2021 9:15:13 AM,4.17,4.64,4.17,4.61,1005900,0
JVC,2/1/2021 9:15:23 AM,4.62,4.86,4.32,4.39,662400,0
JVC,2/2/2021 9:15:14 AM,4.39,4.49,4.24,4.4,730300,0
JVC,2/3/2021 9:15:28 AM,4.45,4.67,4.41,4.63,658200,0
JVC,2/4/2021 9:15:19 AM,4.69,4.69,4.56,4.56,543100,0
JVC,2/5/2021 9:15:15 AM,4.56,4.6,4.54,4.56,595400,0
JVC,2/8/2021 9:15:27 AM,4.56,4.57,4.38,4.4,394200,0
JVC,2/9/2021 9:15:24 AM,4.38,4.55,4.33,4.5,352100,0
JVC,2/17/2021 9:15:32 AM,4.54,4.7,4.5,4.69,669700,0
JVC,2/18/2021 9:15:32 AM,4.74,4.74,4.65,4.72,522600,0
JVC,2/19/2021 9:15:34 AM,4.69,4.73,4.6,4.7,546600,0
JVC,2/22/2021 9:15:31 AM,4.7,4.85,4.7,4.8,600500,0
JVC,2/23/2021 9:15:11 AM,4.8,4.8,4.7,4.77,589700,0
JVC,2/24/2021 9:15:14 AM,4.8,4.8,4.66,4.67,438600,0
JVC,2/25/2021 9:15:12 AM,4.7,4.7,4.57,4.67,485300,0
JVC,2/26/2021 9:15:26 AM,4.67,4.75,4.65,4.74,539300,0
JVC,3/1/2021 9:15:14 AM,4.75,4.8,4.72,4.76,419000,0
JVC,3/2/2021 9:15:24 AM,4.76,4.78,4.72,4.73,297000,0
JVC,3/3/2021 9:15:17 AM,4.73,5.06,4.73,5.06,1353400,0
JVC,3/4/2021 9:15:28 AM,5.41,5.41,5.07,5.14,1579900,0
JVC,3/5/2021 9:15:21 AM,5.14,5.14,4.9,5.13,639700,0
JVC,3/8/2021 9:15:31 AM,5.1,5.23,5.09,5.2,1080200,0
JVC,3/9/2021 9:15:31 AM,5.16,5.2,5,5.11,889300,0
JVC,3/10/2021 9:15:31 AM,5.11,5.18,5.09,5.13,441700,0
JVC,3/11/2021 9:15:33 AM,5.13,5.16,5.13,5.14,513900,0
JVC,3/12/2021 9:15:33 AM,5.16,5.17,5.12,5.17,463200,0
JVC,3/15/2021 9:15:27 AM,5.18,5.49,5.17,5.4,1529600,0
JVC,3/16/2021 9:15:41 AM,5.49,5.49,5.2,5.3,669100,0
JVC,3/17/2021 9:15:34 AM,5.25,5.35,5.25,5.34,608600,0
JVC,3/18/2021 9:15:35 AM,5.39,5.4,5.25,5.3,797100,0
JVC,3/19/2021 9:15:30 AM,5.3,5.35,5.25,5.27,699600,0
JVC,3/22/2021 9:15:43 AM,5.26,5.28,5.22,5.22,475100,0
JVC,3/23/2021 9:15:47 AM,5.26,5.26,5.15,5.2,718200,0
JVC,3/24/2021 9:15:58 AM,5.15,5.16,5,5,659100,0
JVC,3/25/2021 9:15:46 AM,5.04,5.1,4.96,5.03,668300,0
JVC,3/26/2021 9:15:50 AM,4.95,5,4.72,4.89,552500,0
JVC,3/29/2021 9:15:51 AM,4.9,5.23,4.9,5.23,1051800,0
JVC,3/30/2021 9:15:14 AM,5.29,5.36,5.23,5.28,978800,0
JVC,3/31/2021 9:15:29 AM,5.3,5.3,5.12,5.17,748800,0
JVC,4/1/2021 9:15:07 AM,5.14,5.17,5.09,5.17,641400,0
JVC,4/2/2021 9:15:19 AM,5.17,5.18,5.14,5.17,724400,0
JVC,4/5/2021 9:15:15 AM,5.19,5.24,5.18,5.2,901800,0
JVC,4/6/2021 9:15:23 AM,5.25,5.56,5.23,5.56,2163900,0
JVC,4/7/2021 9:15:21 AM,5.9,5.9,5.65,5.82,2357400,0
JVC,4/8/2021 9:15:33 AM,5.82,5.83,5.42,5.42,3023100,0
JVC,4/9/2021 9:15:18 AM,5.3,5.31,5.05,5.25,9525100,0
JVC,4/12/2021 9:15:32 AM,5.39,5.61,5.39,5.61,1730200,0
JVC,4/13/2021 9:15:09 AM,5.76,5.81,5.4,5.5,3516400,0
JVC,4/14/2021 9:15:26 AM,5.28,5.6,5.21,5.58,3649300,0
JVC,4/15/2021 9:15:19 AM,5.61,5.67,5.55,5.59,3247700,0
JVC,4/16/2021 9:15:13 AM,5.6,5.6,5.21,5.34,1742300,0
JVC,4/19/2021 9:15:10 AM,5.3,5.33,5.01,5.1,2553000,0
JVC,4/20/2021 9:15:26 AM,4.97,5.05,4.88,5.01,2870600,0
JVC,4/22/2021 9:15:18 AM,5.01,5.11,4.71,4.71,2133500,0
JVC,4/23/2021 9:15:25 AM,4.7,4.93,4.7,4.92,857700,0
JVC,4/26/2021 9:15:23 AM,4.99,4.99,4.6,4.71,1063200,0
JVC,4/27/2021 9:15:21 AM,4.68,4.81,4.48,4.75,1417400,0
JVC,4/28/2021 9:15:16 AM,4.72,4.95,4.72,4.8,578100,0
JVC,4/29/2021 9:15:17 AM,4.9,4.9,4.6,4.79,607500,0
JVC,5/4/2021 9:15:29 AM,4.6,4.77,4.55,4.6,677900,0
JVC,5/5/2021 9:15:15 AM,4.6,4.8,4.6,4.75,739000,0
JVC,5/6/2021 9:15:10 AM,4.75,4.83,4.7,4.73,784300,0
JVC,5/7/2021 9:15:23 AM,4.73,4.74,4.5,4.6,829500,0
JVC,5/10/2021 9:15:22 AM,4.4,4.59,4.4,4.51,1181300,0
JVC,5/11/2021 9:15:21 AM,4.51,4.7,4.5,4.61,659600,0
JVC,5/12/2021 9:15:27 AM,4.62,4.68,4.59,4.65,467700,0
JVC,5/13/2021 9:15:24 AM,4.65,4.66,4.55,4.6,792600,0
JVC,5/14/2021 9:15:19 AM,4.6,4.61,4.5,4.52,1283300,0
JVC,5/17/2021 9:15:15 AM,4.52,4.57,4.47,4.47,736000,0
JVC,5/18/2021 9:15:17 AM,4.47,4.62,4.4,4.51,1069200,0
JVC,5/19/2021 9:15:19 AM,4.5,4.5,4.4,4.41,683000,0
JVC,5/20/2021 9:15:25 AM,4.42,4.44,4.22,4.35,913800,0
JVC,5/21/2021 9:15:17 AM,4.25,4.5,4.25,4.39,699000,0
JVC,5/24/2021 9:15:25 AM,4.4,4.47,4.35,4.42,695500,0
JVC,5/25/2021 9:15:18 AM,4.42,4.46,4.39,4.42,550500,0
JVC,5/26/2021 9:15:09 AM,4.3,4.41,4.28,4.3,810700,0
JVC,5/27/2021 9:15:21 AM,4.34,4.34,4.18,4.21,633000,0
JVC,5/28/2021 9:16:14 AM,4.2,4.23,4.17,4.21,1013200,0
JVC,5/31/2021 9:15:47 AM,4.21,4.4,4.21,4.39,1031800,0
JVC,6/1/2021 9:15:34 AM,4.42,4.43,4.31,4.32,493300,0
JVC,6/2/2021 9:15:37 AM,4.32,4.32,4.22,4.26,855100,0
JVC,6/3/2021 9:15:37 AM,4.26,4.4,4.26,4.38,1472900,0
JVC,6/4/2021 9:15:30 AM,4.4,4.68,4.4,4.68,2859200,0
JVC,6/7/2021 9:15:33 AM,4.95,4.97,4.76,4.81,2027700,0
JVC,6/8/2021 9:15:32 AM,4.8,4.8,4.5,4.52,1090400,0
JVC,6/9/2021 9:15:34 AM,4.5,4.6,4.37,4.42,1143100,0
JVC,6/10/2021 9:15:21 AM,4.42,4.5,4.42,4.49,689700,0
JVC,6/11/2021 9:15:31 AM,4.46,4.6,4.46,4.53,579000,0
JVC,6/14/2021 9:15:33 AM,4.54,4.54,4.45,4.48,923100,0
JVC,6/15/2021 9:15:33 AM,4.5,4.5,4.4,4.42,720100,0
JVC,6/16/2021 9:15:35 AM,4.4,4.55,4.35,4.48,957400,0
JVC,6/17/2021 9:15:42 AM,4.46,4.55,4.43,4.52,752100,0
JVC,6/18/2021 9:15:53 AM,4.52,4.66,4.5,4.59,1208000,0
JVC,6/21/2021 9:15:25 AM,4.6,4.6,4.51,4.53,548400,0
JVC,6/22/2021 9:15:11 AM,4.52,4.55,4.5,4.53,567300,0
JVC,6/23/2021 9:15:15 AM,4.51,4.55,4.45,4.46,639600,0
JVC,6/24/2021 9:15:20 AM,4.41,4.48,4.39,4.4,776800,0
JVC,6/25/2021 9:15:16 AM,4.4,4.47,4.36,4.38,501700,0
JVC,6/28/2021 9:15:29 AM,4.38,4.5,4.36,4.41,814100,0
JVC,6/29/2021 9:15:27 AM,4.39,4.45,4.36,4.38,523100,0
JVC,6/30/2021 9:15:34 AM,4.35,4.37,4.23,4.24,1617200,0
JVC,7/1/2021 9:15:25 AM,4.12,4.2,3.95,4.02,3228000,0
JVC,7/2/2021 9:15:23 AM,4,4.2,3.86,4.2,2220200,0
JVC,7/5/2021 9:15:08 AM,4.05,4.1,3.94,3.94,600300,0
JVC,7/6/2021 1:00:13 PM,3.7,3.94,3.67,3.67,1291300,0
JVC,7/7/2021 1:00:16 PM,3.67,3.67,3.42,3.42,1711300,0
JVC,7/8/2021 1:00:13 PM,3.42,3.65,3.3,3.65,458000,0
JVC,7/9/2021 1:00:12 PM,3.7,3.9,3.68,3.7,744800,0
JVC,7/12/2021 1:00:23 PM,3.5,3.55,3.45,3.45,594600,0
JVC,7/13/2021 1:00:15 PM,3.45,3.6,3.41,3.5,380100,0
JVC,7/14/2021 9:15:07 AM,3.64,3.7,3.5,3.56,528700,0
JVC,7/15/2021 9:15:05 AM,3.68,3.68,3.56,3.6,395400,0
JVC,7/16/2021 9:15:04 AM,3.59,3.64,3.5,3.52,489200,0
JVC,7/19/2021 9:15:07 AM,3.43,3.76,3.35,3.76,2048200,0
JVC,7/20/2021 9:15:04 AM,3.95,4.02,3.88,4.02,1766500,0
JVC,7/21/2021 9:15:05 AM,4.3,4.3,4.05,4.14,2768400,0
JVC,7/22/2021 9:15:06 AM,3.93,4.1,3.88,4.06,1228400,0
JVC,7/23/2021 9:15:03 AM,4,4,3.83,3.88,1163200,0
JVC,7/26/2021 9:15:09 AM,3.7,3.86,3.65,3.73,1011200,0
JVC,7/27/2021 9:15:07 AM,3.75,3.96,3.75,3.86,952600,0
JVC,7/28/2021 9:15:04 AM,3.89,3.9,3.78,3.89,376600,0
JVC,7/29/2021 9:15:04 AM,3.87,3.87,3.82,3.84,386200,0
JVC,7/30/2021 9:15:08 AM,3.83,4.1,3.79,4.1,1909300,0
JVC,8/2/2021 9:15:03 AM,4.19,4.36,4.12,4.12,2233300,0
JVC,8/3/2021 9:15:07 AM,4.15,4.25,4.1,4.17,886100,0
JVC,8/4/2021 9:15:05 AM,4.17,4.2,4.05,4.14,972200,0
JVC,8/5/2021 9:15:05 AM,4.13,4.29,4.06,4.2,1109100,0
JVC,8/6/2021 9:15:04 AM,4.2,4.27,4.1,4.11,1061900,0
JVC,8/9/2021 9:15:08 AM,4.18,4.35,4.11,4.28,2266300,0
JVC,8/10/2021 9:15:08 AM,4.28,4.36,4.19,4.2,772400,0
JVC,8/11/2021 9:15:08 AM,4.2,4.27,4.16,4.22,1076900,0
JVC,8/12/2021 9:15:08 AM,4.22,4.26,4.17,4.21,888100,0
JVC,8/13/2021 9:15:04 AM,4.25,4.28,4.15,4.2,766300,0
JVC,8/16/2021 9:15:09 AM,4.2,4.22,4.16,4.19,1299200,0
JVC,8/17/2021 9:15:08 AM,4.2,4.48,4.2,4.48,3977300,0
JVC,8/18/2021 9:15:05 AM,4.79,4.79,4.75,4.79,2227100,0
JVC,8/19/2021 9:15:07 AM,5.12,5.12,5.12,5.12,2300600,0
JVC,8/20/2021 9:15:08 AM,5.47,5.47,5,5.47,1.48719e+007,0
JVC,8/23/2021 9:15:11 AM,5.6,5.63,5.47,5.58,5811000,0
JVC,8/24/2021 9:15:06 AM,5.49,5.49,5.19,5.19,3245600,0
JVC,8/25/2021 9:15:07 AM,4.83,4.83,4.83,4.83,1266600,0
JVC,8/26/2021 9:15:07 AM,4.7,5.15,4.7,5,4932500,0
JVC,8/27/2021 9:15:06 AM,4.81,5.29,4.81,5.15,4044800,0
JVC,8/30/2021 9:15:06 AM,5.22,5.51,5.21,5.51,7763500,0
JVC,8/31/2021 9:15:08 AM,5.7,5.8,5.4,5.45,5610400,0
JVC,9/1/2021 9:15:07 AM,5.23,5.35,5.18,5.25,4789900,0
JVC,9/6/2021 9:15:10 AM,5.2,5.55,5.05,5.25,4544200,0
JVC,9/7/2021 9:15:05 AM,5.26,5.29,4.99,5.05,4515400,0
JVC,9/8/2021 9:15:06 AM,5.05,5.4,4.99,5.4,6725200,0
JVC,9/9/2021 9:15:05 AM,5.77,5.77,5.45,5.5,7811800,0
JVC,9/10/2021 9:15:02 AM,5.46,5.7,5.4,5.47,2824000,0
JVC,9/13/2021 9:15:05 AM,5.44,5.69,5.33,5.49,6127300,0
JVC,9/14/2021 9:15:11 AM,5.45,5.68,5.45,5.49,4557300,0
JVC,9/15/2021 9:15:09 AM,5.69,5.87,5.55,5.87,6808700,0
JVC,9/16/2021 9:15:04 AM,6.28,6.28,6.28,6.28,1534700,0
JVC,9/17/2021 9:15:08 AM,6.71,6.71,6.28,6.71,1.80457e+007,0
JVC,9/20/2021 9:15:07 AM,6.83,7.17,6.78,7.17,9677500,0
JVC,9/21/2021 9:15:08 AM,7.3,7.67,7.19,7.67,6319200,0
JVC,9/22/2021 9:15:09 AM,7.88,8.2,7.7,8.2,3362300,0
JVC,9/23/2021 9:15:10 AM,8.77,8.77,7.63,7.63,1.57071e+007,0
JVC,9/24/2021 9:15:07 AM,7.3,7.63,7.1,7.1,7783700,0
JVC,9/27/2021 9:15:08 AM,6.61,7.1,6.61,6.61,4717500,0
JVC,9/28/2021 9:15:12 AM,6.15,6.9,6.15,6.85,7646400,0
JVC,9/29/2021 9:15:07 AM,6.85,6.85,6.42,6.61,2324500,0
JVC,9/30/2021 9:15:05 AM,6.62,6.85,6.62,6.73,1726000,0
JVC,10/1/2021 9:15:06 AM,6.61,6.68,6.3,6.3,2676900,0
JVC,10/4/2021 9:15:03 AM,6.35,6.57,6.22,6.3,2638100,0
JVC,10/5/2021 9:15:07 AM,6.38,6.74,6.35,6.74,1592800,0
JVC,10/6/2021 9:15:07 AM,7.1,7.16,6.85,6.92,2812900,0
JVC,10/7/2021 9:15:08 AM,6.91,7.1,6.62,6.91,2738000,0
JVC,10/8/2021 9:15:05 AM,6.91,6.99,6.7,6.79,2089400,0
JVC,10/11/2021 9:15:04 AM,6.75,6.77,6.5,6.56,2062900,0
JVC,10/12/2021 9:15:08 AM,6.7,6.7,6.46,6.49,1832600,0
JVC,10/13/2021 9:15:05 AM,6.5,6.75,6.46,6.5,1678400,0
JVC,10/14/2021 9:15:08 AM,6.52,6.75,6.5,6.7,1628100,0
JVC,10/15/2021 9:15:06 AM,6.85,6.85,6.51,6.6,1730000,0
JVC,10/18/2021 9:15:08 AM,6.72,6.74,6.51,6.51,1575100,0
JVC,10/19/2021 9:15:07 AM,6.52,6.72,6.45,6.59,1870800,0
JVC,10/20/2021 9:15:10 AM,6.74,7.05,6.69,7.05,5867500,0
JVC,10/21/2021 9:15:03 AM,7.46,7.46,7.08,7.13,2592900,0
JVC,10/22/2021 9:15:03 AM,7.05,7.13,6.9,6.99,2564500,0
JVC,10/25/2021 9:15:10 AM,6.9,7.35,6.75,7.1,3789900,0
JVC,10/26/2021 9:15:12 AM,7.25,7.29,7.04,7.07,2158800,0
JVC,10/27/2021 9:15:09 AM,7.15,7.45,7.07,7.15,2704200,0
JVC,10/28/2021 9:15:13 AM,7.2,7.34,7.09,7.09,2330300,0
JVC,10/29/2021 9:15:11 AM,7.1,7.4,7.05,7.32,3558200,0
JVC,11/1/2021 9:15:15 AM,7.22,7.78,7.21,7.41,4643400,0
JVC,11/2/2021 9:15:11 AM,7.4,7.55,7.36,7.49,4276600,0
JVC,11/3/2021 9:15:12 AM,7.51,7.65,6.97,7,4459500,0
JVC,11/4/2021 9:15:11 AM,7,7.12,6.8,7.04,2416100,0
JVC,11/5/2021 9:15:12 AM,7.14,7.2,7,7.19,2273000,0
JVC,11/8/2021 9:15:10 AM,7.22,7.37,7.2,7.24,2090200,0
JVC,11/9/2021 9:15:06 AM,7.38,7.38,7.11,7.15,2739700,0
JVC,11/10/2021 9:15:10 AM,7.15,7.65,7.07,7.65,5465000,0
JVC,11/11/2021 9:15:06 AM,7.9,8.15,7.57,7.79,5231300,0
JVC,11/12/2021 9:15:10 AM,7.75,8.19,7.72,8.04,4705800,0
JVC,11/15/2021 9:25:14 AM,7.99,8.55,7.9,8.38,5843500,0
JVC,11/16/2021 9:15:12 AM,8.22,8.3,7.84,7.99,4294200,0
JVC,11/17/2021 9:15:08 AM,7.81,8.3,7.81,8.06,3345200,0
JVC,11/18/2021 9:15:03 AM,8.2,8.62,8.09,8.62,6600500,0
JVC,11/19/2021 9:15:04 AM,9.22,9.22,8.55,9.18,1.04936e+007,0
JVC,11/22/2021 9:15:04 AM,9.41,9.49,8.54,8.54,6202400,0
JVC,11/23/2021 9:15:05 AM,8.11,8.5,7.95,8.5,4183800,0
JVC,11/24/2021 9:15:05 AM,8.5,8.9,8.49,8.5,3195300,0
JVC,11/25/2021 9:15:06 AM,8.4,8.58,8.19,8.3,2533200,0
JVC,11/26/2021 9:15:09 AM,8.25,8.69,8.23,8.38,2885400,0
JVC,11/29/2021 9:15:04 AM,8.3,8.96,8.25,8.96,2049800,0
JVC,11/30/2021 9:15:08 AM,9.58,9.58,9.58,9.58,1807900,0
JVC,12/1/2021 9:15:07 AM,10.25,10.25,9.6,9.8,9137200,0
JVC,12/2/2021 9:15:03 AM,9.59,10.3,9.2,9.88,7744400,0
JVC,12/3/2021 9:15:06 AM,9.7,10.35,9.5,9.5,3247900,0
JVC,12/6/2021 9:15:04 AM,9.5,9.69,8.84,8.86,4117700,0
JVC,12/7/2021 9:15:04 AM,9,9.3,8.8,9.16,2882300,0
JVC,12/8/2021 9:15:04 AM,9.17,9.3,9,9,2248800,0
JVC,12/9/2021 9:15:09 AM,8.8,9.21,8.8,9.12,2367500,0
JVC,12/10/2021 9:15:06 AM,9.12,9.12,8.9,8.92,2220000,0
JVC,12/13/2021 9:15:04 AM,8.93,9.29,8.93,9.15,2844000,0
JVC,12/14/2021 9:15:07 AM,9.16,9.22,9,9.1,2755600,0
JVC,12/15/2021 9:15:08 AM,9.02,9.13,8.95,9,2434700,0
JVC,12/16/2021 9:15:06 AM,9,9.46,8.99,9.2,4175600,0
JVC,12/17/2021 9:15:06 AM,9.35,9.45,9.14,9.16,3464100,0
JVC,12/20/2021 9:15:08 AM,9.15,9.28,8.98,8.99,3379100,0
JVC,12/21/2021 9:15:07 AM,8.97,9.61,8.95,9.61,5779200,0
JVC,12/22/2021 9:15:06 AM,10.25,10.25,10.25,10.25,2399200,0
JVC,12/23/2021 9:15:09 AM,10.25,10.3,9.6,9.89,8213500,0
JVC,12/24/2021 9:15:04 AM,9.8,10.2,9.41,9.56,4369400,0
JVC,12/27/2021 9:15:07 AM,9.56,9.9,9.3,9.59,4903500,0
JVC,12/28/2021 9:15:07 AM,9.51,10.25,9.45,10.25,1.16963e+007,0
JVC,12/29/2021 9:15:07 AM,10.5,10.8,9.9,10,1.08672e+007,0
JVC,12/30/2021 9:15:06 AM,10.2,10.45,10,10.15,3395100,0
JVC,12/31/2021 9:15:05 AM,10.1,10.4,10,10.15,4669200,0
JVC,1/4/2022 9:15:12 AM,10.15,10.8,10,10.35,4562800,0
JVC,1/5/2022 9:15:12 AM,10.5,11.05,10.3,11.05,1.1788e+007,0
JVC,1/6/2022 9:15:11 AM,11.25,11.8,11.15,11.8,6945500,0
JVC,1/7/2022 9:15:12 AM,12.6,12.6,12.2,12.4,1.19816e+007,0
JVC,1/10/2022 9:15:12 AM,12.1,13.25,12.05,12.6,9194200,0
JVC,1/11/2022 9:15:12 AM,12.5,12.65,11.75,11.75,1.30782e+007,0
JVC,1/12/2022 9:15:16 AM,10.95,11.5,10.95,10.95,7177200,0
JVC,1/13/2022 9:15:09 AM,10.45,11.4,10.2,10.2,7585100,0
JVC,1/14/2022 9:15:09 AM,9.49,10.65,9.49,9.98,5963600,0
JVC,1/17/2022 9:15:07 AM,10.3,10.3,9.29,9.29,3476400,0
JVC,1/18/2022 9:15:07 AM,9.2,9.2,8.64,8.64,3922100,0
JVC,1/19/2022 9:15:08 AM,8.35,8.9,8.04,8.04,4008300,0
JVC,1/20/2022 9:15:12 AM,7.9,8.6,7.68,8.6,2626500,0
JVC,1/21/2022 9:15:07 AM,9,9.16,8.9,9.06,2714000,0
JVC,1/24/2022 9:15:07 AM,8.9,9,8.43,8.43,1854700,0
JVC,1/25/2022 9:15:06 AM,8.1,8.7,8.02,8.45,1437200,0
JVC,1/26/2022 9:15:08 AM,8.3,8.65,7.86,7.86,2226400,0
JVC,1/27/2022 9:15:07 AM,7.86,8,7.31,7.32,2651100,0
JVC,1/28/2022 9:15:10 AM,7.33,7.83,7.33,7.83,1252800,0
JVC,2/7/2022 9:15:12 AM,8.3,8.37,8,8.37,1093100,0
JVC,2/8/2022 9:15:13 AM,8.45,8.85,8.39,8.46,1638400,0
JVC,2/9/2022 9:15:08 AM,8.45,8.69,8.3,8.55,1047400,0
JVC,2/10/2022 9:15:12 AM,8.6,8.7,8.5,8.52,1158400,0
JVC,2/11/2022 9:15:12 AM,8.52,8.52,8.37,8.43,1101800,0
JVC,2/14/2022 9:15:12 AM,8,8.42,8,8.16,959800,0
JVC,2/15/2022 9:15:16 AM,8.16,8.21,7.99,8.18,1253100,0
JVC,2/16/2022 9:15:08 AM,8.4,8.6,8.21,8.4,1407200,0
JVC,2/17/2022 9:15:12 AM,8.5,8.58,8.37,8.4,872300,0
JVC,2/18/2022 9:15:12 AM,8.39,8.84,8.3,8.84,3239900,0
JVC,2/21/2022 9:15:17 AM,9.15,9.4,9.1,9.28,3328700,0
JVC,2/22/2022 9:15:17 AM,9.28,9.8,8.9,9.5,4128500,0
JVC,2/23/2022 9:15:10 AM,9.58,9.8,9.21,9.64,2887600,0
JVC,2/24/2022 9:15:12 AM,9.7,9.7,8.97,9.16,3250600,0
JVC,2/25/2022 9:15:13 AM,9.21,9.49,9.18,9.29,2013300,0
JVC,2/28/2022 9:15:12 AM,9.16,9.86,9.15,9.75,3768900,0
JVC,3/1/2022 9:15:14 AM,9.81,10.4,9.8,10.4,5016100,0
JVC,3/2/2022 9:15:17 AM,10.8,10.8,10.15,10.4,4785500,0
JVC,3/3/2022 9:15:14 AM,10.4,10.8,10.1,10.65,4213300,0
JVC,3/4/2022 9:15:11 AM,10.5,11,10.35,10.65,3938500,0
JVC,3/7/2022 9:15:19 AM,10.6,10.8,10.35,10.6,3573200,0
JVC,3/8/2022 9:15:15 AM,10.55,11.3,10.4,11,1.01243e+007,0
JVC,3/9/2022 9:15:14 AM,11,11.45,10.55,11.05,5295300,0
JVC,3/10/2022 9:15:33 AM,11.3,11.45,11,11.05,3313200,0
JVC,3/11/2022 9:15:14 AM,10.9,11.1,10.5,10.7,5488400,0
JVC,3/14/2022 9:15:16 AM,10.7,10.9,10.15,10.4,4149100,0
JVC,3/15/2022 9:15:17 AM,10.5,10.7,10.2,10.45,2561300,0
JVC,3/16/2022 9:15:13 AM,10.7,11.15,10.65,11.15,5427200,0
JVC,3/17/2022 9:15:15 AM,11.9,11.9,11.9,11.9,3874200,0
JVC,3/18/2022 9:15:14 AM,12.7,12.7,11.8,11.9,1.51091e+007,0
JVC,3/21/2022 9:15:20 AM,12,12.7,12,12.7,3470600,0
JVC,3/22/2022 9:15:16 AM,13.55,13.55,13,13.3,1.38178e+007,0
JVC,3/23/2022 9:15:31 AM,13.3,13.5,12.55,12.7,1.12632e+007,0
JVC,3/24/2022 9:15:12 AM,12.2,13.2,12.2,12.95,5603000,0
JVC,3/25/2022 9:15:17 AM,12.9,13.5,12.9,13.25,3668200,0
JVC,3/28/2022 9:15:15 AM,12.5,13.2,12.35,12.6,1.32508e+007,0
JVC,3/29/2022 9:15:15 AM,12.65,13.45,12.65,13.45,5791000,0
JVC,3/30/2022 9:15:22 AM,13.1,14.2,12.6,12.9,6328600,0
JVC,3/31/2022 9:15:12 AM,13.1,13.1,12,12,6125000,0
JVC,4/1/2022 9:15:15 AM,11.2,12.4,11.2,12.25,7591000,0
JVC,4/4/2022 9:15:13 AM,12.4,12.4,11.8,11.85,4253600,0
JVC,4/5/2022 9:15:15 AM,11.85,11.85,11.4,11.55,3504600,0
JVC,4/6/2022 9:15:16 AM,11,11.5,10.75,10.75,7656500,0
JVC,4/7/2022 9:15:12 AM,10.55,10.95,10.2,10.3,3893900,0
JVC,4/8/2022 9:15:12 AM,10.5,10.6,10.1,10.15,2235800,0
JVC,4/12/2022 9:15:13 AM,10.2,10.45,9.44,9.44,3804900,0
JVC,4/13/2022 9:15:13 AM,9.4,9.8,8.91,9.55,3419400,0
JVC,4/14/2022 9:15:13 AM,9.85,9.85,9.51,9.56,1767300,0
JVC,4/15/2022 9:15:13 AM,9.85,9.85,9.2,9.2,1597700,0
JVC,4/18/2022 9:15:14 AM,9,9.2,8.56,8.56,2931900,0
JVC,4/19/2022 9:15:13 AM,8.31,8.89,7.97,7.97,2886900,0
JVC,4/20/2022 9:15:14 AM,7.45,7.89,7.42,7.42,3492600,0
JVC,4/21/2022 9:15:15 AM,6.91,7.4,6.91,6.91,3358300,0
JVC,4/22/2022 9:15:15 AM,6.5,7.3,6.5,7.1,2291300,0
JVC,4/25/2022 9:15:14 AM,7.29,7.29,6.61,6.61,1705800,0
JVC,4/26/2022 9:15:16 AM,6.25,7.07,6.15,7.07,2411700,0
JVC,4/27/2022 9:15:16 AM,7.1,7.56,6.9,7.56,2426400,0
JVC,4/28/2022 9:15:15 AM,7.7,7.96,7.6,7.64,1703400,0
JVC,4/29/2022 9:15:15 AM,7.6,7.99,7.4,7.85,1829000,0
JVC,5/4/2022 9:15:17 AM,7.8,7.8,7.45,7.56,1451900,0
JVC,5/5/2022 9:15:16 AM,7.52,7.69,7.04,7.3,1196200,0
JVC,5/6/2022 9:15:16 AM,7.17,7.19,6.95,6.95,1257900,0
JVC,5/9/2022 9:15:17 AM,6.88,6.89,6.47,6.47,1952500,0
JVC,5/10/2022 9:15:17 AM,6.15,6.67,6.09,6.6,1269900,0
JVC,5/11/2022 9:15:17 AM,6.69,6.85,6.6,6.84,753800,0
JVC,5/12/2022 9:15:18 AM,6.83,6.83,6.37,6.37,778300,0
JVC,5/13/2022 9:15:17 AM,6.1,6.42,5.93,5.93,1648400,0
JVC,5/16/2022 9:15:18 AM,6,6.33,5.9,5.98,765900,0
JVC,5/17/2022 9:15:19 AM,5.95,6.38,5.7,6.38,910400,0
JVC,5/18/2022 9:15:21 AM,6.5,6.58,6.4,6.45,1360200,0
JVC,5/19/2022 9:15:18 AM,6.27,6.45,6.15,6.37,724800,0
JVC,5/20/2022 9:15:18 AM,6.42,6.7,6.3,6.42,982700,0
JVC,5/23/2022 9:15:19 AM,6.5,6.68,6.3,6.49,1149700,0
JVC,5/24/2022 9:15:19 AM,6.5,6.5,6.23,6.39,658000,0
JVC,5/25/2022 9:15:20 AM,6.39,6.6,6.35,6.5,985100,0
JVC,5/26/2022 9:15:19 AM,6.6,6.62,6.48,6.55,1018200,0
JVC,5/27/2022 9:15:19 AM,6.6,6.8,6.56,6.75,1323400,0
JVC,5/30/2022 9:15:20 AM,6.9,7.22,6.8,7.22,1813900,0
JVC,5/31/2022 9:15:19 AM,7.39,7.69,7.12,7.2,2188800,0
JVC,6/1/2022 9:15:21 AM,7.12,7.29,6.86,6.95,1347300,0
JVC,6/2/2022 9:15:20 AM,6.9,7.09,6.8,6.82,1017000,0
JVC,6/3/2022 9:15:20 AM,6.8,6.83,6.65,6.69,979000,0
JVC,6/6/2022 9:15:01 AM,6.69,6.7,6.4,6.41,1083300,0
JVC,6/7/2022 9:15:02 AM,6.3,6.32,6,6.01,1631800,0
JVC,6/8/2022 9:15:02 AM,6.15,6.43,6.1,6.43,947200,0
JVC,6/9/2022 9:15:05 AM,6.6,6.7,6.47,6.5,618100,0
JVC,6/10/2022 9:15:02 AM,6.33,6.5,6.28,6.28,723100,0
JVC,6/13/2022 9:15:02 AM,5.91,6.2,5.85,5.86,1495800,0
JVC,6/14/2022 9:15:03 AM,5.7,5.95,5.61,5.7,765500,0
JVC,6/15/2022 9:15:03 AM,5.9,5.9,5.31,5.31,1550100,0
JVC,6/16/2022 9:15:05 AM,5.41,5.5,5.2,5.2,852200,0
JVC,6/17/2022 9:15:03 AM,4.85,4.9,4.84,4.84,1067000,0
JVC,6/20/2022 9:15:04 AM,4.51,4.72,4.51,4.51,1094100,0
JVC,6/21/2022 9:15:03 AM,4.2,4.5,4.2,4.2,1151500,0
JVC,6/22/2022 9:15:03 AM,4.05,4.4,4,4.3,1234300,0
JVC,6/23/2022 9:15:04 AM,4.29,4.39,4.2,4.38,458000,0
JVC,6/24/2022 9:15:03 AM,4.51,4.55,4.36,4.36,636800,0
JVC,6/27/2022 9:15:05 AM,4.36,4.66,4.2,4.66,1085000,0
JVC,6/28/2022 9:15:05 AM,4.98,4.98,4.94,4.98,1049000,0
JVC,6/29/2022 9:15:04 AM,5.32,5.32,5.1,5.29,2531900,0
JVC,6/30/2022 9:15:06 AM,5.22,5.4,5.02,5.02,1269300,0
JVC,7/1/2022 9:15:07 AM,4.81,5.1,4.7,5.1,732200,0
JVC,7/4/2022 9:15:05 AM,5.11,5.25,5.05,5.05,733600,0
JVC,7/5/2022 9:15:05 AM,4.95,5.02,4.75,4.79,998300,0
JVC,7/6/2022 9:15:06 AM,4.7,4.85,4.5,4.61,519600,0
JVC,7/7/2022 9:15:06 AM,4.54,4.69,4.45,4.5,595900,0
JVC,7/8/2022 9:15:05 AM,4.6,4.81,4.6,4.81,389300,0
JVC,7/11/2022 9:15:06 AM,5.14,5.14,5.09,5.14,3550800,0
JVC,7/12/2022 9:15:06 AM,5.28,5.28,5.07,5.18,762800,0
JVC,7/13/2022 9:15:07 AM,5.16,5.5,5.15,5.26,1027100,0
JVC,7/14/2022 9:15:06 AM,5.14,5.21,5.07,5.21,809100,0
JVC,7/15/2022 9:15:07 AM,5.3,5.41,5.25,5.28,1192000,0
JVC,7/18/2022 9:15:07 AM,5.28,5.3,5.15,5.18,948600,0
JVC,7/19/2022 9:15:07 AM,5.18,5.54,5.14,5.54,1773400,0
JVC,7/20/2022 9:15:07 AM,5.75,5.78,5.56,5.56,1309400,0
JVC,7/21/2022 9:15:08 AM,5.59,5.62,5.35,5.36,954700,0
JVC,7/22/2022 9:15:07 AM,5.44,5.53,5.3,5.4,961200,0
JVC,7/25/2022 9:15:09 AM,5.45,5.45,5.2,5.3,682100,0
JVC,7/26/2022 9:15:08 AM,5.42,5.42,5.25,5.29,367600,0
JVC,7/27/2022 9:15:09 AM,5.28,5.48,5.1,5.45,405600,0
JVC,7/28/2022 9:15:08 AM,5.5,5.65,5.4,5.4,1662100,0
JVC,7/29/2022 9:15:08 AM,5.4,5.52,5.36,5.39,763200,0
JVC,8/1/2022 9:15:09 AM,5.5,5.5,5.35,5.42,984800,0
JVC,8/2/2022 9:15:11 AM,5.5,5.79,5.43,5.79,2934400,0
JVC,8/3/2022 9:15:08 AM,5.8,5.86,5.69,5.72,1211500,0
JVC,8/4/2022 9:15:09 AM,5.74,5.79,5.63,5.67,1056800,0
JVC,8/5/2022 9:15:09 AM,5.67,5.94,5.6,5.8,2007000,0
JVC,8/8/2022 9:15:09 AM,5.9,5.95,5.78,5.79,1662100,0
JVC,8/9/2022 9:15:12 AM,5.85,6.19,5.8,6.01,2296000,0
JVC,8/10/2022 9:15:10 AM,6,6.1,5.9,6.01,1412900,0
JVC,8/11/2022 9:15:09 AM,6.1,6.1,5.7,5.77,2039200,0
JVC,8/12/2022 9:15:11 AM,5.77,5.85,5.7,5.77,1186700,0
JVC,8/15/2022 9:15:11 AM,5.81,6.09,5.81,5.98,1726200,0
JVC,8/16/2022 9:15:10 AM,5.97,6.05,5.94,5.95,1219400,0
JVC,8/17/2022 9:15:11 AM,5.95,6.09,5.93,6.02,2457800,0
JVC,8/18/2022 9:15:11 AM,6.02,6.04,5.95,5.99,884900,0
JVC,8/19/2022 9:15:11 AM,5.99,6.15,5.88,5.94,1358200,0
JVC,8/22/2022 9:15:13 AM,5.9,5.9,5.69,5.7,1347200,0
JVC,8/23/2022 9:15:13 AM,5.6,5.8,5.55,5.8,1155900,0
JVC,8/24/2022 9:15:13 AM,5.85,5.98,5.82,5.89,693400,0
JVC,8/25/2022 9:15:11 AM,6,6.08,5.85,5.86,832700,0
JVC,8/26/2022 9:15:11 AM,5.86,5.86,5.68,5.7,939100,0
JVC,8/29/2022 9:15:12 AM,5.55,5.63,5.31,5.38,2013600,0
JVC,8/30/2022 9:15:11 AM,5.5,5.6,5.38,5.38,835300,0
JVC,8/31/2022 9:15:12 AM,5.38,5.58,5.29,5.42,660600,0
JVC,9/5/2022 9:15:13 AM,5.4,5.59,5.39,5.39,527500,0
JVC,9/6/2022 9:15:13 AM,5.36,5.47,5.28,5.28,964900,0
JVC,9/7/2022 9:15:13 AM,5.29,5.29,5.11,5.11,1198800,0
JVC,9/8/2022 9:15:12 AM,5.12,5.2,5,5.05,892400,0
JVC,9/9/2022 9:15:16 AM,5.05,5.1,5.02,5.05,598700,0
JVC,9/12/2022 9:15:05 AM,5.14,5.21,5.12,5.13,341700,0
