L14,12/19/2017 9:00:00 AM,28.45,28.52,27.74,28.52,14500,0
L14,12/20/2017 9:00:00 AM,28.37,28.63,27.91,28.45,19000,0
L14,12/21/2017 9:00:00 AM,28.45,29.45,27.74,29.45,45300,0
L14,12/22/2017 9:00:00 AM,29.19,29.86,28.8,29.52,30100,0
L14,12/25/2017 9:00:00 AM,28.84,29.7,28.84,29.59,14500,0
L14,12/26/2017 9:00:00 AM,28.84,29.48,28.63,28.87,15700,0
L14,12/27/2017 9:10:00 AM,28.77,28.98,27.74,28.8,27900,0
L14,12/28/2017 9:00:00 AM,27.91,28.91,27.74,28.45,24900,0
L14,12/29/2017 10:10:00 AM,27.96,28.37,27.8,27.8,6800,0
L14,1/2/2018 9:35:00 AM,28.09,29.09,28.09,28.45,2000,0
L14,1/3/2018 10:00:00 AM,28.41,28.41,27.74,28.37,9300,0
L14,1/4/2018 9:20:00 AM,27.74,28.27,27.46,27.46,28800,0
L14,1/5/2018 9:10:00 AM,27.56,28.09,27.06,27.74,5100,0
L14,1/8/2018 9:30:00 AM,28.24,28.24,27.38,27.74,10100,0
L14,1/9/2018 9:05:00 AM,28.09,29.12,27.38,28.63,30700,0
L14,1/10/2018 9:15:00 AM,28.98,28.98,27.74,28.41,14600,0
L14,1/11/2018 9:00:00 AM,29.16,29.16,25.6,28.58,20200,0
L14,1/12/2018 9:05:00 AM,28.63,29.16,28.37,28.95,35100,0
L14,1/15/2018 9:20:00 AM,29.16,30.05,29.16,30.02,46200,0
L14,1/16/2018 9:00:00 AM,30.02,30.94,30.02,30.76,30900,0
L14,1/17/2018 9:00:00 AM,30.23,32.89,30.23,31.86,106700,0
L14,1/18/2018 9:00:00 AM,31.72,32.36,30.8,31.79,25700,0
L14,1/19/2018 9:00:00 AM,31.79,32.18,31.64,32.15,26100,0
L14,1/22/2018 9:10:00 AM,33.07,33.78,32.22,32.68,40000,0
L14,1/23/2018 9:00:00 AM,32.68,33.07,31.97,31.97,35600,0
L14,1/24/2018 9:10:00 AM,31.97,31.97,29.86,31.86,84200,0
L14,1/25/2018 9:40:00 AM,31.97,31.97,30.58,30.58,21800,0
L14,1/26/2018 9:00:00 AM,30.58,30.94,29.86,30.94,24300,0
L14,1/29/2018 9:00:00 AM,30.94,31.97,29.86,30.23,15100,0
L14,1/30/2018 9:00:00 AM,29.52,30.23,29.24,29.86,31800,0
L14,1/31/2018 9:10:00 AM,29.86,30.05,29.33,29.8,39200,0
L14,2/1/2018 9:05:00 AM,30.23,30.23,29.02,29.72,35000,0
L14,2/2/2018 9:25:00 AM,29.72,29.8,29.33,29.52,25700,0
L14,2/5/2018 9:10:00 AM,29.16,29.52,27.8,27.8,23900,0
L14,2/6/2018 9:00:00 AM,27.38,27.38,25.25,26.67,32000,0
L14,2/7/2018 9:00:00 AM,25.43,28.8,25.43,27.56,23500,0
L14,2/8/2018 9:00:00 AM,24.89,28.37,24.89,26.06,17200,0
L14,2/9/2018 9:00:00 AM,25.25,27.88,25.25,25.99,25000,0
L14,2/12/2018 9:00:00 AM,27.74,27.74,25.99,26.99,4700,0
L14,2/13/2018 9:15:00 AM,28.02,28.02,26.31,27.63,6400,0
L14,2/21/2018 9:00:00 AM,27.67,28.09,27.02,27.67,22800,0
L14,2/22/2018 9:05:00 AM,27.74,27.74,26.67,27.2,14300,0
L14,2/23/2018 9:20:00 AM,27.02,27.38,26.31,27.31,38300,0
L14,2/26/2018 9:00:00 AM,28.09,29.86,27.74,29.55,70500,0
L14,2/27/2018 9:00:00 AM,30.05,31.3,30.05,31.01,56300,0
L14,2/28/2018 9:05:00 AM,31.83,31.83,30.27,31.23,96900,0
L14,3/1/2018 9:00:00 AM,34.29,34.29,32.6,34.29,89300,0
L14,3/2/2018 9:00:00 AM,36.1,36.35,31.16,36.22,83700,0
L14,3/5/2018 9:00:00 AM,36.22,36.85,35.35,35.48,73700,0
L14,3/6/2018 9:05:00 AM,35.35,38.17,34.48,37.85,69400,0
L14,3/7/2018 9:00:00 AM,38.04,39.35,36.29,37.41,79400,0
L14,3/8/2018 9:15:00 AM,36.91,38.48,36.79,38.17,75300,0
L14,3/9/2018 9:00:00 AM,38.54,38.79,37.48,37.54,37300,0
L14,3/12/2018 9:15:00 AM,38.04,38.04,35.97,35.97,28100,0
L14,3/13/2018 9:05:00 AM,36.29,36.29,33.16,33.16,85600,0
L14,3/14/2018 9:00:00 AM,32.85,36.41,31.29,34.98,171600,0
L14,3/15/2018 9:05:00 AM,35.66,36.6,34.79,35.04,23300,0
L14,3/16/2018 9:00:00 AM,35.04,36.35,35.04,35.91,74100,0
L14,3/19/2018 9:05:00 AM,35.97,36.22,35.35,35.97,51900,0
L14,3/20/2018 9:15:00 AM,35.66,35.97,35.04,35.48,37700,0
L14,3/21/2018 9:25:00 AM,35.66,36.29,35.48,35.66,24800,0
L14,3/22/2018 9:15:00 AM,36.04,37.16,36.04,36.91,67500,0
L14,3/23/2018 9:00:00 AM,36.29,37.54,35.66,37.54,95500,0
L14,3/26/2018 9:15:00 AM,37.6,39.41,37.54,39.1,70200,0
L14,3/27/2018 9:00:00 AM,39.41,40.67,39.41,40.36,58000,0
L14,3/28/2018 9:00:00 AM,40.67,41.48,36.91,38.79,102500,0
L14,3/29/2018 9:00:00 AM,40.04,40.04,37.23,39.23,62400,0
L14,3/30/2018 9:20:00 AM,38.04,40.36,38.04,39.79,46500,0
L14,4/2/2018 9:25:00 AM,39.92,40.85,38.23,40.36,72800,0
L14,4/3/2018 9:00:00 AM,40.67,40.67,39.73,40.61,80300,0
L14,4/4/2018 9:05:00 AM,40.61,40.79,40.04,40.1,56500,0
L14,4/5/2018 9:05:00 AM,40.04,40.36,39.1,39.35,85600,0
L14,4/6/2018 9:10:00 AM,39.16,41.3,39.16,40.99,114900,0
L14,4/9/2018 9:00:00 AM,40.99,41.92,39.41,41.48,57500,0
L14,4/10/2018 9:10:00 AM,41.92,41.92,40.04,40.61,39300,0
L14,4/11/2018 9:20:00 AM,40.04,40.67,38.86,38.86,39800,0
L14,4/12/2018 9:05:00 AM,38.48,39.1,38.48,39.1,23000,0
L14,4/13/2018 9:15:00 AM,39.16,39.41,38.48,39.35,24500,0
L14,4/16/2018 9:30:00 AM,39.35,39.41,38.23,39.35,56400,0
L14,4/17/2018 10:35:00 AM,39.23,39.23,38.35,38.35,8300,0
L14,4/18/2018 9:00:00 AM,38.35,39.41,37.54,37.54,28500,0
L14,4/19/2018 9:10:00 AM,37.6,37.6,35.04,36.91,105300,0
L14,4/20/2018 9:00:00 AM,36.29,37.48,35.66,36.29,31100,0
L14,4/23/2018 9:00:00 AM,36.29,36.29,32.66,32.66,133700,0
L14,4/24/2018 9:00:00 AM,31.6,31.6,29.4,29.4,123600,0
L14,4/26/2018 9:00:00 AM,30.54,31.91,28.78,30.34,66900,0
L14,4/27/2018 9:20:00 AM,30.66,30.66,29.91,30.66,18900,0
L14,5/2/2018 9:00:00 AM,31.29,31.29,28.15,28.15,62700,0
L14,5/3/2018 9:15:00 AM,29.53,29.53,25.65,28.71,48700,0
L14,5/4/2018 9:25:00 AM,27.9,29.34,27.53,28.78,38200,0
L14,5/7/2018 9:15:00 AM,29.34,29.34,27.53,29.34,27500,0
L14,5/8/2018 9:10:00 AM,29.4,29.4,27.65,28.71,18800,0
L14,5/9/2018 9:25:00 AM,28.15,29.34,28.15,28.71,23100,0
L14,5/10/2018 9:15:00 AM,28.71,28.71,27.65,28.71,19100,0
L14,5/11/2018 9:00:00 AM,27.53,28.59,27.53,27.9,20500,0
L14,5/14/2018 9:00:00 AM,25.15,27.9,25.15,26.9,32000,0
L14,5/15/2018 9:00:00 AM,25.65,29.59,25.65,29.59,106900,0
L14,5/16/2018 9:05:00 AM,28.84,30.34,28.78,29.65,24800,0
L14,5/17/2018 9:10:00 AM,29.4,29.72,28.78,28.78,13000,0
L14,5/18/2018 9:20:00 AM,28.47,28.78,27.59,27.59,17000,0
L14,5/21/2018 9:10:00 AM,27.78,28.15,27.65,27.72,8200,0
L14,5/22/2018 9:00:00 AM,28.15,28.15,26.9,27.65,21100,0
L14,5/23/2018 9:00:00 AM,24.9,28.09,24.9,28.03,17100,0
L14,5/24/2018 9:00:00 AM,28.34,28.34,27.72,28.15,11600,0
L14,5/25/2018 9:15:00 AM,28.41,28.41,27.53,27.53,45000,0
L14,5/28/2018 9:05:00 AM,28.34,28.34,24.78,24.78,18800,0
L14,5/29/2018 9:00:00 AM,22.34,27.21,22.34,25.09,42200,0
L14,5/30/2018 9:25:00 AM,26.15,26.78,25.65,26.52,9700,0
L14,5/31/2018 9:05:00 AM,25.78,27.21,25.65,27.21,15000,0
L14,6/1/2018 9:25:00 AM,26.9,27.4,26.34,27.27,17200,0
L14,6/4/2018 9:30:00 AM,27.21,27.21,26.65,27.15,26400,0
L14,6/5/2018 9:00:00 AM,26.9,27.21,26.28,26.78,13400,0
L14,6/6/2018 9:20:00 AM,26.59,28.15,26.59,27.9,29100,0
L14,6/7/2018 9:20:00 AM,28.15,29.53,27.84,28.09,26300,0
L14,6/8/2018 9:25:00 AM,28.03,29.34,28.03,28.84,16100,0
L14,6/11/2018 9:00:00 AM,28.78,30.03,28.78,29.72,30100,0
L14,6/12/2018 9:15:00 AM,29.72,29.72,28.15,29.1,17800,0
L14,6/13/2018 9:00:00 AM,28.9,29.72,27.53,27.84,146000,0
L14,6/14/2018 9:00:00 AM,28.15,28.15,26.9,27.47,62400,0
L14,6/15/2018 9:15:00 AM,27.15,28.03,26.28,27.84,99000,0
L14,6/18/2018 9:35:00 AM,27.15,29.4,26.28,27.84,148200,0
L14,6/19/2018 9:00:00 AM,28.15,28.47,25.09,26.4,152800,0
L14,6/20/2018 9:05:00 AM,26.28,26.9,25.03,26.4,50900,0
L14,6/21/2018 9:15:00 AM,26.4,26.4,25.22,25.34,42800,0
L14,6/22/2018 9:10:00 AM,25.22,25.65,24.03,24.09,75800,0
L14,6/25/2018 9:00:00 AM,23.78,25.28,23.46,23.46,72700,0
L14,6/26/2018 9:00:00 AM,23.53,23.53,21.15,21.9,116100,0
L14,6/27/2018 9:00:00 AM,22.53,22.53,19.71,19.71,123300,0
L14,6/28/2018 9:00:00 AM,19.4,21.27,17.83,20.33,99300,0
L14,6/29/2018 9:05:00 AM,20.33,22.34,20.33,22.34,83100,0
L14,7/2/2018 9:00:00 AM,22.53,22.53,21.27,22.28,73700,0
L14,7/3/2018 9:00:00 AM,21.9,23.46,21.9,22.28,85200,0
L14,7/4/2018 9:35:00 AM,22.53,22.84,21.59,22.53,25500,0
L14,7/5/2018 9:00:00 AM,22.65,22.71,20.64,20.64,54100,0
L14,7/6/2018 9:20:00 AM,20.64,21.65,20.64,21.65,20400,0
L14,7/9/2018 9:15:00 AM,21.33,22.53,21.33,21.78,66900,0
L14,7/10/2018 10:15:00 AM,22.22,22.22,21.39,21.39,7100,0
L14,7/11/2018 9:10:00 AM,21.27,21.39,19.4,19.71,29100,0
L14,7/12/2018 9:10:00 AM,19.89,20.33,19.4,20.02,33800,0
L14,7/13/2018 9:00:00 AM,18.77,22.02,18.77,22.02,48700,0
L14,7/16/2018 9:05:00 AM,22.02,22.53,21.78,22.53,37700,0
L14,7/17/2018 9:10:00 AM,22.46,22.46,21.53,21.53,154600,0
L14,7/18/2018 9:25:00 AM,21.59,22.46,21.53,21.9,23400,0
L14,7/19/2018 9:00:00 AM,22.84,22.84,21.9,21.9,26300,0
L14,7/20/2018 9:10:00 AM,21.9,23.46,21.59,22.53,53200,0
L14,7/23/2018 9:00:00 AM,22.84,24.72,22.84,24.53,92500,0
L14,7/24/2018 9:25:00 AM,24.47,24.47,22.22,22.59,57600,0
L14,7/25/2018 9:15:00 AM,22.65,22.65,20.84,21.02,69200,0
L14,7/26/2018 9:00:00 AM,21.59,21.9,19.71,20.21,48600,0
L14,7/27/2018 9:00:00 AM,20.33,21.27,20.21,21.21,49900,0
L14,7/30/2018 9:00:00 AM,21.59,21.59,20.02,20.09,37500,0
L14,7/31/2018 9:20:00 AM,20.15,20.64,19.33,19.71,90800,0
L14,8/1/2018 9:00:00 AM,19.71,20.64,19.71,20.33,79900,0
L14,8/2/2018 9:05:00 AM,20.02,20.52,19.71,19.71,38200,0
L14,8/3/2018 9:05:00 AM,20.02,20.52,19.71,20.15,65300,0
L14,8/6/2018 9:05:00 AM,20.09,20.33,19.83,19.89,31700,0
L14,8/7/2018 9:00:00 AM,19.77,20.09,19.58,19.89,24700,0
L14,8/8/2018 9:05:00 AM,19.71,20.02,19.58,19.58,31400,0
L14,8/9/2018 9:05:00 AM,20.02,20.96,19.64,19.77,61800,0
L14,8/10/2018 9:00:00 AM,19.71,20.27,19.71,20.02,14600,0
L14,8/13/2018 9:00:00 AM,20.02,20.84,20.02,20.33,50200,0
L14,8/14/2018 9:00:00 AM,20.21,20.64,20.02,20.64,100100,0
L14,8/15/2018 9:00:00 AM,20.4,22.53,20.4,20.96,108600,0
L14,8/16/2018 9:00:00 AM,20.96,22.22,20.71,21.53,82800,0
L14,8/17/2018 9:00:00 AM,21.59,22.22,21.59,21.9,61100,0
L14,8/20/2018 9:00:00 AM,21.9,23.15,21.9,22.65,74600,0
L14,8/21/2018 9:00:00 AM,22.65,24.34,22.65,24.09,126000,0
L14,8/22/2018 9:00:00 AM,23.78,26.4,23.78,25.65,149700,0
L14,8/23/2018 9:00:00 AM,25.15,26.52,24.4,24.72,82200,0
L14,8/24/2018 9:00:00 AM,24.72,25.65,23.84,24.9,52700,0
L14,8/27/2018 9:10:00 AM,25.65,26.84,25.22,26.4,58700,0
L14,8/28/2018 9:00:00 AM,26.15,27.21,26.15,26.84,80600,0
L14,8/29/2018 9:00:00 AM,26.9,27.72,26.4,27.65,86000,0
L14,8/30/2018 9:00:00 AM,27.78,28.47,27.72,28.47,78200,0
L14,8/31/2018 9:00:00 AM,28.53,30.22,28.53,29.72,67100,0
L14,9/4/2018 9:05:00 AM,29.72,31.91,29.72,31.91,96800,0
L14,9/5/2018 9:00:00 AM,33.16,34.42,31.72,32.29,129400,0
L14,9/6/2018 9:00:00 AM,32.85,33.16,29.72,30.03,272000,0
L14,9/7/2018 9:00:00 AM,30.03,30.91,29.4,30.78,16000,0
L14,9/10/2018 9:10:00 AM,30.66,31.78,29.1,30.72,107900,0
L14,9/11/2018 9:25:00 AM,30.66,30.72,28.78,28.78,74000,0
L14,9/12/2018 9:00:00 AM,28.78,29.4,27.21,29.4,119200,0
L14,9/13/2018 9:25:00 AM,29.97,29.97,28.53,28.9,54700,0
L14,9/14/2018 9:00:00 AM,28.15,29.34,28.15,28.97,27900,0
L14,9/17/2018 9:05:00 AM,28.97,31.23,28.78,30.66,54900,0
L14,9/18/2018 9:00:00 AM,30.09,31.66,30.09,31.41,64900,0
L14,9/19/2018 9:00:00 AM,31.47,31.47,30.22,30.22,50300,0
L14,9/20/2018 9:00:00 AM,30.34,31.29,29.1,29.22,94900,0
L14,9/21/2018 9:00:00 AM,29.4,29.4,28.15,29.1,92900,0
L14,9/24/2018 9:05:00 AM,29.4,29.4,28.47,29.1,22300,0
L14,9/25/2018 9:10:00 AM,28.84,29.1,28.15,28.28,105700,0
L14,9/26/2018 9:20:00 AM,28.65,29.4,28.65,29.1,42900,0
L14,9/27/2018 9:15:00 AM,29.1,30.28,29.1,29.91,30200,0
L14,9/28/2018 9:10:00 AM,30.34,30.34,28.78,28.78,33600,0
L14,10/1/2018 9:25:00 AM,28.53,29.1,28.41,28.41,52800,0
L14,10/2/2018 9:10:00 AM,28.84,28.97,28.53,28.65,19900,0
L14,10/3/2018 9:20:00 AM,29.1,29.1,28.47,28.9,24400,0
L14,10/4/2018 9:15:00 AM,29.16,29.22,28.53,28.97,31300,0
L14,10/5/2018 9:10:00 AM,29.1,29.4,28.59,28.59,49000,0
L14,10/8/2018 9:10:00 AM,28.78,29.1,28.34,28.59,41000,0
L14,10/9/2018 9:10:00 AM,28.78,30.66,28.78,30.22,117200,0
L14,10/10/2018 9:00:00 AM,30.66,31.84,30.4,30.66,91200,0
L14,10/11/2018 9:00:00 AM,30.66,31.47,28.59,29.97,292600,0
L14,10/12/2018 9:00:00 AM,29.4,30.03,28.84,29.91,116900,0
L14,10/15/2018 9:10:00 AM,30.03,30.03,28.65,28.65,90000,0
L14,10/16/2018 9:05:00 AM,29.22,29.4,28.65,29.03,33100,0
L14,10/17/2018 9:20:00 AM,29.03,29.4,28.78,29.4,73800,0
L14,10/18/2018 9:10:00 AM,29.59,29.59,28.78,29.28,37900,0
L14,10/19/2018 9:15:00 AM,29.1,29.4,28.65,29.4,27100,0
L14,10/22/2018 9:05:00 AM,29.97,30.03,28.78,29.22,42400,0
L14,10/23/2018 9:00:00 AM,28.47,29.22,26.34,26.34,136400,0
L14,10/24/2018 9:00:00 AM,26.15,26.15,23.72,23.72,140700,0
L14,10/25/2018 9:00:00 AM,21.39,26.03,21.39,22.84,239600,0
L14,10/26/2018 9:00:00 AM,22.9,24.97,22.59,22.59,50200,0
L14,10/29/2018 9:05:00 AM,22.9,24.4,20.33,22.65,129000,0
L14,10/30/2018 9:05:00 AM,22.53,23.15,20.4,20.4,110400,0
L14,10/31/2018 9:00:00 AM,20.64,22.34,20.02,22.34,52700,0
L14,11/1/2018 9:05:00 AM,23.4,23.4,21.9,22.53,41600,0
L14,11/2/2018 9:05:00 AM,22.53,23.03,22.34,22.9,14300,0
L14,11/5/2018 9:20:00 AM,22.9,23.09,22.53,23.03,34900,0
L14,11/6/2018 9:05:00 AM,23.46,23.46,22.53,22.77,38800,0
L14,11/7/2018 9:10:00 AM,23.15,23.15,22.22,22.46,53000,0
L14,11/8/2018 9:00:00 AM,21.9,23.15,21.9,22.59,40800,0
L14,11/9/2018 9:00:00 AM,22.97,24.34,22.65,23.28,88800,0
L14,11/12/2018 9:15:00 AM,23.59,24.15,23.28,24.15,26000,0
L14,11/13/2018 9:00:00 AM,23.78,24.53,23.72,24.53,28800,0
L14,11/14/2018 9:00:00 AM,24.53,24.72,24.28,24.59,17200,0
L14,11/15/2018 9:05:00 AM,24.53,24.53,23.84,23.91,23600,0
L14,11/16/2018 9:10:00 AM,23.53,24.34,23.46,23.46,11900,0
L14,11/19/2018 9:20:00 AM,23.78,24.34,23.46,23.97,3600,0
L14,11/20/2018 9:15:00 AM,24.09,24.09,23.28,23.97,21700,0
L14,11/21/2018 9:00:00 AM,23.97,23.97,23.78,23.91,1400,0
L14,11/22/2018 9:10:00 AM,23.97,24.22,23.34,23.4,10200,0
L14,11/23/2018 9:30:00 AM,23.91,24.03,23.4,23.91,15900,0
L14,11/26/2018 9:00:00 AM,23.91,24.09,23.91,24.09,22500,0
L14,11/27/2018 9:00:00 AM,24.34,24.34,23.78,24.09,13700,0
L14,11/28/2018 9:00:00 AM,23.46,24.09,23.46,23.97,16700,0
L14,11/29/2018 9:05:00 AM,23.91,24.03,23.46,23.97,34900,0
L14,11/30/2018 9:00:00 AM,23.78,23.97,23.15,23.78,66400,0
L14,12/3/2018 9:00:00 AM,23.97,25.03,23.46,25.03,115000,0
L14,12/4/2018 9:00:00 AM,22.53,25.53,22.53,23.78,55800,0
L14,12/5/2018 9:05:00 AM,23.46,23.97,23.4,23.84,75000,0
L14,12/6/2018 9:00:00 AM,23.4,23.97,23.03,23.78,130400,0
L14,12/7/2018 9:00:00 AM,23.53,24.72,23.53,24.28,76500,0
L14,12/10/2018 9:05:00 AM,24.65,24.65,24.15,24.34,19600,0
L14,12/11/2018 9:00:00 AM,23.78,24.34,23.46,23.97,80200,0
L14,12/12/2018 9:00:00 AM,23.15,23.78,22.84,23.15,130700,0
L14,12/13/2018 9:10:00 AM,23.15,23.72,22.97,23.72,33600,0
L14,12/14/2018 9:15:00 AM,23.97,23.97,23.28,23.28,17300,0
L14,12/17/2018 9:10:00 AM,23.65,23.65,22.53,22.77,58100,0
L14,12/18/2018 9:05:00 AM,22.53,22.71,21.27,21.39,55100,0
L14,12/19/2018 9:00:00 AM,21.9,22.84,21.53,21.96,43700,0
L14,12/20/2018 9:10:00 AM,22.02,22.84,21.96,22.84,35100,0
L14,12/21/2018 9:00:00 AM,22.71,22.9,22.28,22.71,20100,0
L14,12/24/2018 9:05:00 AM,22.71,22.9,21.9,22.46,34200,0
L14,12/25/2018 9:35:00 AM,22.34,22.34,21.53,21.71,25800,0
L14,12/26/2018 9:15:00 AM,22.22,22.34,21.71,22.15,8500,0
L14,12/27/2018 9:15:00 AM,22.53,23.15,22.22,22.22,43900,0
L14,12/28/2018 9:20:00 AM,22.22,22.28,21.9,21.96,19100,0
L14,1/2/2019 9:00:00 AM,19.77,22.53,19.77,21.84,19400,0
L14,1/3/2019 9:05:00 AM,22.34,22.34,20.96,21.78,35200,0
L14,1/4/2019 9:15:00 AM,21.65,22.53,21.02,21.9,27100,0
L14,1/7/2019 9:00:00 AM,19.71,22.34,19.71,20.96,41700,0
L14,1/8/2019 9:10:00 AM,21.59,21.9,20.96,21.9,92300,0
L14,1/9/2019 9:05:00 AM,21.9,22.53,21.33,22.46,42900,0
L14,1/10/2019 9:05:00 AM,21.96,22.59,21.78,21.9,36400,0
L14,1/11/2019 9:15:00 AM,22.15,22.34,20.96,22.08,48300,0
L14,1/14/2019 9:00:00 AM,22.22,22.22,21.53,21.9,76800,0
L14,1/15/2019 9:05:00 AM,21.9,22.08,21.78,21.78,20900,0
L14,1/16/2019 9:00:00 AM,21.9,21.9,20.71,20.96,73000,0
L14,1/17/2019 9:30:00 AM,21.21,21.59,20.96,21.39,18900,0
L14,1/18/2019 9:05:00 AM,21.27,21.53,20.96,21.02,21600,0
L14,1/21/2019 9:00:00 AM,21.33,22.9,21.33,22.84,66700,0
L14,1/22/2019 9:00:00 AM,22.84,23.15,22.22,22.4,79500,0
L14,1/23/2019 9:05:00 AM,22.34,22.53,22.15,22.22,17500,0
L14,1/24/2019 9:10:00 AM,22.08,22.08,21.27,21.47,33600,0
L14,1/25/2019 9:55:00 AM,21.27,21.53,21.27,21.53,4200,0
L14,1/28/2019 9:35:00 AM,21.65,21.65,21.27,21.39,34200,0
L14,1/29/2019 9:10:00 AM,21.27,21.59,21.27,21.53,11800,0
L14,1/30/2019 9:10:00 AM,21.53,21.65,21.27,21.53,9300,0
L14,1/31/2019 9:05:00 AM,21.59,21.59,21.15,21.21,26200,0
L14,2/1/2019 9:05:00 AM,21.15,21.53,21.15,21.27,12500,0
L14,2/11/2019 9:00:00 AM,21.27,22.08,21.27,21.96,17700,0
L14,2/12/2019 9:10:00 AM,21.96,23.09,21.96,22.71,48300,0
L14,2/13/2019 9:10:00 AM,22.84,23.78,22.84,23.59,50300,0
L14,2/14/2019 9:00:00 AM,23.59,24.09,23.34,23.78,62500,0
L14,2/15/2019 9:00:00 AM,23.78,23.84,23.4,23.4,43900,0
L14,2/18/2019 9:15:00 AM,23.65,24.03,23.46,23.59,42100,0
L14,2/19/2019 9:15:00 AM,23.72,23.72,23.4,23.53,50500,0
L14,2/20/2019 9:20:00 AM,23.53,23.59,23.4,23.53,27000,0
L14,2/21/2019 9:10:00 AM,23.78,23.78,23.53,23.53,10500,0
L14,2/22/2019 9:05:00 AM,23.53,23.59,23.46,23.59,39400,0
L14,2/25/2019 9:10:00 AM,23.59,23.72,23.46,23.59,44100,0
L14,2/26/2019 9:00:00 AM,23.65,25.03,23.53,25.03,48600,0
L14,2/27/2019 9:00:00 AM,25.03,27.21,25.03,26.78,91700,0
L14,2/28/2019 9:00:00 AM,26.72,27.4,25.65,25.84,87500,0
L14,3/1/2019 9:00:00 AM,25.65,26.9,25.65,26.78,78100,0
L14,3/4/2019 9:00:00 AM,26.9,27.47,26.9,27.47,75000,0
L14,3/5/2019 9:00:00 AM,27.59,28.28,27.47,27.84,50600,0
L14,3/6/2019 9:05:00 AM,28.03,28.71,28.03,28.47,65600,0
L14,3/7/2019 9:10:00 AM,28.9,29.1,26.78,26.78,41500,0
L14,3/8/2019 9:00:00 AM,26.78,27.21,25.65,25.65,120900,0
L14,3/11/2019 9:05:00 AM,26.28,26.28,25.22,25.65,46200,0
L14,3/12/2019 9:15:00 AM,25.97,26.15,25.59,25.59,37000,0
L14,3/13/2019 9:00:00 AM,26.59,28.03,25.03,26.28,60200,0
L14,3/14/2019 9:10:00 AM,26.28,26.28,25.53,26.15,42200,0
L14,3/15/2019 9:00:00 AM,26.28,26.28,23.65,24.4,213300,0
L14,3/18/2019 9:00:00 AM,24.09,24.78,23.22,24.4,78900,0
L14,3/19/2019 9:00:00 AM,24.4,25.03,24.4,24.9,29100,0
L14,3/20/2019 9:00:00 AM,24.72,24.72,24.4,24.53,7100,0
L14,3/21/2019 9:25:00 AM,24.53,24.78,24.28,24.59,71900,0
L14,3/22/2019 9:10:00 AM,24.4,24.72,24.15,24.4,41200,0
L14,3/25/2019 9:00:00 AM,24.15,25.59,24.15,25.59,64300,0
L14,3/26/2019 9:20:00 AM,25.15,26.09,25.03,25.59,65600,0
L14,3/27/2019 9:05:00 AM,25.71,27.53,25.34,27.15,67000,0
L14,3/28/2019 9:00:00 AM,27.03,27.84,26.52,26.65,83400,0
L14,3/29/2019 9:30:00 AM,26.78,27.27,25.03,26.28,89900,0
L14,4/1/2019 9:00:00 AM,25.71,26.4,25.09,25.9,33500,0
L14,4/2/2019 9:00:00 AM,26.28,26.28,25.4,25.4,18300,0
L14,4/3/2019 9:30:00 AM,25.4,25.4,24.47,25.03,38300,0
L14,4/4/2019 9:45:00 AM,25.03,25.28,24.84,25.28,33500,0
L14,4/5/2019 9:00:00 AM,25.65,26.9,25.65,26.59,102700,0
L14,4/8/2019 9:25:00 AM,26.65,26.84,25.97,25.97,30400,0
L14,4/9/2019 9:15:00 AM,26.28,26.59,25.34,25.71,78000,0
L14,4/10/2019 9:05:00 AM,25.9,25.97,24.97,24.97,73900,0
L14,4/11/2019 9:30:00 AM,25.09,25.59,25.09,25.34,15900,0
L14,4/12/2019 9:15:00 AM,25.09,25.59,25.09,25.34,15500,0
L14,4/16/2019 9:00:00 AM,25.46,25.46,25.03,25.09,15600,0
L14,4/17/2019 9:35:00 AM,25.03,25.59,24.78,24.78,32900,0
L14,4/18/2019 9:10:00 AM,24.72,24.9,24.09,24.09,33200,0
L14,4/19/2019 9:00:00 AM,24.09,24.72,23.84,23.91,33700,0
L14,4/22/2019 9:00:00 AM,21.84,25.34,21.84,25.09,35400,0
L14,4/23/2019 9:05:00 AM,25.03,25.28,24.4,24.72,24100,0
L14,4/24/2019 9:10:00 AM,24.97,24.97,24.4,24.65,7700,0
L14,4/25/2019 9:05:00 AM,24.53,24.78,23.97,24.28,57500,0
L14,4/26/2019 9:00:00 AM,24.34,24.34,23.78,23.91,82600,0
L14,5/2/2019 9:35:00 AM,23.91,23.91,23.59,23.72,16800,0
L14,5/3/2019 9:05:00 AM,23.91,24.03,23.65,23.84,12900,0
L14,5/6/2019 9:15:00 AM,23.72,23.72,23.28,23.28,23800,0
L14,5/7/2019 9:20:00 AM,23.59,23.59,23.34,23.34,8100,0
L14,5/8/2019 9:30:00 AM,23.4,23.97,23.34,23.97,30300,0
L14,5/9/2019 9:50:00 AM,23.84,24.03,23.84,23.84,10400,0
L14,5/10/2019 9:50:00 AM,23.78,25.03,23.78,25.03,41700,0
L14,5/13/2019 9:00:00 AM,26.09,27.47,25.65,25.97,85400,0
L14,5/14/2019 9:25:00 AM,26.28,26.28,25.65,25.84,37500,0
L14,5/15/2019 9:15:00 AM,26.21,26.59,26.03,26.34,59200,0
L14,5/16/2019 9:30:00 AM,26.4,26.4,25.97,26.34,35900,0
L14,5/17/2019 9:05:00 AM,26.34,26.34,25.97,26.03,29600,0
L14,5/20/2019 9:00:00 AM,25.65,26.21,25.34,25.78,28900,0
L14,5/21/2019 9:00:00 AM,25.78,26.72,25.78,26.28,52900,0
L14,5/22/2019 9:00:00 AM,26.34,26.59,26.03,26.03,59100,0
L14,5/23/2019 9:15:00 AM,26.09,26.4,26.03,26.15,20100,0
L14,5/24/2019 9:00:00 AM,26.21,27.15,26.03,27.09,91600,0
L14,5/27/2019 9:00:00 AM,27.09,27.84,26.78,27.84,73500,0
L14,5/28/2019 9:05:00 AM,27.84,29.1,27.84,28.65,197300,0
L14,5/29/2019 9:00:00 AM,28.65,29.34,28.03,28.65,85800,0
L14,5/30/2019 9:20:00 AM,28.34,30.03,28.28,29.78,111300,0
L14,5/31/2019 9:15:00 AM,30.16,30.4,30.03,30.16,79000,0
L14,6/3/2019 9:00:00 AM,29.97,30.66,28.84,29.16,60800,0
L14,6/4/2019 9:25:00 AM,29.65,29.97,29.16,29.72,72700,0
L14,6/5/2019 9:20:00 AM,29.85,30.28,29.85,30.28,58100,0
L14,6/6/2019 9:00:00 AM,30.34,30.78,29.97,30.03,148100,0
L14,6/7/2019 9:00:00 AM,31.07,32.72,30.03,31.83,31900,0
L14,6/10/2019 9:10:00 AM,32.1,33.54,32.1,33.06,82700,0
L14,6/11/2019 9:00:00 AM,33.06,33.41,32.45,32.45,57700,0
L14,6/12/2019 9:00:00 AM,32.45,32.72,31.83,32.1,43000,0
L14,6/13/2019 9:05:00 AM,32.1,32.38,30.92,30.92,110800,0
L14,6/14/2019 9:05:00 AM,31,31.69,30.31,30.31,73900,0
L14,6/17/2019 9:05:00 AM,32.23,32.23,31.41,31.61,23300,0
L14,6/18/2019 9:05:00 AM,31.55,31.83,31.34,31.34,27300,0
L14,6/19/2019 9:10:00 AM,31.69,31.83,31.55,31.83,30200,0
L14,6/20/2019 9:00:00 AM,32.03,32.99,31.89,32.99,28500,0
L14,6/21/2019 9:00:00 AM,33.41,34.1,33.41,33.68,40000,0
L14,6/24/2019 9:00:00 AM,33.41,33.75,32.03,32.72,72900,0
L14,6/25/2019 9:10:00 AM,32.58,33.41,32.38,33.06,21500,0
L14,6/26/2019 9:00:00 AM,33.48,33.75,32.3,32.45,51300,0
L14,6/27/2019 9:00:00 AM,32.45,33.06,32.03,32.79,44100,0
L14,6/28/2019 9:05:00 AM,32.86,33.2,32.45,33.2,16000,0
L14,7/1/2019 9:05:00 AM,33.2,33.96,32.72,33.54,57600,0
L14,7/2/2019 10:00:00 AM,33.75,33.82,33.41,33.41,19700,0
L14,7/3/2019 9:30:00 AM,33.06,35.82,33.06,35.13,59900,0
L14,7/4/2019 9:00:00 AM,34.92,36.44,33.75,34.92,40100,0
L14,7/5/2019 9:15:00 AM,34.92,35.82,34.79,35.68,35800,0
L14,7/8/2019 9:00:00 AM,35.13,36.85,35.13,36.37,79800,0
L14,7/9/2019 9:10:00 AM,36.57,37.13,36.5,36.72,61200,0
L14,7/10/2019 9:10:00 AM,36.5,37.19,36.3,37.19,66200,0
L14,7/11/2019 9:05:00 AM,37.47,39.26,37.47,39.26,92100,0
L14,7/12/2019 9:00:00 AM,39.12,41.68,38.57,39.95,190600,0
L14,7/15/2019 9:00:00 AM,39.81,41.33,39.26,40.43,123900,0
L14,7/16/2019 9:00:00 AM,40.37,40.64,36.65,37.06,310000,0
L14,7/17/2019 9:00:00 AM,36.92,38.64,35.82,37.88,126800,0
L14,7/18/2019 9:05:00 AM,37.88,38.44,37.68,37.88,78800,0
L14,7/19/2019 9:10:00 AM,38.16,38.92,37.81,38.71,65400,0
L14,7/22/2019 9:00:00 AM,37.54,38.16,36.5,37.88,59400,0
L14,7/23/2019 9:15:00 AM,37.54,39.12,37.41,38.23,85700,0
L14,7/24/2019 9:15:00 AM,38.3,39.75,38.02,39.4,48000,0
L14,7/25/2019 9:05:00 AM,39.95,39.95,38.78,39.26,36200,0
L14,7/26/2019 9:00:00 AM,39.26,39.75,38.92,39.26,132800,0
L14,7/29/2019 9:00:00 AM,39.26,39.26,37.19,37.61,120600,0
L14,7/30/2019 9:00:00 AM,37.19,38.23,37.19,37.41,44000,0
L14,7/31/2019 9:15:00 AM,37.88,38.99,36.65,38.57,66100,0
L14,8/1/2019 9:05:00 AM,38.57,39.88,38.57,39.88,98000,0
L14,8/2/2019 9:00:00 AM,39.88,41.19,39.61,40.57,76500,0
L14,8/5/2019 9:10:00 AM,40.5,43.12,40.15,42.57,89400,0
L14,8/6/2019 9:00:00 AM,42.37,44.08,42.37,44.08,179100,0
L14,8/7/2019 9:00:00 AM,45.33,45.8,44.08,44.08,58600,0
L14,8/8/2019 9:00:00 AM,44.08,44.43,43.05,43.74,75000,0
L14,8/9/2019 9:00:00 AM,44.77,45.74,44.22,45.19,67100,0
L14,8/12/2019 9:00:00 AM,45.8,47.39,45.8,47.33,128300,0
L14,8/13/2019 9:00:00 AM,47.53,47.73,45.8,46.84,85000,0
L14,8/14/2019 9:00:00 AM,46.84,47.46,46.64,47.05,45800,0
L14,8/15/2019 9:00:00 AM,46.84,48.29,46.29,48.29,144100,0
L14,8/16/2019 9:00:00 AM,48.29,52.69,48.29,52.49,181200,0
L14,8/19/2019 9:00:00 AM,57.24,57.24,53.69,56.26,158200,0
L14,8/20/2019 9:00:00 AM,56.79,60.58,56.79,60.58,159100,0
L14,8/21/2019 9:00:00 AM,61.33,63.45,56.03,56.79,250600,0
L14,8/22/2019 9:00:00 AM,56.79,58.99,55.43,56.11,227200,0
L14,8/23/2019 9:00:00 AM,59.82,59.82,55.28,56.03,173000,0
L14,8/26/2019 9:00:00 AM,56.03,57.93,55.96,56.56,156500,0
L14,8/27/2019 9:00:00 AM,56.56,58.68,56.56,57.17,127400,0
L14,8/28/2019 9:00:00 AM,57.47,58.99,57.47,58.61,102000,0
L14,8/29/2019 9:00:00 AM,59.14,60.43,56.79,57.62,92300,0
L14,8/30/2019 9:00:00 AM,58.15,58.15,53,53,162000,0
L14,9/3/2019 9:00:00 AM,53,54.52,47.7,47.7,277200,0
L14,9/4/2019 9:00:00 AM,45.43,47.33,42.93,42.93,320500,0
L14,9/5/2019 9:00:00 AM,42.93,43.16,38.77,42.93,206100,0
L14,9/6/2019 9:00:00 AM,43.92,46.19,43.92,45.05,72600,0
L14,9/9/2019 9:00:00 AM,45.13,47.33,43.92,43.92,46500,0
L14,9/10/2019 9:00:00 AM,43.54,43.54,39.6,40.13,218500,0
L14,9/11/2019 9:00:00 AM,40.13,40.81,37.1,40.13,152200,0
L14,9/12/2019 9:00:00 AM,40.13,41.65,40.13,41.27,51300,0
L14,9/13/2019 9:15:00 AM,41.65,43.01,40.36,42.86,76600,0
L14,9/16/2019 9:00:00 AM,42.4,43.92,41.95,43.16,72900,0
L14,9/17/2019 9:00:00 AM,42.78,44.3,42.78,44.07,65300,0
L14,9/18/2019 9:05:00 AM,44.3,45.36,43.16,43.24,83700,0
L14,9/19/2019 9:30:00 AM,43.39,44.3,43.16,43.99,94700,0
L14,9/20/2019 9:25:00 AM,44.07,45.43,43.92,45.36,82800,0
L14,9/23/2019 9:05:00 AM,45.43,46.19,45.13,45.13,41600,0
L14,9/24/2019 9:00:00 AM,44.9,46.04,44.68,45.66,65000,0
L14,9/25/2019 9:15:00 AM,45.43,45.89,45.43,45.43,32500,0
L14,9/26/2019 9:00:00 AM,45.81,45.81,45.13,45.51,26500,0
L14,9/27/2019 9:25:00 AM,45.74,45.81,44.98,44.98,36600,0
L14,9/30/2019 9:15:00 AM,44.98,44.98,41.65,42.86,65100,0
L14,10/1/2019 9:00:00 AM,42.86,43.84,41.65,43.31,44000,0
L14,10/2/2019 9:00:00 AM,42.18,45.05,42.18,44.83,36400,0
L14,10/3/2019 9:05:00 AM,44.52,46.95,44.52,46.8,58300,0
L14,10/4/2019 9:10:00 AM,46.87,48.46,46.87,46.95,59000,0
L14,10/7/2019 9:20:00 AM,48.01,48.01,46.95,47.1,53700,0
L14,10/8/2019 9:05:00 AM,47.1,47.48,46.49,47.1,22500,0
L14,10/9/2019 9:15:00 AM,46.64,47.25,46.57,47.02,20700,0
L14,10/10/2019 9:00:00 AM,47.1,47.48,46.19,46.57,38500,0
L14,10/11/2019 9:10:00 AM,46.19,47.25,46.19,46.72,21800,0
L14,10/14/2019 9:00:00 AM,44.15,46.72,44.15,45.05,43500,0
L14,10/15/2019 9:15:00 AM,44.45,44.83,44.15,44.22,23900,0
L14,10/16/2019 9:15:00 AM,44.22,44.22,43.39,43.54,19900,0
L14,10/17/2019 9:00:00 AM,43.54,43.54,42.4,42.86,57600,0
L14,10/18/2019 9:00:00 AM,42.4,44.3,40.96,42.78,112200,0
L14,10/21/2019 9:00:00 AM,42.4,43.09,42.4,42.86,45600,0
L14,10/22/2019 9:00:00 AM,42.48,42.71,41.65,42.1,61700,0
L14,10/23/2019 9:15:00 AM,41.87,42.1,40.28,40.89,55600,0
L14,10/24/2019 9:05:00 AM,40.74,42.48,40.74,42.48,25000,0
L14,10/25/2019 9:05:00 AM,42.71,44.45,42.03,43.84,22000,0
L14,10/28/2019 9:00:00 AM,43.92,44.68,43.92,44.07,19500,0
L14,10/29/2019 9:10:00 AM,44.52,44.52,42.4,43.09,92600,0
L14,10/30/2019 9:05:00 AM,43.01,43.24,42.56,42.78,11100,0
L14,10/31/2019 9:05:00 AM,43.16,43.24,41.72,41.72,31400,0
L14,11/1/2019 9:00:00 AM,42.25,43.46,41.8,42.25,21400,0
L14,11/4/2019 9:15:00 AM,41.87,42.33,41.8,41.87,16400,0
L14,11/5/2019 9:40:00 AM,41.87,42.71,41.8,42.1,17100,0
L14,11/6/2019 9:15:00 AM,42.1,44.3,42.03,44.3,65700,0
L14,11/7/2019 9:05:00 AM,43.99,44.9,43.54,44.37,43600,0
L14,11/8/2019 9:30:00 AM,43.99,44.37,43.77,44.07,35100,0
L14,11/11/2019 9:00:00 AM,43.84,44.68,43.24,44.07,97100,0
L14,11/12/2019 9:00:00 AM,44.68,44.68,43.69,44.52,23400,0
L14,11/13/2019 9:25:00 AM,44.68,45.05,44.37,44.6,63600,0
L14,11/14/2019 9:20:00 AM,44.37,44.83,44.37,44.37,31800,0
L14,11/15/2019 9:00:00 AM,44.37,44.6,44.22,44.22,9300,0
L14,11/18/2019 9:00:00 AM,44.45,44.68,43.99,44.22,42000,0
L14,11/19/2019 9:00:00 AM,39.83,44.52,39.83,43.92,35700,0
L14,11/20/2019 9:35:00 AM,43.92,44.15,43.46,43.92,11300,0
L14,11/21/2019 9:00:00 AM,43.92,43.92,43.46,43.69,23100,0
L14,11/22/2019 9:05:00 AM,43.69,44.07,43.62,43.62,37600,0
L14,11/25/2019 9:00:00 AM,44.68,44.68,43.69,43.77,30000,0
L14,11/26/2019 9:00:00 AM,43.77,44.6,43.77,44.6,27400,0
L14,11/27/2019 9:00:00 AM,44.68,48.99,44.68,48.99,206200,0
L14,11/28/2019 9:00:00 AM,49.37,53,48.31,49.98,88500,0
L14,11/29/2019 9:05:00 AM,49.98,50.73,49.67,50.2,48900,0
L14,12/2/2019 9:25:00 AM,49.52,49.98,47.02,47.78,78400,0
L14,12/3/2019 9:00:00 AM,47.78,47.78,45.58,46.04,67100,0
L14,12/4/2019 9:15:00 AM,46.19,48.08,46.19,46.95,19600,0
L14,12/5/2019 9:20:00 AM,46.8,49.14,46.8,48.76,20000,0
L14,12/6/2019 9:00:00 AM,49.22,49.98,48.46,48.84,26700,0
L14,12/9/2019 9:30:00 AM,49.98,52.93,48.92,51.11,76400,0
L14,12/10/2019 9:05:00 AM,51.11,52.55,49.98,51.41,60700,0
L14,12/11/2019 9:10:00 AM,52.63,52.63,50.88,51.26,27500,0
L14,12/12/2019 9:15:00 AM,51.79,51.87,49.98,49.98,32200,0
L14,12/13/2019 9:05:00 AM,49.98,50.35,49.29,49.52,26600,0
L14,12/16/2019 9:20:00 AM,49.52,51.87,49.52,51.34,180000,0
L14,12/17/2019 9:00:00 AM,51.49,52.4,51.41,51.41,41300,0
L14,12/18/2019 9:40:00 AM,51.41,51.49,50.81,50.88,24700,0
L14,12/19/2019 9:15:00 AM,51.11,51.19,50.73,50.88,15100,0
L14,12/20/2019 9:00:00 AM,50.73,50.73,49.98,50.58,28900,0
L14,12/23/2019 9:05:00 AM,50.73,51.94,50.73,51.19,26600,0
L14,12/24/2019 9:15:00 AM,51.11,53.76,51.11,53,93500,0
L14,12/25/2019 9:05:00 AM,53.23,54.82,52.63,54.52,98200,0
L14,12/26/2019 9:00:00 AM,54.52,55.65,53.38,54.29,47600,0
L14,12/27/2019 9:00:00 AM,54.29,54.52,53,53,38500,0
L14,12/30/2019 9:35:00 AM,52.47,53,50.73,50.73,57300,0
L14,12/31/2019 9:00:00 AM,50.58,51.19,49.22,50.35,30800,0
L14,1/2/2020 9:35:00 AM,51.34,52.25,51.34,51.87,16900,0
L14,1/3/2020 9:00:00 AM,51.64,51.64,46.04,49.22,82300,0
L14,1/6/2020 9:00:00 AM,48.46,48.46,46.11,46.95,65200,0
L14,1/7/2020 9:00:00 AM,47.63,48.01,46.95,48.01,45500,0
L14,1/8/2020 9:00:00 AM,48.08,48.92,46.57,46.8,31500,0
L14,1/9/2020 9:35:00 AM,47.4,47.63,46.57,46.95,14800,0
L14,1/10/2020 9:45:00 AM,46.95,47.17,45.05,45.43,42900,0
L14,1/13/2020 9:20:00 AM,45.43,46.19,42.25,42.63,103100,0
L14,1/14/2020 9:00:00 AM,43.54,43.92,41.65,43.69,82300,0
L14,1/15/2020 9:00:00 AM,43.69,44.9,42.78,42.78,26100,0
L14,1/16/2020 9:40:00 AM,43.54,43.69,43.09,43.69,18300,0
L14,1/17/2020 9:55:00 AM,43.92,43.92,42.93,43.69,25300,0
L14,1/20/2020 9:00:00 AM,42.86,43.54,41.65,43.09,60900,0
L14,1/21/2020 9:10:00 AM,43.16,44.68,42.86,43.92,29100,0
L14,1/22/2020 9:00:00 AM,43.84,45.36,43.54,44.22,17700,0
L14,1/30/2020 9:00:00 AM,44.68,44.68,41.72,42.56,39600,0
L14,1/31/2020 9:00:00 AM,42.4,42.78,42.03,42.1,52700,0
L14,2/3/2020 9:00:00 AM,42.86,42.86,37.86,37.86,103600,0
L14,2/4/2020 9:00:00 AM,37.86,39.37,36.5,37.78,63900,0
L14,2/5/2020 9:00:00 AM,37.86,37.94,35.59,35.97,53800,0
L14,2/6/2020 9:00:00 AM,35.74,37.18,35.36,37.18,85100,0
L14,2/7/2020 9:00:00 AM,36.35,38.54,36.35,37.86,53600,0
L14,2/10/2020 9:05:00 AM,37.86,38.47,36.72,38.47,38700,0
L14,2/11/2020 9:10:00 AM,38.24,38.62,37.63,38.54,40000,0
L14,2/12/2020 9:15:00 AM,38.62,42.03,38.62,40.74,65700,0
L14,2/13/2020 9:00:00 AM,40.89,41.57,40.13,40.13,59100,0
L14,2/14/2020 9:15:00 AM,40.13,40.89,39.37,40.89,26500,0
L14,2/17/2020 9:35:00 AM,40.13,41.87,40.13,40.96,75400,0
L14,2/18/2020 9:20:00 AM,41.34,42.18,41.04,41.65,47400,0
L14,2/19/2020 9:00:00 AM,41.65,43.16,41.65,43.01,51700,0
L14,2/20/2020 9:00:00 AM,43.16,44.52,42.93,43.92,41600,0
L14,2/21/2020 9:05:00 AM,43.92,44.22,42.56,42.78,35600,0
L14,2/24/2020 9:00:00 AM,41.65,41.65,38.24,40.06,68100,0
L14,2/25/2020 9:05:00 AM,39,40.81,37.86,39.83,76400,0
L14,2/26/2020 9:00:00 AM,39.37,40.43,39.37,39.75,20500,0
L14,2/27/2020 9:00:00 AM,39.37,39.9,39.15,39.45,33400,0
L14,2/28/2020 9:10:00 AM,38.77,39.9,38.31,39.83,34100,0
L14,3/2/2020 9:05:00 AM,40.13,40.59,39.45,39.75,31800,0
L14,3/3/2020 9:00:00 AM,40.13,40.89,39.83,39.83,23200,0
L14,3/4/2020 9:15:00 AM,40.13,40.13,39.68,39.9,15500,0
L14,3/5/2020 9:25:00 AM,40.81,40.81,40.06,40.13,11200,0
L14,3/6/2020 9:05:00 AM,40.81,40.81,39.53,40.51,49900,0
L14,3/9/2020 9:00:00 AM,40.13,40.13,36.5,36.5,75200,0
L14,3/10/2020 9:00:00 AM,32.94,35.59,32.86,34.07,178800,0
L14,3/11/2020 9:00:00 AM,34.07,34.07,30.67,30.67,282400,0
L14,3/12/2020 9:00:00 AM,30.67,30.67,27.64,28.02,310000,0
L14,3/13/2020 9:00:00 AM,28.02,30.82,25.22,30.82,250000,0
L14,3/16/2020 9:15:00 AM,31.73,33.85,31.5,33.85,112700,0
L14,3/17/2020 9:00:00 AM,35.59,37.18,32.94,37.18,161600,0
L14,3/18/2020 9:00:00 AM,37.48,40.13,35.82,36.95,138600,0
L14,3/19/2020 9:00:00 AM,36.95,38.16,36.5,37.86,78500,0
L14,3/20/2020 9:10:00 AM,37.48,39.68,37.25,39.68,93700,0
L14,3/23/2020 9:00:00 AM,40.74,41.65,38.09,38.62,110300,0
L14,3/24/2020 9:00:00 AM,38.39,38.62,37.78,37.86,40700,0
L14,3/25/2020 9:10:00 AM,38.16,40.06,37.48,39.3,21100,0
L14,3/26/2020 9:00:00 AM,39.3,39.9,36.42,37.1,56700,0
L14,3/27/2020 9:20:00 AM,37.18,38.24,36.72,36.88,31900,0
L14,3/30/2020 9:00:00 AM,36.04,36.8,34.83,35.59,33000,0
L14,3/31/2020 9:00:00 AM,34.83,38.54,34.83,37.48,125900,0
L14,4/1/2020 9:05:00 AM,37.78,41.04,36.57,41.04,123500,0
L14,4/3/2020 9:00:00 AM,41.04,43.16,41.04,41.95,57300,0
L14,4/6/2020 9:05:00 AM,42.03,43.69,41.95,42.93,73300,0
L14,4/7/2020 9:10:00 AM,43.16,43.46,42.33,42.4,96300,0
L14,4/8/2020 9:05:00 AM,42.03,42.93,40.89,42.93,27900,0
L14,4/9/2020 9:00:00 AM,42.93,43.01,42.18,42.18,45900,0
L14,4/10/2020 9:00:00 AM,40.13,42.48,40.13,40.89,63400,0
L14,4/13/2020 9:00:00 AM,40.89,41.95,40.74,40.74,51100,0
L14,4/14/2020 9:05:00 AM,40.96,41.57,40.74,40.81,29000,0
L14,4/15/2020 9:20:00 AM,40.81,40.89,40.13,40.81,39700,0
L14,4/16/2020 9:35:00 AM,40.81,42.18,40.43,42.1,95600,0
L14,4/17/2020 9:05:00 AM,42.4,44.3,42.4,43.92,139700,0
L14,4/20/2020 9:00:00 AM,43.92,44.07,42.33,43.54,50400,0
L14,4/21/2020 9:00:00 AM,43.54,44.15,41.8,43.99,112600,0
L14,4/22/2020 9:00:00 AM,43.54,48.54,43.54,48.54,184500,0
L14,4/23/2020 9:00:00 AM,50.28,52.32,49.22,49.98,143100,0
L14,4/24/2020 9:00:00 AM,50.73,51.49,46.95,51.04,108800,0
L14,4/27/2020 9:15:00 AM,50.96,51.34,48.46,50.05,46100,0
L14,4/28/2020 9:20:00 AM,50.05,50.13,49.6,49.6,34000,0
L14,4/29/2020 9:25:00 AM,51.41,52.17,50.88,51.49,35000,0
L14,5/4/2020 9:20:00 AM,50.35,50.66,49.67,50.13,13600,0
L14,5/5/2020 9:15:00 AM,48.84,50.73,48.76,49.29,28000,0
L14,5/6/2020 9:15:00 AM,49.22,50.43,49.22,49.82,13300,0
L14,5/7/2020 9:15:00 AM,49.82,51.19,49.82,50.43,26900,0
L14,5/8/2020 9:05:00 AM,51.11,52.1,50.73,51.04,64300,0
L14,5/11/2020 9:00:00 AM,51.64,53,51.64,52.63,45000,0
L14,5/12/2020 9:00:00 AM,52.85,53.76,52.25,52.25,30700,0
L14,5/13/2020 9:00:00 AM,52.85,53.31,51.49,52.7,34100,0
L14,5/14/2020 9:10:00 AM,52.85,53,50.73,50.73,42300,0
L14,5/15/2020 9:00:00 AM,50.73,51.49,49.98,49.98,32100,0
L14,5/18/2020 9:00:00 AM,50.66,51.11,49.98,50.66,33800,0
L14,5/19/2020 9:00:00 AM,51.34,53.76,51.34,52.4,37900,0
L14,5/20/2020 9:05:00 AM,52.63,52.63,50.73,51.87,13700,0
L14,5/21/2020 9:00:00 AM,51.41,51.87,50.2,50.35,29900,0
L14,5/22/2020 9:05:00 AM,50.73,50.73,48.46,48.46,63200,0
L14,5/25/2020 9:05:00 AM,48.46,48.92,46.19,48.84,144300,0
L14,5/26/2020 9:05:00 AM,49.22,51.41,48.46,50.28,87500,0
L14,5/27/2020 9:00:00 AM,49.22,50.73,49.22,49.6,20700,0
L14,5/28/2020 9:05:00 AM,49.6,49.98,48.99,49.45,34700,0
L14,5/29/2020 9:00:00 AM,49.98,49.98,48.46,48.92,54600,0
L14,6/1/2020 9:00:00 AM,48.54,50.73,48.54,50.35,57300,0
L14,6/2/2020 9:20:00 AM,49.22,50.73,48.84,50.2,40000,0
L14,6/3/2020 9:10:00 AM,50.35,50.35,48.84,49.22,59400,0
L14,6/4/2020 9:05:00 AM,49.22,49.98,48.84,49.22,46800,0
L14,6/5/2020 9:25:00 AM,49.22,49.45,48.84,49.22,40300,0
L14,6/8/2020 9:00:00 AM,48.08,51.11,48.08,51.11,93700,0
L14,6/9/2020 9:15:00 AM,51.49,56.18,51.11,56.03,180200,0
L14,6/10/2020 9:05:00 AM,59.06,59.06,56.18,56.71,57000,0
L14,6/11/2020 9:05:00 AM,56.79,57.85,51.49,54.37,134100,0
L14,6/12/2020 9:00:00 AM,54.37,55.28,49.98,55.28,79300,0
L14,6/15/2020 9:20:00 AM,56.34,56.41,51.87,53.53,70100,0
L14,6/16/2020 9:05:00 AM,52.7,54.52,52.63,54.52,65100,0
L14,6/17/2020 9:10:00 AM,54.75,54.75,52.25,53.76,39300,0
L14,6/18/2020 9:00:00 AM,52.25,53.69,52.25,52.25,38400,0
L14,6/19/2020 9:15:00 AM,52.32,53.53,51.87,53.16,25000,0
L14,6/22/2020 9:05:00 AM,53.69,53.69,52.32,52.93,26200,0
L14,6/23/2020 9:10:00 AM,51.57,53.53,51.49,52.17,26700,0
L14,6/24/2020 9:10:00 AM,51.64,52.7,51.64,52.1,34600,0
L14,6/25/2020 9:00:00 AM,51.41,51.41,50.13,50.73,32900,0
L14,6/26/2020 10:00:00 AM,51.26,51.49,50.28,50.28,41700,0
L14,6/29/2020 9:00:00 AM,48.84,49.98,48.46,48.46,56300,0
L14,6/30/2020 9:05:00 AM,48.46,49.29,48.46,49.22,21800,0
L14,7/1/2020 10:25:00 AM,49.75,49.98,49.22,49.9,11900,0
L14,7/2/2020 9:35:00 AM,51.11,51.49,48.84,49.29,23200,0
L14,7/3/2020 9:00:00 AM,49.22,50.66,49.22,49.6,24700,0
L14,7/6/2020 9:05:00 AM,48.84,50.05,48.84,49.22,24300,0
L14,7/7/2020 9:25:00 AM,49.37,50.13,49.37,50.13,27800,0
L14,7/8/2020 9:40:00 AM,50.2,50.35,49.98,50.35,4100,0
L14,7/9/2020 9:00:00 AM,50.43,50.66,50.05,50.43,20000,0
L14,7/10/2020 9:25:00 AM,50.28,50.51,49.22,50.43,22600,0
L14,7/13/2020 9:20:00 AM,50.43,50.51,49.22,49.75,35900,0
L14,7/14/2020 9:20:00 AM,49.29,49.98,49.22,49.98,24300,0
L14,7/15/2020 9:00:00 AM,50.13,50.28,48.92,48.99,41800,0
L14,7/16/2020 9:15:00 AM,48.99,49.29,48.99,49.07,10000,0
L14,7/17/2020 9:35:00 AM,49.6,49.82,49.07,49.52,28000,0
L14,7/20/2020 9:30:00 AM,48.92,49.45,48.46,48.76,24600,0
L14,7/21/2020 9:15:00 AM,48.46,49.14,47.7,47.7,37200,0
L14,7/22/2020 9:00:00 AM,46.95,47.7,45.43,45.43,73000,0
L14,7/23/2020 9:00:00 AM,46.19,46.19,43.92,45.36,35300,0
L14,7/24/2020 9:15:00 AM,45.43,45.43,41.49,43.31,63500,0
L14,7/27/2020 9:00:00 AM,43.16,43.16,39,39,100600,0
L14,7/28/2020 9:00:00 AM,37.86,42.86,37.86,42.86,92000,0
L14,7/29/2020 9:05:00 AM,42.48,42.48,38.62,38.84,136500,0
L14,7/30/2020 9:00:00 AM,38.84,40.43,38.84,39.75,24100,0
L14,7/31/2020 9:00:00 AM,39.6,41.65,37.86,40.51,40300,0
L14,8/3/2020 9:00:00 AM,41.42,44.52,40.13,43.54,78600,0
L14,8/4/2020 9:05:00 AM,44.3,48.08,44.3,46.95,76400,0
L14,8/5/2020 9:00:00 AM,46.95,49.22,46.95,48.84,85600,0
L14,8/6/2020 9:00:00 AM,48.46,48.61,46.27,48.08,43800,0
L14,8/7/2020 9:10:00 AM,46.95,48.61,46.27,47.7,33200,0
L14,8/10/2020 9:05:00 AM,48.46,49.22,47.86,49.22,84600,0
L14,8/11/2020 9:05:00 AM,49.45,49.75,48.92,49.29,76900,0
L14,8/12/2020 9:15:00 AM,49.22,49.9,49.22,49.9,58400,0
L14,8/13/2020 9:00:00 AM,52.5,54.2,51.8,54.2,89100,0
L14,8/14/2020 9:00:00 AM,54,54.9,52.6,53.7,59900,0
L14,8/17/2020 9:00:00 AM,52.5,53,50.5,51.6,53000,0
L14,8/18/2020 9:15:00 AM,52,52.9,51,51,36300,0
L14,8/19/2020 9:05:00 AM,52,52,49.6,51,77300,0
L14,8/20/2020 9:10:00 AM,50.1,51.8,50.1,51.2,14600,0
L14,8/21/2020 9:05:00 AM,51.9,51.9,51,51.1,20500,0
L14,8/24/2020 9:00:00 AM,51,51.4,50,50.3,85400,0
L14,8/25/2020 9:15:00 AM,50,52,50,51.5,50600,0
L14,8/26/2020 9:25:00 AM,51.8,52,51,51,19200,0
L14,8/27/2020 9:00:00 AM,51.1,53,50.6,51.3,10200,0
L14,8/28/2020 9:00:00 AM,51,52,50.7,51.2,46100,0
L14,8/31/2020 9:20:00 AM,51.5,51.5,50.3,50.3,16200,0
L14,9/1/2020 9:05:00 AM,50.3,51.1,50.3,50.8,23800,0
L14,9/3/2020 9:00:00 AM,50.9,51.5,50.6,50.9,28800,0
L14,9/4/2020 9:15:00 AM,50.8,54,50.8,52.5,166300,0
L14,9/7/2020 9:50:00 AM,52.8,53.4,52.2,52.2,46900,0
L14,9/8/2020 9:00:00 AM,52.2,53,51.4,51.4,25400,0
L14,9/9/2020 9:00:00 AM,51.1,51.4,50.5,50.9,49300,0
L14,9/10/2020 9:25:00 AM,51.1,52.4,50.9,51.5,26000,0
L14,9/11/2020 9:05:00 AM,51.5,52,51.1,51.4,28200,0
L14,9/14/2020 9:15:00 AM,51.8,52.4,51.5,52,39700,0
L14,9/15/2020 9:30:00 AM,52,53.4,51.6,52,97800,0
L14,9/16/2020 9:05:00 AM,53,53.5,52.8,53,40300,0
L14,9/17/2020 9:10:00 AM,53,53.4,52.6,52.6,37000,0
L14,9/18/2020 9:05:00 AM,53.6,58,53,56.5,280700,0
L14,9/21/2020 9:10:00 AM,56.8,57.9,56,56.7,81000,0
L14,9/22/2020 9:05:00 AM,56.1,57.8,56.1,57,53800,0
L14,9/23/2020 9:05:00 AM,57.1,57.1,55.8,56,33000,0
L14,9/24/2020 9:20:00 AM,55.5,55.5,54.2,54.6,128600,0
L14,9/25/2020 9:05:00 AM,54.5,55.2,54.5,54.5,23500,0
L14,9/28/2020 9:35:00 AM,55.4,55.4,53.5,53.7,72100,0
L14,9/29/2020 9:05:00 AM,54,54,53,53,51300,0
L14,9/30/2020 9:05:00 AM,50.5,54,50.5,54,24500,0
L14,10/1/2020 9:00:00 AM,54,54.3,53.5,54.1,22600,0
L14,10/2/2020 9:05:00 AM,54.1,54.1,52,53.5,68300,0
L14,10/5/2020 9:20:00 AM,53,53.8,53,53,27200,0
L14,10/6/2020 9:05:00 AM,53,53.3,52.5,52.9,109800,0
L14,10/7/2020 9:15:00 AM,52.9,54.5,52.3,53.5,89700,0
L14,10/8/2020 9:15:00 AM,54,54.3,53,53.1,27200,0
L14,10/9/2020 10:20:00 AM,53.1,53.1,53.1,53.1,5700,0
L14,10/12/2020 9:55:00 AM,53.6,53.6,52.5,52.7,54800,0
L14,10/13/2020 11:05:00 AM,52.5,52.9,52.4,52.8,58300,0
L14,10/14/2020 9:30:00 AM,52.5,52.5,52.4,52.5,20100,0
L14,10/15/2020 9:05:00 AM,53.4,54,53,53,53400,0
L14,10/16/2020 9:05:00 AM,52.8,53.1,52.6,52.6,59800,0
L14,10/19/2020 9:05:00 AM,51.9,52,51.4,52,22400,0
L14,10/20/2020 9:05:00 AM,51.5,51.5,51.5,51.5,1600,0
L14,10/21/2020 9:10:00 AM,51.4,53,51.2,51.9,19400,0
L14,10/22/2020 10:15:00 AM,51.2,52.5,51,52.5,35900,0
L14,10/23/2020 9:20:00 AM,51.9,52.7,51.9,52,29900,0
L14,10/26/2020 9:10:00 AM,52,54,52,52.9,43400,0
L14,10/27/2020 9:15:00 AM,52,52.8,51.3,51.5,56800,0
L14,10/28/2020 9:00:00 AM,51,51.5,51,51.4,12400,0
L14,10/29/2020 9:10:00 AM,51,51.2,50.6,50.8,20200,0
L14,10/30/2020 9:35:00 AM,51,51.5,50.7,51,38000,0
L14,11/2/2020 9:35:00 AM,51.5,51.6,50.8,51.5,18000,0
L14,11/3/2020 9:10:00 AM,52.4,52.4,51.1,51.3,52500,0
L14,11/4/2020 9:15:00 AM,51.7,51.7,51.1,51.6,39800,0
L14,11/5/2020 9:05:00 AM,51.1,51.6,51,51.2,15100,0
L14,11/6/2020 9:30:00 AM,51,51.4,50.7,50.7,44300,0
L14,11/9/2020 9:10:00 AM,51.3,51.3,51,51,113500,0
L14,11/10/2020 9:05:00 AM,51.6,54,51,52.5,120400,0
L14,11/11/2020 9:05:00 AM,52.9,53.5,52.5,52.9,84600,0
L14,11/12/2020 9:05:00 AM,53.1,54.5,53.1,54.3,140200,0
L14,11/13/2020 9:00:00 AM,54,54,54,54,5800,0
L14,11/16/2020 9:25:00 AM,53,53.1,52.5,52.5,77100,0
L14,11/17/2020 9:00:00 AM,52.6,53.7,52.2,53.4,36800,0
L14,11/18/2020 9:05:00 AM,52.7,54,52.7,53.2,54900,0
L14,11/19/2020 9:00:00 AM,52.7,53.5,52.7,53,55700,0
L14,11/20/2020 9:15:00 AM,53.4,53.4,52.6,53.1,55200,0
L14,11/23/2020 9:00:00 AM,47.7,53.5,47.7,53.1,83000,0
L14,11/24/2020 9:05:00 AM,52.9,53.3,52.8,53,38200,0
L14,11/25/2020 9:05:00 AM,53,53.6,52.9,53,53900,0
L14,11/26/2020 9:00:00 AM,52.5,53.2,52.5,52.9,57700,0
L14,11/27/2020 9:10:00 AM,52.5,53,52.5,52.9,20400,0
L14,11/30/2020 9:20:00 AM,53.6,53.7,52.5,53,40800,0
L14,12/1/2020 9:00:00 AM,52.4,52.8,51.6,52.5,37300,0
L14,12/2/2020 9:00:00 AM,51.7,53,51.7,52.7,33600,0
L14,12/3/2020 9:05:00 AM,52.5,52.6,52,52,21900,0
L14,12/4/2020 9:00:00 AM,53,53.9,52.5,52.5,34100,0
L14,12/7/2020 9:07:29 AM,52,52.5,51.6,52.1,67300,0
L14,12/8/2020 9:26:10 AM,52,52.8,52,52.3,33300,0
L14,12/9/2020 9:19:07 AM,52.4,52.6,52.3,52.6,21800,0
L14,12/10/2020 9:02:00 AM,52.6,52.9,51.9,51.9,67000,0
L14,12/11/2020 9:02:35 AM,51.9,52.5,51.6,51.7,58400,0
L14,12/14/2020 9:11:38 AM,51.8,52,51.6,51.7,62300,0
L14,12/15/2020 9:10:05 AM,51.8,51.9,51.5,51.9,44600,0
L14,12/16/2020 9:06:58 AM,52,52.1,51.8,52,42300,0
L14,12/17/2020 9:04:21 AM,51.9,52.2,51.4,52.2,134500,0
L14,12/18/2020 9:11:41 AM,52.2,57.4,52.2,57.4,292800,0
L14,12/21/2020 9:00:53 AM,62,63.1,60,62.5,182700,0
L14,12/22/2020 9:00:27 AM,63.5,63.5,61.4,62,72000,0
L14,12/23/2020 9:00:42 AM,60,62,58,58,257900,0
L14,12/24/2020 9:08:53 AM,59,59,52.3,56.7,138700,0
L14,12/25/2020 9:09:30 AM,56.7,58.5,56,58.4,107600,0
L14,12/28/2020 9:01:19 AM,58.5,61,58.4,59.7,80400,0
L14,12/29/2020 9:18:16 AM,60.3,60.3,59,59.7,52400,0
L14,12/30/2020 9:30:36 AM,59.9,59.9,58.4,58.6,19400,0
L14,12/31/2020 9:12:19 AM,59.4,59.4,58,58.4,35200,0
L14,1/4/2021 9:00:34 AM,58.4,59.1,57.3,58.2,58500,0
L14,1/5/2021 9:10:07 AM,58.5,58.6,57.7,58.4,113500,0
L14,1/6/2021 9:20:01 AM,58.4,62.3,58.4,61.2,127300,0
L14,1/7/2021 9:00:30 AM,62.3,63.5,60.8,62.5,140800,0
L14,1/8/2021 9:02:41 AM,62.8,63.8,61,61.8,102000,0
L14,1/11/2021 9:02:37 AM,61.1,62,60.9,61.1,66600,0
L14,1/12/2021 9:04:17 AM,61,61.7,60.5,61,93000,0
L14,1/13/2021 9:02:30 AM,60.8,67,60.7,64,133600,0
L14,1/14/2021 9:00:07 AM,66,66.2,64.2,65.2,62000,0
L14,1/15/2021 9:01:34 AM,63.5,67,63.5,65.1,68300,0
L14,1/18/2021 9:03:47 AM,64.2,67,64.1,65.7,92100,0
L14,1/19/2021 9:16:00 AM,65.5,65.7,60,62,101400,0
L14,1/20/2021 9:00:49 AM,62,63.4,58,61.1,105200,0
L14,1/21/2021 9:06:59 AM,61.5,66,60.8,64.5,71000,0
L14,1/22/2021 9:05:01 AM,64.6,65,63.5,64.3,72300,0
L14,1/25/2021 9:02:50 AM,63.9,66,63.7,65.7,81500,0
L14,1/26/2021 9:02:06 AM,65.8,65.8,63.6,64.6,127400,0
L14,1/27/2021 9:23:23 AM,64,65.9,61,62.6,84100,0
L14,1/28/2021 9:02:52 AM,59,61,56.4,56.4,285800,0
L14,1/29/2021 9:00:19 AM,51,59.9,50.8,59,125200,0
L14,2/1/2021 9:01:16 AM,59,59.4,55.5,55.5,101100,0
L14,2/2/2021 9:00:19 AM,56,58.4,56,58.4,57600,0
L14,2/3/2021 9:07:39 AM,58.4,62,58.4,61.9,38400,0
L14,2/4/2021 9:07:10 AM,63.5,63.7,61.8,62.6,84100,0
L14,2/5/2021 9:25:58 AM,62.7,65.2,62.6,65.2,198100,0
L14,2/8/2021 9:00:15 AM,65.2,65.9,63,64,90400,0
L14,2/9/2021 9:10:39 AM,63.9,65,63.5,64.3,55100,0
L14,2/17/2021 9:00:27 AM,64.3,65.7,64.3,64.9,54600,0
L14,2/18/2021 9:05:02 AM,65.1,67,65.1,67,138000,0
L14,2/19/2021 9:04:33 AM,67.5,73.7,67.5,73,195600,0
L14,2/22/2021 9:18:55 AM,73.6,75.5,73,74.2,124600,0
L14,2/23/2021 9:12:57 AM,74.2,75.1,73,74.3,64100,0
L14,2/24/2021 9:02:21 AM,74.3,74.9,71,72,121400,0
L14,2/25/2021 9:00:16 AM,72,73.4,70,72.8,86700,0
L14,2/26/2021 9:03:16 AM,72.8,72.8,71,72.1,85200,0
L14,3/1/2021 9:08:49 AM,71.5,78,71,78,93000,0
L14,3/2/2021 9:00:51 AM,78,78.5,75,75,55200,0
L14,3/3/2021 9:14:00 AM,76.5,77.8,75.1,77,78800,0
L14,3/4/2021 9:00:57 AM,80,80,75.2,78,86300,0
L14,3/5/2021 9:01:13 AM,78.4,78.9,76.5,77.3,74100,0
L14,3/8/2021 9:03:05 AM,77.8,79.8,77.8,78.9,70000,0
L14,3/9/2021 9:00:26 AM,78.9,78.9,77,77.5,121100,0
L14,3/10/2021 9:00:10 AM,77,80,77,79,90700,0
L14,3/11/2021 9:13:40 AM,79.5,85.2,79.5,84.8,140700,0
L14,3/12/2021 9:00:16 AM,84.8,85.6,82.6,84,52000,0
L14,3/15/2021 9:08:11 AM,84,84.5,83.2,84,59400,0
L14,3/16/2021 9:02:55 AM,83.8,84.9,82.5,83.9,69500,0
L14,3/17/2021 9:15:37 AM,83.9,87,83.5,86.5,74700,0
L14,3/18/2021 9:06:03 AM,87.5,95,87.5,92.8,173800,0
L14,3/19/2021 9:03:44 AM,93,94.5,91.5,92.6,84600,0
L14,3/22/2021 9:02:41 AM,93,99.9,91.7,91.9,94900,0
L14,3/23/2021 9:12:45 AM,91.9,91.9,84,85,173800,0
L14,3/24/2021 9:00:06 AM,85,88,80,87,124100,0
L14,3/25/2021 9:26:36 AM,85.2,88,85.2,87,82700,0
L14,3/26/2021 9:00:47 AM,85,85.9,81,84,78800,0
L14,3/29/2021 9:00:25 AM,86,86,82,83,76800,0
L14,3/30/2021 9:00:19 AM,83,84.2,82,83,71800,0
L14,3/31/2021 9:00:35 AM,83,84.9,83,83,47500,0
L14,4/1/2021 9:00:39 AM,83,88,82.5,88,116300,0
L14,4/2/2021 9:01:27 AM,90,91.5,88,88.5,64200,0
L14,4/5/2021 9:01:03 AM,88.5,89.2,85.2,86,60800,0
L14,4/6/2021 9:09:46 AM,86,86,85,85.2,58500,0
L14,4/7/2021 9:00:36 AM,85.5,87.5,85.3,86.9,29000,0
L14,4/8/2021 9:01:02 AM,88,88,86,86.8,39800,0
L14,4/9/2021 9:18:31 AM,86.8,87.9,86.8,86.8,41500,0
L14,4/12/2021 9:00:11 AM,86.8,87.3,86.3,86.8,43900,0
L14,4/13/2021 9:04:33 AM,86.8,86.8,84,84,80600,0
L14,4/14/2021 9:00:08 AM,84,85.9,83,85.9,75000,0
L14,4/15/2021 9:16:45 AM,86,86.5,83,83,46400,0
L14,4/16/2021 9:05:57 AM,83.1,84,79.3,82.5,80200,0
L14,4/19/2021 9:06:20 AM,82.9,83.5,82.2,82.5,55800,0
L14,4/20/2021 9:17:21 AM,82.5,83.9,81.9,81.9,115400,0
L14,4/22/2021 9:01:17 AM,81.9,81.9,77,77,138800,0
L14,4/23/2021 9:00:47 AM,77,80,76.1,80,65200,0
L14,4/26/2021 9:06:26 AM,80,80,77,77.5,73700,0
L14,4/27/2021 9:04:42 AM,77.5,77.5,75.2,76,28500,0
L14,4/28/2021 9:13:16 AM,76.1,76.5,75.8,76,30100,0
L14,4/29/2021 9:05:10 AM,76,77.8,76,76,38600,0
L14,5/4/2021 9:00:11 AM,75,76,72,74.5,47900,0
L14,5/5/2021 9:13:26 AM,75,77.8,75,75.8,55200,0
L14,5/6/2021 9:15:03 AM,76,77.4,75.5,75.5,70900,0
L14,5/7/2021 9:19:54 AM,75.8,76,73.5,75.6,45500,0
L14,5/10/2021 9:01:02 AM,75.6,75.6,70.5,72.7,57100,0
L14,5/11/2021 9:09:29 AM,72.7,75.5,72.7,72.9,34700,0
L14,5/12/2021 9:01:30 AM,72,80.1,72,77.7,35400,0
L14,5/13/2021 9:19:13 AM,77.7,77.8,76.8,76.8,29000,0
L14,5/14/2021 9:21:51 AM,76.8,77.9,75.3,76.9,36500,0
L14,5/17/2021 9:00:55 AM,76.9,77.4,74.1,75.6,43600,0
L14,5/18/2021 9:13:59 AM,73.2,74.5,73,73.9,39000,0
L14,5/19/2021 9:03:39 AM,73.1,74.3,72.3,73.5,30000,0
L14,5/20/2021 9:13:25 AM,72.1,73.5,71,71.1,105300,0
L14,5/21/2021 9:09:13 AM,73,75.4,71.5,73.9,74300,0
L14,5/24/2021 9:21:44 AM,76.5,77.9,73.9,77.9,128000,0
L14,5/25/2021 9:04:33 AM,77.9,78.5,77.4,78.3,67000,0
L14,5/26/2021 9:07:09 AM,77.5,78.8,77.5,77.5,21900,0
L14,5/27/2021 9:01:17 AM,77.5,78.5,76.5,77.7,53800,0
L14,5/28/2021 9:00:18 AM,77.7,79,77.7,78.6,40000,0
L14,5/31/2021 9:01:21 AM,78.6,79.9,78,78.4,75300,0
L14,6/1/2021 9:07:00 AM,78.4,79.9,78.2,79.5,98200,0
L14,6/2/2021 9:06:05 AM,79.5,82,79,81,40100,0
L14,6/3/2021 9:00:10 AM,89,89,78,79.1,77100,0
L14,6/4/2021 9:06:17 AM,79.2,80,77.3,77.4,62500,0
L14,6/7/2021 9:00:40 AM,77.4,79.5,76.8,77,53800,0
L14,6/8/2021 9:05:27 AM,77.2,79,74.3,74.9,61100,0
L14,6/9/2021 9:08:52 AM,74.9,77,74,76.3,46500,0
L14,6/10/2021 9:03:11 AM,77,77.7,75.5,75.8,29900,0
L14,6/11/2021 9:06:13 AM,75.8,77.7,74.4,75.8,56300,0
L14,6/14/2021 9:02:48 AM,76.5,77.3,76.2,76.8,47900,0
L14,6/15/2021 9:19:01 AM,77.8,77.8,76.4,76.4,38200,0
L14,6/16/2021 9:00:13 AM,77.7,77.7,75.3,75.3,38100,0
L14,6/17/2021 9:13:21 AM,75.4,76.7,74.7,75.5,35300,0
L14,6/18/2021 9:06:04 AM,75.5,76.5,75.2,75.5,67000,0
L14,6/21/2021 9:05:23 AM,75.5,76.5,75.3,75.4,46000,0
L14,6/22/2021 9:02:57 AM,75.5,80,75.2,79,140200,0
L14,6/23/2021 9:07:01 AM,79,79,75,75,45900,0
L14,6/24/2021 9:19:01 AM,77,77,75,75,29300,0
L14,6/25/2021 9:28:06 AM,75.2,76,75,75.2,31100,0
L14,6/28/2021 9:20:39 AM,75.4,76.9,75.3,75.7,19100,0
L14,6/29/2021 9:12:53 AM,78,78,75.9,76.2,37800,0
L14,6/30/2021 9:01:08 AM,76.3,76.6,75.7,76,29300,0
L14,7/1/2021 9:01:23 AM,76,77.3,75.8,75.8,46100,0
L14,7/2/2021 9:03:46 AM,76,77.2,76,76.5,56800,0
L14,7/5/2021 9:16:33 AM,76.5,76.9,75.5,75.6,34400,0
L14,7/6/2021 9:05:50 AM,76.2,76.6,72,73.8,64000,0
L14,7/7/2021 9:00:32 AM,73.8,74.9,73,73,61400,0
L14,7/8/2021 9:18:01 AM,73.1,74.4,72,72.2,47600,0
L14,7/9/2021 9:05:23 AM,72.6,75,71,71.6,43300,0
L14,7/12/2021 9:26:52 AM,71.6,71.6,66,66,83900,0
L14,7/13/2021 9:00:13 AM,60,66,60,64,57800,0
L14,7/14/2021 9:02:27 AM,64,65.8,62.8,64.2,18800,0
L14,7/15/2021 9:53:46 AM,64.4,64.8,64,64.3,16000,0
L14,7/16/2021 9:00:34 AM,64.5,66,64.3,64.8,45000,0
L14,7/19/2021 9:00:40 AM,65,65,63.5,64.7,39200,0
L14,7/20/2021 9:01:08 AM,65,70,64.7,70,73600,0
L14,7/21/2021 9:02:19 AM,70.5,74,70.5,74,140700,0
L14,7/22/2021 9:00:42 AM,75,75,73.6,74.1,46400,0
L14,7/23/2021 9:17:01 AM,74.1,75,74,74,46200,0
L14,7/26/2021 9:00:26 AM,74,75.5,71.9,75.5,60700,0
L14,7/27/2021 9:00:52 AM,75.6,76,74.6,75,31500,0
L14,7/28/2021 9:17:53 AM,75,75,73.8,74,17500,0
L14,7/29/2021 9:23:26 AM,74,74.3,72.4,72.6,48400,0
L14,7/30/2021 9:00:58 AM,72.7,73.7,72,73.4,54900,0
L14,8/2/2021 9:12:19 AM,73.4,74,73,73.1,34200,0
L14,8/3/2021 9:07:09 AM,73.1,73.8,72.8,73.7,86900,0
L14,8/4/2021 9:01:02 AM,73.8,80,73.5,77.6,137100,0
L14,8/5/2021 9:26:53 AM,77.6,78,77.6,77.7,30400,0
L14,8/6/2021 9:00:07 AM,77.6,79.5,76.8,78.7,58900,0
L14,8/9/2021 9:07:55 AM,78.7,84.6,78.5,84.6,122300,0
L14,8/10/2021 9:00:42 AM,84.6,90,82.6,84.2,112000,0
L14,8/11/2021 9:00:06 AM,90,90,82.7,82.8,55500,0
L14,8/12/2021 9:01:35 AM,82.8,85.3,82.8,83.6,37800,0
L14,8/13/2021 9:01:59 AM,83.6,84,80,83.4,52600,0
L14,8/16/2021 9:02:19 AM,83.5,87.9,83.5,87,42600,0
L14,8/17/2021 9:18:06 AM,87,87,85,85.1,37000,0
L14,8/18/2021 9:00:31 AM,85.1,87.5,83.1,86.8,48700,0
L14,8/19/2021 9:08:00 AM,86.8,87.5,86,87,26400,0
L14,8/20/2021 9:13:07 AM,87,87,83.5,85.6,67800,0
L14,8/23/2021 9:09:46 AM,85,87,84,84,37500,0
L14,8/24/2021 9:02:24 AM,83.9,84,81,82.6,34300,0
L14,8/25/2021 9:18:44 AM,82.6,84,81.5,83.8,25300,0
L14,8/26/2021 9:25:59 AM,83.9,84.9,82,82.9,27100,0
L14,8/27/2021 9:00:22 AM,82.9,83.4,82.3,83,53200,0
L14,8/30/2021 9:07:36 AM,83.3,84.8,83.3,84.4,40100,0
L14,8/31/2021 9:01:00 AM,84.4,87.6,84.4,87,66700,0
L14,9/1/2021 9:07:05 AM,85.7,93,85.7,93,205800,0
L14,9/6/2021 9:00:25 AM,93,97.3,93,94.5,90600,0
L14,9/7/2021 9:06:34 AM,95,95,90.7,90.7,43000,0
L14,9/8/2021 9:00:26 AM,90.7,92,90.7,91,56200,0
L14,9/9/2021 9:16:05 AM,92,93.1,91,91.5,29100,0
L14,9/10/2021 9:00:40 AM,91.5,92.5,91.5,92,32400,0
L14,9/13/2021 9:00:12 AM,92,92.1,88.9,89.3,41300,0
L14,9/14/2021 9:28:37 AM,91,91,86,86,50800,0
L14,9/15/2021 9:09:10 AM,88,88,86.5,87,29100,0
L14,9/16/2021 9:11:53 AM,87,88.5,87,87.2,19700,0
L14,9/17/2021 9:00:21 AM,89.7,89.7,88,89.5,38000,0
L14,9/20/2021 9:01:46 AM,90,90.6,88.6,89.8,27900,0
L14,9/21/2021 9:00:13 AM,91,91,86.6,89,64000,0
L14,9/22/2021 9:01:02 AM,87,91,87,89.1,25300,0
L14,9/23/2021 9:03:01 AM,89.1,91.6,87,89.2,35900,0
L14,9/24/2021 9:15:06 AM,89.2,89.9,88,88.1,8100,0
L14,9/27/2021 9:07:14 AM,86.9,90.4,86.9,87.2,64500,0
L14,9/28/2021 9:00:39 AM,87.2,89,86.6,89,53900,0
L14,9/29/2021 9:37:05 AM,89,89,87.4,89,24100,0
L14,9/30/2021 9:14:54 AM,87.4,91,87.4,90.6,32500,0
L14,10/1/2021 9:01:30 AM,91.3,91.3,89,90,122900,0
L14,10/4/2021 9:15:06 AM,87.6,90,87.2,87.2,53100,0
L14,10/5/2021 9:17:33 AM,87.5,88.8,87,88,32200,0
L14,10/6/2021 9:04:50 AM,88.1,91,88.1,91,61700,0
L14,10/7/2021 9:02:05 AM,92,94.8,91.1,93.2,46700,0
L14,10/8/2021 9:00:11 AM,93.2,97.7,93.2,96.7,119500,0
L14,10/11/2021 9:00:13 AM,96.6,99.5,96,98,124200,0
L14,10/12/2021 9:15:35 AM,98,102.9,97.5,102.9,70300,0
L14,10/13/2021 9:04:41 AM,105,113.1,105,113.1,100600,0
L14,10/14/2021 9:00:24 AM,115,119.9,113.1,118,124600,0
L14,10/15/2021 9:07:16 AM,119.9,129.7,119.1,123,147400,0
L14,10/18/2021 9:00:15 AM,123,132.5,123,132.5,111400,0
L14,10/19/2021 9:01:57 AM,135.9,137.5,121,124.5,148700,0
L14,10/20/2021 9:01:47 AM,124.5,130,124.3,127.9,73800,0
L14,10/21/2021 9:06:11 AM,129.7,133.2,128.1,133.2,48500,0
L14,10/22/2021 9:01:41 AM,135.9,138.6,133.3,138.2,57000,0
L14,10/25/2021 9:00:39 AM,138.2,152,138,149.9,112300,0
L14,10/26/2021 9:00:16 AM,150,160,149.9,157,87500,0
L14,10/27/2021 9:01:25 AM,160.1,172.7,160.1,172.7,87800,0
L14,10/28/2021 9:00:23 AM,187.7,189.9,177,188.4,185500,0
L14,10/29/2021 9:00:43 AM,189,199.5,189,199,102200,0
L14,11/1/2021 9:01:11 AM,199,218.9,193,218.9,185500,0
L14,11/2/2021 9:02:15 AM,227.7,240.7,227.7,240.7,93400,0
L14,11/3/2021 9:00:17 AM,240.7,264.7,216.7,216.7,252700,0
L14,11/4/2021 9:00:08 AM,195.1,216,195.1,195.2,181000,0
L14,11/5/2021 9:00:27 AM,195.2,210,195,195.5,83100,0
L14,11/8/2021 9:00:43 AM,195.6,206,194,197,65800,0
L14,11/9/2021 9:11:08 AM,197.5,216.5,193,215,121600,0
L14,11/10/2021 9:00:25 AM,220,236.5,220,236.5,82200,0
L14,11/11/2021 9:00:17 AM,255,260.1,238,260.1,121100,0
L14,11/12/2021 9:00:21 AM,268,283,266,280,94100,0
L14,11/15/2021 9:02:19 AM,290,308,252,291,159800,0
L14,11/16/2021 9:00:30 AM,295,300,270,280,80100,0
L14,11/17/2021 9:00:19 AM,280,280,260,263,85700,0
L14,11/18/2021 9:00:20 AM,263,286.8,250,281,86800,0
L14,11/19/2021 9:02:03 AM,281.2,292,260,267,95600,0
L14,11/22/2021 9:00:27 AM,267,272,240.3,240.3,140800,0
L14,11/23/2021 9:00:23 AM,230,244,219,222,102400,0
L14,11/24/2021 9:00:05 AM,222,244,222,237,77800,0
L14,11/25/2021 9:04:07 AM,240,260.7,240,260.7,91900,0
L14,11/26/2021 9:00:46 AM,286.6,286.7,270,286.7,161100,0
L14,11/29/2021 9:00:48 AM,286.7,308,258.5,295,94900,0
L14,11/30/2021 9:05:53 AM,300,300,286,286,92700,0
L14,12/1/2021 9:00:47 AM,280,280,265,268,66800,0
L14,12/2/2021 9:03:57 AM,278,282,268.1,276.4,78700,0
L14,12/3/2021 9:02:49 AM,278,280,260,260,77000,0
L14,12/6/2021 9:00:07 AM,265,265,245,247.9,64600,0
L14,12/7/2021 9:05:18 AM,249,258,228,252.5,79500,0
L14,12/8/2021 9:04:24 AM,254,259.5,253,257,60600,0
L14,12/9/2021 9:11:53 AM,255,260,251.2,252,54000,0
L14,12/10/2021 9:00:26 AM,252.1,256,246,246.1,76900,0
L14,12/13/2021 9:01:10 AM,246.1,265,238.2,263.6,93600,0
L14,12/14/2021 9:01:13 AM,263.6,278,256,257.1,65200,0
L14,12/15/2021 9:05:35 AM,258,270,258,264,87000,0
L14,12/16/2021 9:00:26 AM,264,279,264,279,122100,0
L14,12/17/2021 9:00:08 AM,282,290,279,283.1,111700,0
L14,12/20/2021 9:00:58 AM,286,286,269.1,275,86200,0
L14,12/21/2021 9:00:33 AM,275,279,263,271,163800,0
L14,12/22/2021 9:00:08 AM,265,271,250,261,306200,0
L14,12/23/2021 9:00:37 AM,261,261,242,250,160300,0
L14,12/24/2021 9:00:15 AM,249,267.9,240.3,250,155200,0
L14,12/27/2021 9:00:27 AM,260,263,250,262,186800,0
L14,12/28/2021 9:00:11 AM,270,270,258,258.1,181700,0
L14,12/29/2021 9:01:41 AM,258.1,260,251.5,252,173100,0
L14,12/30/2021 9:00:09 AM,252,254,248.8,249,132400,0
L14,12/31/2021 9:00:58 AM,250.5,270,248.1,259.9,119600,0
L14,1/4/2022 9:00:27 AM,270,279,260,279,284200,0
L14,1/5/2022 9:00:07 AM,290,306.9,285,306.9,168700,0
L14,1/6/2022 9:00:05 AM,337.5,337.5,330,337.5,55600,0
L14,1/7/2022 9:00:02 AM,371.2,371.2,350,371.2,81200,0
L14,1/10/2022 9:00:03 AM,408.3,408.3,369.9,377,365600,0
L14,1/11/2022 9:00:17 AM,377,414.7,377,414.7,144200,0
L14,1/12/2022 9:00:02 AM,420,456.1,374,440,360800,0
L14,1/13/2022 9:00:15 AM,440,484,396,396,262700,0
L14,1/14/2022 9:00:05 AM,370,435.6,356.4,435.6,282800,0
L14,1/17/2022 9:00:07 AM,479,479,392.3,392.3,236300,0
L14,1/18/2022 9:00:54 AM,370,390,353.1,353.1,133900,0
L14,1/19/2022 9:00:04 AM,317.8,317.8,317.8,317.8,40800,0
L14,1/20/2022 9:00:04 AM,286.1,349.5,286.1,349.5,194700,0
L14,1/21/2022 9:00:04 AM,384.4,384.4,384.4,384.4,9600,0
L14,1/24/2022 9:00:05 AM,422.8,422.8,356,358,258200,0
L14,1/25/2022 9:00:04 AM,350,393.8,323,393.8,253300,0
L14,1/26/2022 9:00:10 AM,430,430,393.8,405.8,110200,0
L14,1/27/2022 9:00:14 AM,405.8,406.5,366,380,93600,0
L14,1/28/2022 9:00:03 AM,380,380,346,380,120500,0
L14,2/7/2022 9:00:06 AM,417,417,342,342,87000,0
L14,2/8/2022 9:00:08 AM,342,342,307.8,307.8,160500,0
L14,2/9/2022 9:00:03 AM,280,338.5,280,338.5,130300,0
L14,2/10/2022 9:00:07 AM,370,372.3,360,372.3,97500,0
L14,2/11/2022 9:00:51 AM,373,380,340,345.1,95800,0
L14,2/14/2022 9:00:10 AM,340,372,320,360,112900,0
L14,2/15/2022 9:00:35 AM,370,375,360,365.1,76100,0
L14,2/16/2022 9:00:17 AM,365,399,365,397.9,110500,0
L14,2/17/2022 9:00:06 AM,397.9,409.8,380,386,97200,0
L14,2/18/2022 9:00:59 AM,386,399.8,368,399.8,103800,0
L14,2/21/2022 9:00:10 AM,425,425,393,399,175300,0
L14,2/22/2022 9:00:24 AM,395,395,360.1,362,195200,0
L14,2/23/2022 9:00:45 AM,362,390,362,382,68900,0
L14,2/24/2022 9:07:08 AM,375,388.9,345.1,374.9,219700,0
L14,2/25/2022 9:00:11 AM,374.9,388,371,375,63900,0
L14,2/28/2022 9:00:13 AM,375,375.5,369,375,80700,0
L14,3/1/2022 9:01:38 AM,371,395,370.2,389,119100,0
L14,3/2/2022 9:01:56 AM,389,393.8,377.9,379,60400,0
L14,3/3/2022 9:01:26 AM,382,382,377.9,379.3,47400,0
L14,3/4/2022 9:06:57 AM,380,392.4,375,383,102800,0
L14,3/7/2022 9:01:09 AM,389.9,403,384,385.2,116000,0
L14,3/8/2022 9:00:04 AM,385.2,385.2,370,370,116200,0
L14,3/9/2022 9:00:15 AM,369,375.2,350,370,100900,0
L14,3/10/2022 9:02:54 AM,385,385.5,377,377.1,46200,0
L14,3/11/2022 9:01:35 AM,377.1,378,365.4,366.2,48700,0
L14,3/14/2022 9:04:14 AM,360,375,360,365,73000,0
L14,3/15/2022 9:02:44 AM,375,375,366,372,46600,0
L14,3/16/2022 9:00:10 AM,378,380,364.6,365,125000,0
L14,3/17/2022 9:00:05 AM,401.5,401.5,365,368.9,106200,0
L14,3/18/2022 9:00:51 AM,373,380,368.6,377,83400,0
L14,3/21/2022 9:01:32 AM,377,387,375.5,386.6,116800,0
L14,3/22/2022 9:00:12 AM,386.6,399,381,383.5,151900,0
L14,3/23/2022 9:02:11 AM,383.5,383.5,374.6,375.9,90900,0
L14,3/24/2022 9:00:22 AM,382.2,382.2,370,371.7,110000,0
L14,3/25/2022 9:00:20 AM,376.1,376.1,367.1,369,87000,0
L14,3/28/2022 9:00:07 AM,368.8,368.8,332.9,352.9,165900,0
L14,3/29/2022 9:00:56 AM,345,372,345,367.2,126300,0
L14,3/30/2022 9:00:03 AM,367.2,367.2,335,339,154500,0
L14,3/31/2022 9:00:52 AM,339,352,339,339.3,62900,0
L14,4/1/2022 9:00:19 AM,340,348,338.6,346.9,74200,0
L14,4/4/2022 9:00:10 AM,347,352,341,341,43200,0
L14,4/5/2022 9:01:49 AM,340.9,343,336,340,61900,0
L14,4/6/2022 9:01:01 AM,335,335,315.2,318,113700,0
L14,4/7/2022 9:00:15 AM,318,318,299,300,120900,0
L14,4/8/2022 9:00:11 AM,300,319,295,302.6,83200,0
L14,4/12/2022 9:09:21 AM,312,312,280,280,68200,0
L14,4/13/2022 9:00:04 AM,280,288.4,254,281,105200,0
L14,4/14/2022 9:03:22 AM,290,297,272.6,274,60700,0
L14,4/15/2022 9:01:27 AM,274,274,247,247,63500,0
L14,4/18/2022 9:00:39 AM,247,248,223,244,125600,0
L14,4/19/2022 9:03:47 AM,254,258,244,248,61100,0
L14,4/20/2022 9:00:11 AM,248,260,240.1,246,48900,0
L14,4/21/2022 9:00:05 AM,240,241,221.4,221.4,172000,0
L14,4/22/2022 9:00:10 AM,200,215,199.3,199.3,165000,0
L14,4/25/2022 9:00:05 AM,199,219,179.4,179.4,207700,0
L14,4/26/2022 9:00:01 AM,161.5,197.3,161.5,197,353600,0
L14,4/27/2022 9:00:05 AM,216,216,185,212,109000,0
L14,4/28/2022 9:00:03 AM,212,214.9,198.8,198.8,115400,0
L14,4/29/2022 9:00:04 AM,197.8,210,187,203,162800,0
L14,5/4/2022 9:00:04 AM,203,204,182.7,182.7,154100,0
L14,5/5/2022 9:00:53 AM,182.7,189,164.5,170.6,122000,0
L14,5/6/2022 9:00:16 AM,166,166,153.6,153.6,188900,0
L14,5/9/2022 9:00:03 AM,146,150,138.3,138.3,208100,0
L14,5/10/2022 9:00:02 AM,124.5,144,124.5,140.2,207100,0
L14,5/11/2022 9:00:02 AM,127,154.2,127,154.2,142400,0
L14,5/12/2022 9:00:47 AM,155.1,164,138.8,138.8,175200,0
L14,5/13/2022 9:00:03 AM,152,152,125,125,232900,0
L14,5/16/2022 9:00:02 AM,125,134.9,123.1,128,203300,0
L14,5/17/2022 9:00:02 AM,115.2,140.8,115.2,140.8,100700,0
L14,5/18/2022 9:00:08 AM,149,154,145,148,241400,0
L14,5/19/2022 9:00:05 AM,148,148,135.5,146,105600,0
L14,5/20/2022 9:00:16 AM,146,156.5,146,149,143500,0
L14,5/23/2022 9:00:10 AM,150,153,134.1,134.1,156700,0
L14,5/24/2022 9:01:10 AM,135,142,126.1,142,123500,0
L14,5/25/2022 9:00:13 AM,152,152,143,151.8,138900,0
L14,5/26/2022 9:00:09 AM,152,154.9,148.5,149,124000,0
L14,5/27/2022 9:06:53 AM,146.1,159.6,145.9,156,192500,0
L14,5/30/2022 9:01:19 AM,156.2,171.6,156.2,171.6,186300,0
L14,5/31/2022 9:00:56 AM,180,188.7,176,188.7,263900,0
L14,6/1/2022 9:00:05 AM,185,206,185,194,337400,0
L14,6/2/2022 9:01:30 AM,194,196.5,176.2,176.3,199000,0
L14,6/3/2022 9:00:31 AM,176,189,173,186,159900,0
L14,6/6/2022 9:03:22 AM,189,190,170,178,118100,0
L14,6/7/2022 9:00:05 AM,178,178,162,166.5,174000,0
L14,6/8/2022 9:00:13 AM,167,183.1,167,182.5,121900,0
L14,6/9/2022 9:14:11 AM,184,189,176.7,179,63000,0
L14,6/10/2022 9:00:14 AM,179,179,171,171.2,104600,0
L14,6/13/2022 9:00:06 AM,160,166,154.1,154.1,206400,0
L14,6/14/2022 9:00:07 AM,154,160,142,150.1,197700,0
L14,6/15/2022 9:00:12 AM,158.2,158.2,135.1,135.1,247800,0
L14,6/16/2022 9:00:06 AM,139,143.8,135,135,154100,0
L14,6/17/2022 9:00:06 AM,132,134,121.5,121.5,315100,0
L14,6/20/2022 9:00:03 AM,133,133,109.4,109.4,213400,0
L14,6/21/2022 9:00:06 AM,98.5,107.4,98.5,98.5,260100,0
L14,6/22/2022 9:00:02 AM,88.7,108.3,88.7,108.3,327300,0
L14,6/23/2022 9:01:48 AM,111,118.5,111,117,254200,0
L14,6/24/2022 9:00:05 AM,124,124,110,110,341100,0
L14,6/27/2022 9:00:05 AM,111,114,102,106,271800,0
L14,6/28/2022 9:03:43 AM,106.1,116.6,106.1,116,230100,0
L14,6/29/2022 9:00:03 AM,115.9,116.6,111,112.5,216300,0
L14,6/30/2022 9:02:41 AM,112.5,113,101.3,101.3,235600,0
L14,7/1/2022 9:00:06 AM,101,109,91.5,102,267200,0
L14,7/4/2022 9:00:11 AM,103.8,107,101,101.1,140400,0
L14,7/5/2022 9:00:12 AM,102,103,96,96,164400,0
L14,7/6/2022 9:00:20 AM,97,101.8,92,94,212700,0
L14,7/7/2022 9:00:31 AM,94,98.3,93.1,95,142200,0
L14,7/8/2022 9:00:04 AM,85.5,104.1,85.5,102.1,226700,0
L14,7/11/2022 9:00:05 AM,102,106.9,98.6,99.8,245500,0
L14,7/12/2022 9:00:55 AM,100,107,100,106.9,270200,0
L14,7/13/2022 9:00:58 AM,107,111,105.9,106.5,187900,0
L14,7/14/2022 9:00:19 AM,103,109,103,107,139400,0
L14,7/15/2022 9:00:13 AM,108,113,107.2,111.1,225700,0
L14,7/18/2022 9:00:59 AM,111.2,113.8,105.1,106.5,248200,0
L14,7/19/2022 9:00:59 AM,106.5,108.5,103,105.5,177300,0
L14,7/20/2022 9:00:10 AM,105.5,112.8,105.5,107.9,230600,0
L14,7/21/2022 9:00:10 AM,108,112.4,106.8,107.2,226000,0
L14,7/22/2022 9:00:03 AM,106,107,96.5,102,307600,0
L14,7/25/2022 9:00:11 AM,102,102.5,97.9,100,197800,0
L14,7/26/2022 9:03:42 AM,101,102.6,99.6,100.1,90100,0
L14,7/27/2022 9:00:32 AM,99.6,101.8,99,101.4,92600,0
L14,7/28/2022 9:00:15 AM,105,111,103.5,107.2,262600,0
L14,7/29/2022 9:01:16 AM,110,110,105.1,105.2,144800,0
L14,8/1/2022 9:00:05 AM,105.1,111.9,105,111,275700,0
L14,8/2/2022 9:00:18 AM,112,115.5,111,113.4,306700,0
L14,8/3/2022 9:00:10 AM,115,115,110.1,112.6,186800,0
L14,8/4/2022 9:00:10 AM,97.91,104.25,97.91,100.95,238300,0
L14,8/5/2022 9:00:42 AM,101.56,104.51,99.99,104.51,328600,0
L14,8/8/2022 9:00:09 AM,106.08,112.86,105.21,112.6,392400,0
L14,8/9/2022 9:00:05 AM,119.9,122,112.6,118,266200,0
L14,8/10/2022 9:00:07 AM,118,123.9,116.4,123.9,181400,0
L14,8/11/2022 9:00:04 AM,124,130,118,119.5,390700,0
L14,8/12/2022 9:00:22 AM,119.5,123,117.5,123,231900,0
L14,8/15/2022 9:00:30 AM,123,126.5,122,122.3,161200,0
L14,8/16/2022 9:00:07 AM,122.3,122.3,115,120,162700,0
L14,8/17/2022 9:00:06 AM,120,126,120,120.1,269900,0
L14,8/18/2022 9:00:08 AM,120,120.1,116.4,117.1,215900,0
L14,8/19/2022 9:00:24 AM,117,118.8,115,116,160800,0
L14,8/22/2022 9:00:03 AM,116,116,105.4,108,333400,0
L14,8/23/2022 9:00:14 AM,107,116,103.5,116,280600,0
L14,8/24/2022 9:00:33 AM,116,117,112.5,114.4,104300,0
L14,8/25/2022 9:02:58 AM,114.4,115,112,113.1,115300,0
L14,8/26/2022 9:00:44 AM,113.1,114.8,110.9,112.1,145100,0
L14,8/29/2022 9:00:39 AM,109,109,105,108,249400,0
L14,8/30/2022 9:02:15 AM,108.1,111.6,106.1,107,90200,0
L14,8/31/2022 9:00:05 AM,106,108,97,107.1,106500,0
L14,9/5/2022 9:00:11 AM,107.1,108.9,104.7,106.7,78300,0
L14,9/6/2022 9:04:55 AM,104.6,109,104.6,107.1,181400,0
L14,9/7/2022 9:00:07 AM,107,107.4,103,103,118700,0
L14,9/8/2022 9:00:11 AM,103.1,104.6,101,101,142000,0
L14,9/9/2022 9:04:30 AM,101,102.2,96,100.9,175300,0
L14,9/12/2022 9:00:18 AM,102,105,101,102,53500,0
