NTC,12/19/2017 9:00:00 AM,44.43,44.43,43.83,44.32,82000,0
NTC,12/20/2017 9:10:00 AM,44.57,44.81,44.02,44.37,55900,0
NTC,12/21/2017 9:10:00 AM,44.57,44.96,44.37,44.81,50300,0
NTC,12/22/2017 9:00:00 AM,44.81,46.73,44.32,46.29,108400,0
NTC,12/25/2017 9:00:00 AM,46.29,46.38,45.3,45.45,37700,0
NTC,12/26/2017 9:10:00 AM,45.8,46.19,45.55,45.75,33600,0
NTC,12/27/2017 9:00:00 AM,45.7,46.19,45.06,45.75,73000,0
NTC,12/28/2017 9:20:00 AM,45.8,46.19,45.41,45.94,27900,0
NTC,12/29/2017 9:20:00 AM,45.99,46.04,45.8,45.85,49400,0
NTC,1/2/2018 9:25:00 AM,46.14,46.14,45.06,45.45,39100,0
NTC,1/3/2018 9:15:00 AM,44.81,45.41,44.81,45.41,70900,0
NTC,1/4/2018 9:10:00 AM,44.81,45.3,44.81,45.26,16900,0
NTC,1/5/2018 9:10:00 AM,45.3,45.3,44.86,45.06,30300,0
NTC,1/8/2018 9:00:00 AM,45.06,45.2,43.83,45.06,123400,0
NTC,1/9/2018 9:10:00 AM,45.06,46.24,44.9,45.8,130200,0
NTC,1/10/2018 9:05:00 AM,45.8,46.19,45.1,45.3,44900,0
NTC,1/11/2018 9:20:00 AM,45.55,45.55,43.83,44.08,49200,0
NTC,1/12/2018 9:20:00 AM,43.38,44.23,42.5,43.05,81000,0
NTC,1/15/2018 9:50:00 AM,42.85,43.44,42.6,42.95,32500,0
NTC,1/16/2018 9:00:00 AM,44.32,46.78,43.83,44.52,36500,0
NTC,1/17/2018 9:55:00 AM,44.32,44.32,43.83,43.83,33400,0
NTC,1/18/2018 9:25:00 AM,44.13,44.13,42.21,43.64,15100,0
NTC,1/19/2018 9:05:00 AM,44.76,44.81,43.34,44.32,104200,0
NTC,1/22/2018 9:05:00 AM,45.01,45.01,43.58,43.58,35900,0
NTC,1/23/2018 9:50:00 AM,43.78,43.78,42,42.65,61800,0
NTC,1/24/2018 9:00:00 AM,44.27,44.27,42,42,74300,0
NTC,1/25/2018 9:10:00 AM,42.6,42.6,40.38,40.87,150000,0
NTC,1/26/2018 9:05:00 AM,40.87,41.26,40.73,40.87,97000,0
NTC,1/29/2018 9:00:00 AM,45.75,45.75,40.87,41.61,24000,0
NTC,1/30/2018 9:15:00 AM,40.87,41.7,40.87,41.16,57100,0
NTC,1/31/2018 9:10:00 AM,40.87,43.09,40.87,43.09,38200,0
NTC,2/1/2018 10:05:00 AM,42.85,42.85,41.61,42.79,18000,0
NTC,2/2/2018 9:00:00 AM,42.89,42.89,41.12,41.87,37700,0
NTC,2/5/2018 9:00:00 AM,43.09,43.09,40.34,40.34,119200,0
NTC,2/6/2018 9:00:00 AM,39.4,39.4,36.44,39.01,57900,0
NTC,2/7/2018 9:05:00 AM,40.38,40.38,38.66,40.34,19300,0
NTC,2/8/2018 10:05:00 AM,39.89,41.61,39.89,39.89,17100,0
NTC,2/9/2018 10:20:00 AM,38.41,40.34,38.41,40.34,9000,0
NTC,2/12/2018 9:10:00 AM,40.28,41.22,40.28,40.28,3100,0
NTC,2/13/2018 9:00:00 AM,44.27,44.27,40.87,42.6,12700,0
NTC,2/21/2018 9:20:00 AM,43.09,43.09,41.47,41.47,15700,0
NTC,2/22/2018 9:35:00 AM,42.6,42.6,41.37,41.37,8100,0
NTC,2/23/2018 9:40:00 AM,42.79,42.79,41.42,42.74,6200,0
NTC,2/26/2018 9:05:00 AM,41.61,43.28,41.61,42.15,24100,0
NTC,2/27/2018 9:05:00 AM,42.7,42.7,41.61,41.61,23400,0
NTC,2/28/2018 9:25:00 AM,42.55,42.55,41.47,41.91,18300,0
NTC,3/1/2018 9:15:00 AM,41.61,42.25,41.61,41.61,22000,0
NTC,3/2/2018 9:55:00 AM,41.61,41.81,41.12,41.81,6500,0
NTC,3/5/2018 9:20:00 AM,41.51,41.51,40.63,40.68,14600,0
NTC,3/6/2018 9:05:00 AM,41.81,41.81,40.38,41.32,14200,0
NTC,3/7/2018 9:35:00 AM,41.12,41.37,40.77,40.77,27300,0
NTC,3/8/2018 9:25:00 AM,40.42,41.42,40.42,41.37,19200,0
NTC,3/9/2018 9:35:00 AM,40.87,41.37,40.87,41.37,11900,0
NTC,3/12/2018 9:00:00 AM,41.87,41.87,41.06,41.26,9600,0
NTC,3/13/2018 9:30:00 AM,41.12,41.12,40.87,40.87,8300,0
NTC,3/14/2018 9:10:00 AM,43.58,43.58,40.68,40.68,13600,0
NTC,3/15/2018 11:05:00 AM,40.97,41.02,40.93,40.93,12100,0
NTC,3/16/2018 10:00:00 AM,40.87,40.97,40.42,40.87,16600,0
NTC,3/19/2018 9:40:00 AM,40.38,40.38,39.74,39.89,35200,0
NTC,3/20/2018 9:00:00 AM,40.08,40.34,39.89,40.34,16900,0
NTC,3/21/2018 9:05:00 AM,41.87,41.87,39.35,39.35,55000,0
NTC,3/22/2018 9:20:00 AM,39.4,39.85,38.91,38.91,43200,0
NTC,3/23/2018 9:25:00 AM,38.91,39.15,38.84,38.84,4300,0
NTC,3/26/2018 9:35:00 AM,38.91,38.91,36.93,37.23,44700,0
NTC,3/27/2018 9:00:00 AM,37.43,37.92,36.93,37.82,28700,0
NTC,3/28/2018 10:10:00 AM,37.92,37.92,37.43,37.43,14900,0
NTC,3/29/2018 9:05:00 AM,37.92,38.84,37.58,37.58,26100,0
NTC,3/30/2018 10:20:00 AM,36.93,37.43,36.44,37.37,18700,0
NTC,4/2/2018 9:40:00 AM,37.43,38.41,37.18,37.43,100400,0
NTC,4/3/2018 9:30:00 AM,37.67,37.67,37.27,37.43,5800,0
NTC,4/4/2018 9:25:00 AM,37.43,37.67,37.23,37.43,9200,0
NTC,4/5/2018 9:15:00 AM,37.43,37.67,37.37,37.43,5200,0
NTC,4/6/2018 9:05:00 AM,37.43,37.43,36.82,36.93,36300,0
NTC,4/9/2018 9:10:00 AM,37.43,37.43,35.45,35.95,33700,0
NTC,4/10/2018 9:00:00 AM,36.53,36.53,34.67,35.35,32300,0
NTC,4/11/2018 9:35:00 AM,35.61,35.61,32.99,33.73,43800,0
NTC,4/12/2018 9:05:00 AM,38.41,38.41,33.49,33.73,6300,0
NTC,4/13/2018 9:00:00 AM,37.43,37.43,33.73,34.07,23700,0
NTC,4/16/2018 9:10:00 AM,35.45,37.18,33.93,36.44,69500,0
NTC,4/17/2018 9:05:00 AM,36.44,36.82,35.76,36.09,55700,0
NTC,4/18/2018 9:15:00 AM,37.13,37.13,35.76,36.19,16100,0
NTC,4/19/2018 10:20:00 AM,35.95,35.95,35.01,35.01,25900,0
NTC,4/20/2018 9:20:00 AM,34.07,34.97,33.28,34.92,37400,0
NTC,4/23/2018 9:00:00 AM,33.59,34.47,32.56,32.56,24100,0
NTC,4/24/2018 9:35:00 AM,33.49,33.49,32.79,33.49,18000,0
NTC,4/26/2018 10:05:00 AM,32.99,32.99,31.71,32.45,10900,0
NTC,4/27/2018 9:15:00 AM,32.2,32.94,32.01,32.94,9500,0
NTC,5/2/2018 9:25:00 AM,31.12,33.88,31.07,33.88,5300,0
NTC,5/3/2018 9:00:00 AM,33.99,36.79,33.99,35.95,105200,0
NTC,5/4/2018 9:00:00 AM,41.02,41.02,36.44,36.88,58200,0
NTC,5/7/2018 9:10:00 AM,37.82,37.82,36.35,36.99,21800,0
NTC,5/8/2018 9:00:00 AM,36.93,36.93,35.95,36.82,12500,0
NTC,5/9/2018 9:10:00 AM,37.43,37.43,35.12,35.22,28800,0
NTC,5/10/2018 9:45:00 AM,35.06,35.8,32.01,32.75,213400,0
NTC,5/11/2018 9:25:00 AM,31.32,32.65,31.32,32.65,53400,0
NTC,5/14/2018 9:00:00 AM,32.5,33.49,32.01,32.5,70800,0
NTC,5/15/2018 9:25:00 AM,32.45,32.59,31.81,32.06,52900,0
NTC,5/16/2018 9:00:00 AM,32.4,32.5,32.1,32.1,32200,0
NTC,5/17/2018 9:00:00 AM,31.52,32.99,30.54,32.01,111900,0
NTC,5/18/2018 9:00:00 AM,33.49,35.45,30.29,30.88,32900,0
NTC,5/21/2018 9:00:00 AM,28.07,31.12,28.07,30.92,10800,0
NTC,5/22/2018 9:00:00 AM,31.96,31.96,29.55,30.34,45800,0
NTC,5/23/2018 9:00:00 AM,27.58,30.77,27.58,30.54,16300,0
NTC,5/24/2018 9:40:00 AM,31.27,31.27,29.89,31.01,16900,0
NTC,5/25/2018 9:35:00 AM,31.22,31.22,30.14,31.01,11000,0
NTC,5/28/2018 9:00:00 AM,30.77,31.01,28.56,30.43,78800,0
NTC,5/29/2018 9:15:00 AM,29.75,30.54,29.75,30.05,25300,0
NTC,5/30/2018 9:05:00 AM,30.05,30.05,30.05,30.05,4100,0
NTC,5/31/2018 9:00:00 AM,33.24,33.24,29.79,31.52,18900,0
NTC,6/1/2018 9:30:00 AM,31.01,32.01,30.54,31.96,34800,0
NTC,6/4/2018 9:00:00 AM,34.47,35.95,32.99,33.49,42600,0
NTC,6/5/2018 9:05:00 AM,33.78,33.99,31.01,31.52,42200,0
NTC,6/6/2018 9:00:00 AM,32.01,35.45,32.01,34.97,95700,0
NTC,6/7/2018 9:00:00 AM,35.7,35.95,34.97,35.45,87000,0
NTC,6/8/2018 9:05:00 AM,35.7,35.7,34.03,34.72,27200,0
NTC,6/11/2018 9:10:00 AM,33.99,34.72,33.49,33.99,48400,0
NTC,6/12/2018 9:05:00 AM,33.54,33.83,32.99,33.83,36900,0
NTC,6/13/2018 9:45:00 AM,33.73,34.47,33.73,34.38,18900,0
NTC,6/14/2018 9:00:00 AM,34.47,34.47,33.99,34.22,18600,0
NTC,6/15/2018 9:15:00 AM,33.99,34.22,33.83,34.22,13600,0
NTC,6/18/2018 9:15:00 AM,34.47,35.22,34.22,34.22,67300,0
NTC,6/19/2018 9:00:00 AM,33.99,34.22,32.59,32.99,65000,0
NTC,6/20/2018 9:05:00 AM,33.49,33.99,32.75,33.49,12200,0
NTC,6/21/2018 9:00:00 AM,33.24,33.34,32.99,33.28,15600,0
NTC,6/22/2018 10:05:00 AM,33.24,33.49,32.94,33.49,9300,0
NTC,6/25/2018 9:20:00 AM,33.14,33.78,33.14,33.78,16200,0
NTC,6/26/2018 9:15:00 AM,33.04,33.04,32.99,32.99,11600,0
NTC,6/27/2018 9:05:00 AM,32.99,33.49,32.99,32.99,32100,0
NTC,6/28/2018 10:00:00 AM,32.75,32.99,32.7,32.75,16500,0
NTC,6/29/2018 9:25:00 AM,33.09,33.09,31.76,32.01,23000,0
NTC,7/2/2018 9:50:00 AM,32.01,32.01,30.54,31.01,14200,0
NTC,7/3/2018 1:00:00 PM,30.92,30.92,30.05,30.05,22600,0
NTC,7/4/2018 9:30:00 AM,30.05,30.54,29.6,30.54,10100,0
NTC,7/5/2018 10:10:00 AM,30.43,30.77,30.38,30.49,23300,0
NTC,7/6/2018 10:20:00 AM,30.77,30.77,30.34,30.54,14000,0
NTC,7/9/2018 9:10:00 AM,31.01,31.01,30.38,30.49,7900,0
NTC,7/10/2018 9:15:00 AM,30.54,30.54,30.38,30.54,4700,0
NTC,7/11/2018 10:20:00 AM,30.09,30.49,29.84,29.89,3900,0
NTC,7/12/2018 9:20:00 AM,29.84,30.54,29.84,30.54,18700,0
NTC,7/13/2018 10:15:00 AM,30.49,30.54,30.49,30.54,11900,0
NTC,7/16/2018 9:00:00 AM,30.05,30.77,28.56,29.6,35500,0
NTC,7/17/2018 10:35:00 AM,29.25,29.55,29.06,29.55,23400,0
NTC,7/18/2018 9:00:00 AM,30.54,31.52,30.54,31.01,54600,0
NTC,7/19/2018 9:20:00 AM,30.77,31.42,30.05,30.14,20600,0
NTC,7/20/2018 2:05:00 PM,30.54,30.54,30.05,30.05,6100,0
NTC,7/23/2018 9:20:00 AM,29.79,30.05,29.6,30.05,15700,0
NTC,7/24/2018 9:40:00 AM,29.6,29.79,29.06,29.79,10000,0
NTC,7/25/2018 9:00:00 AM,29.55,30.05,29.55,29.55,13900,0
NTC,7/26/2018 1:20:00 PM,29.79,29.79,29.71,29.71,2600,0
NTC,7/27/2018 10:00:00 AM,30.05,30.49,30.05,30.05,3900,0
NTC,7/30/2018 9:40:00 AM,30.14,30.54,29.84,30.54,5500,0
NTC,7/31/2018 9:15:00 AM,30.29,30.58,30.29,30.58,5300,0
NTC,8/1/2018 9:00:00 AM,30.54,30.92,30.54,30.62,16900,0
NTC,8/2/2018 9:10:00 AM,30.54,30.68,30.38,30.38,2700,0
NTC,8/3/2018 9:00:00 AM,30.97,31.27,30.54,30.92,26600,0
NTC,8/6/2018 10:55:00 AM,30.77,32.01,30.77,32.01,16400,0
NTC,8/7/2018 9:10:00 AM,33.24,33.49,32.5,32.75,25200,0
NTC,8/8/2018 9:40:00 AM,32.5,32.99,32.01,32.1,5200,0
NTC,8/9/2018 9:00:00 AM,32.5,33.14,32.4,32.4,36800,0
NTC,8/10/2018 10:00:00 AM,32.45,32.45,32.01,32.2,14500,0
NTC,8/13/2018 9:20:00 AM,32.01,32.26,31.96,32.01,15600,0
NTC,8/14/2018 9:05:00 AM,32.01,32.01,31.76,32.01,10000,0
NTC,8/15/2018 9:05:00 AM,32.06,32.7,32.01,32.26,29400,0
NTC,8/16/2018 9:10:00 AM,32.3,32.5,32.01,32.4,34400,0
NTC,8/17/2018 9:35:00 AM,32.45,32.94,32.45,32.94,9200,0
NTC,8/20/2018 9:05:00 AM,32.75,33.99,32.75,33.99,61200,0
NTC,8/21/2018 9:55:00 AM,34.03,34.07,33.34,33.83,17500,0
NTC,8/22/2018 9:30:00 AM,33.88,33.88,33.34,33.34,22800,0
NTC,8/23/2018 9:15:00 AM,33.49,33.68,33.24,33.24,32000,0
NTC,8/24/2018 9:00:00 AM,33.45,33.45,32.76,32.91,9000,0
NTC,8/27/2018 9:40:00 AM,32.65,33.02,32.65,32.76,5900,0
NTC,8/28/2018 9:50:00 AM,32.91,33.83,32.81,33.56,29600,0
NTC,8/29/2018 9:40:00 AM,34,34.09,33.45,33.77,21300,0
NTC,8/30/2018 9:10:00 AM,33.83,35.07,33.83,35.07,23800,0
NTC,8/31/2018 9:10:00 AM,35.39,35.39,34.37,34.48,14500,0
NTC,9/4/2018 9:40:00 AM,34.53,34.53,33.83,34.37,22600,0
NTC,9/5/2018 9:00:00 AM,33.56,34.26,33.56,33.56,14000,0
NTC,9/6/2018 9:55:00 AM,33.56,33.83,33.29,33.83,20800,0
NTC,9/7/2018 9:10:00 AM,34.26,34.26,33.67,33.83,9000,0
NTC,9/10/2018 9:40:00 AM,33.88,34,33.56,34,9000,0
NTC,9/11/2018 9:30:00 AM,33.56,34,33.56,33.83,8200,0
NTC,9/12/2018 9:50:00 AM,34.09,34.85,33.83,34.16,38400,0
NTC,9/13/2018 10:15:00 AM,34.32,34.32,33.67,33.67,23900,0
NTC,9/14/2018 9:25:00 AM,34.48,35.98,33.83,35.5,57000,0
NTC,9/17/2018 9:00:00 AM,36.51,37.59,35.98,37.05,86000,0
NTC,9/18/2018 9:05:00 AM,37.59,38.66,37.59,37.86,71000,0
NTC,9/19/2018 9:00:00 AM,37.59,38.44,37.59,38.12,67700,0
NTC,9/20/2018 9:00:00 AM,37.59,38.12,37.59,37.76,48700,0
NTC,9/21/2018 9:15:00 AM,38.07,38.07,37.37,37.86,37500,0
NTC,9/24/2018 9:10:00 AM,37.76,39.47,37.76,38.12,163200,0
NTC,9/25/2018 9:30:00 AM,38.66,39.21,38.18,38.66,34800,0
NTC,9/26/2018 9:05:00 AM,38.66,39.9,38.66,39.25,159800,0
NTC,9/27/2018 9:00:00 AM,39.57,39.57,39.1,39.47,64900,0
NTC,9/28/2018 9:15:00 AM,39.36,39.68,39.31,39.31,39900,0
NTC,10/1/2018 9:00:00 AM,40.27,41.35,39.47,39.95,139900,0
NTC,10/2/2018 9:05:00 AM,39.74,39.95,39.63,39.95,19200,0
NTC,10/3/2018 9:20:00 AM,39.74,40.81,39.74,40.54,55600,0
NTC,10/4/2018 9:05:00 AM,40.22,41.25,40,41.25,49500,0
NTC,10/5/2018 9:10:00 AM,41.51,41.56,40.27,40.81,134000,0
NTC,10/8/2018 9:00:00 AM,40.65,41.83,40.65,41.72,86100,0
NTC,10/9/2018 9:05:00 AM,41.83,42.96,41.83,42.69,105500,0
NTC,10/10/2018 9:05:00 AM,42.96,43.92,42.96,43.77,55000,0
NTC,10/11/2018 9:00:00 AM,43.49,43.77,41.35,42.42,103800,0
NTC,10/12/2018 9:00:00 AM,42.15,44.04,42,44.04,93600,0
NTC,10/15/2018 9:00:00 AM,44.04,44.84,42.96,43.66,79500,0
NTC,10/16/2018 9:00:00 AM,44.04,44.04,42.91,42.96,61800,0
NTC,10/17/2018 9:00:00 AM,44.57,44.57,41.78,42.05,173100,0
NTC,10/18/2018 9:15:00 AM,42.21,42.21,38.66,38.66,317800,0
NTC,10/19/2018 9:45:00 AM,38.18,41.13,38.12,41.13,48200,0
NTC,10/22/2018 9:00:00 AM,43.49,43.49,39.9,40.86,28400,0
NTC,10/23/2018 9:15:00 AM,40.86,40.86,39.47,40.27,33700,0
NTC,10/24/2018 9:50:00 AM,40,40,38.66,39.47,32700,0
NTC,10/25/2018 9:00:00 AM,39.31,39.31,37.37,38.88,84100,0
NTC,10/26/2018 9:20:00 AM,39.63,39.74,38.66,39.21,65500,0
NTC,10/29/2018 9:10:00 AM,38.66,38.66,38.02,38.66,65400,0
NTC,10/30/2018 9:10:00 AM,37.59,38.62,37.59,38.12,106200,0
NTC,10/31/2018 9:05:00 AM,38.4,39.1,38.12,38.66,58000,0
NTC,11/1/2018 9:25:00 AM,38.66,38.88,37.86,38.88,98700,0
NTC,11/2/2018 9:00:00 AM,38.88,39.74,38.66,39.74,87100,0
NTC,11/5/2018 9:00:00 AM,40.27,40.27,39.21,39.9,65100,0
NTC,11/6/2018 9:05:00 AM,39.63,40.16,39.57,39.9,41200,0
NTC,11/7/2018 9:00:00 AM,38.93,40.16,38.93,39.79,18900,0
NTC,11/8/2018 9:30:00 AM,39.74,39.9,38.44,39.63,91100,0
NTC,11/9/2018 9:35:00 AM,39.57,39.57,38.66,39.25,40600,0
NTC,11/12/2018 9:05:00 AM,38.99,40.54,38.99,40.48,141600,0
NTC,11/13/2018 9:05:00 AM,39.85,41.4,39.21,41.08,178700,0
NTC,11/14/2018 9:05:00 AM,40.86,41.89,40.86,41.61,71900,0
NTC,11/15/2018 9:10:00 AM,41.51,42.15,41.46,41.89,48500,0
NTC,11/16/2018 9:00:00 AM,41.89,42.69,41.51,42.69,92500,0
NTC,11/19/2018 9:25:00 AM,42.21,43.12,41.35,42.42,148400,0
NTC,11/20/2018 9:35:00 AM,41.61,42.37,41.51,42.37,39400,0
NTC,11/21/2018 9:25:00 AM,42.1,42.53,41.93,42.47,59500,0
NTC,11/22/2018 9:10:00 AM,42.47,43.28,42.47,42.8,66000,0
NTC,11/23/2018 9:10:00 AM,43.12,43.12,41.89,42.53,44000,0
NTC,11/26/2018 9:00:00 AM,42.91,44.41,42.91,44.41,106700,0
NTC,11/27/2018 9:00:00 AM,44.04,45.1,43.71,44.04,70600,0
NTC,11/28/2018 9:00:00 AM,44.41,44.95,43.71,44.84,54400,0
NTC,11/29/2018 9:15:00 AM,44.3,45.06,44.04,44.57,76900,0
NTC,11/30/2018 9:00:00 AM,44.47,44.78,43.77,44.57,43800,0
NTC,12/3/2018 9:15:00 AM,44.36,45.38,43.92,45.32,65500,0
NTC,12/4/2018 9:25:00 AM,45.1,46.18,45.1,46.18,73800,0
NTC,12/5/2018 9:00:00 AM,46.18,47.95,45.9,47.8,142300,0
NTC,12/6/2018 9:00:00 AM,48.07,48.22,46.77,47.52,50400,0
NTC,12/7/2018 9:00:00 AM,47.42,47.84,47.31,47.69,36500,0
NTC,12/10/2018 9:00:00 AM,47.69,47.74,47.04,47.58,72900,0
NTC,12/11/2018 9:30:00 AM,46.98,47.15,46.71,46.98,58800,0
NTC,12/12/2018 9:05:00 AM,46.98,47.36,46.62,47.09,70400,0
NTC,12/13/2018 9:00:00 AM,46.98,47.8,46.98,47.63,62300,0
NTC,12/14/2018 9:00:00 AM,47.58,48.07,47.42,47.63,48500,0
NTC,12/17/2018 9:05:00 AM,47.63,47.9,47.31,47.63,63700,0
NTC,12/18/2018 9:00:00 AM,47.52,47.52,46.24,47.2,73900,0
NTC,12/19/2018 9:15:00 AM,46.88,47.58,46.51,47.58,127900,0
NTC,12/20/2018 9:00:00 AM,47.63,48.39,47.31,47.84,34500,0
NTC,12/21/2018 9:00:00 AM,47.84,47.84,47.58,47.69,42700,0
NTC,12/24/2018 9:00:00 AM,47.69,47.69,45.32,46.56,223600,0
NTC,12/25/2018 9:00:00 AM,45.7,45.7,44.35,45.21,80400,0
NTC,12/26/2018 9:00:00 AM,44.09,46.24,44.09,45.7,92100,0
NTC,12/27/2018 9:00:00 AM,48.2,48.2,45.76,47.29,29400,0
NTC,12/28/2018 9:00:00 AM,46.98,48.75,46.98,48.08,40100,0
NTC,1/2/2019 9:00:00 AM,48.08,48.13,47.1,47.47,23400,0
NTC,1/3/2019 9:25:00 AM,47.22,47.22,44.53,45.64,72900,0
NTC,1/4/2019 9:05:00 AM,45.33,46.36,44.29,46.36,53400,0
NTC,1/7/2019 9:00:00 AM,46.49,47.59,46.49,47.47,31200,0
NTC,1/8/2019 9:10:00 AM,47.52,48.02,47.29,47.9,59600,0
NTC,1/9/2019 9:00:00 AM,47.59,50.95,47.59,50.82,120600,0
NTC,1/10/2019 9:05:00 AM,50.95,51.86,50.95,51.5,62600,0
NTC,1/11/2019 9:00:00 AM,51.31,51.43,50.82,50.95,51300,0
NTC,1/14/2019 9:00:00 AM,51.37,52.96,51.25,52.58,58300,0
NTC,1/15/2019 9:00:00 AM,52.78,53.27,51.56,52.47,67200,0
NTC,1/16/2019 9:00:00 AM,52.47,55.1,52.47,54.24,400200,0
NTC,1/17/2019 9:00:00 AM,54.37,56.13,53.27,53.99,98900,0
NTC,1/18/2019 9:05:00 AM,53.08,53.99,53.08,53.63,74600,0
NTC,1/21/2019 9:05:00 AM,53.08,54.24,53.08,54.18,77300,0
NTC,1/22/2019 9:00:00 AM,54.18,54.6,53.99,54.3,239100,0
NTC,1/23/2019 9:00:00 AM,54.3,54.42,53.94,54.3,65800,0
NTC,1/24/2019 9:00:00 AM,54.3,54.48,54.18,54.24,64400,0
NTC,1/25/2019 9:00:00 AM,53.81,54.24,52.71,53.08,112200,0
NTC,1/28/2019 9:00:00 AM,52.65,53.32,51.86,51.86,119700,0
NTC,1/29/2019 9:00:00 AM,51.86,54.24,51.13,52.78,93900,0
NTC,1/30/2019 9:05:00 AM,53.08,53.08,51.56,52.16,72300,0
NTC,1/31/2019 9:05:00 AM,51.98,53.38,51.92,53.01,39400,0
NTC,2/1/2019 9:35:00 AM,52.78,53.38,52.35,53.08,46400,0
NTC,2/11/2019 9:00:00 AM,53.38,56.44,53.08,56.13,178200,0
NTC,2/12/2019 9:00:00 AM,56.74,58.57,56.25,57.84,139400,0
NTC,2/13/2019 9:15:00 AM,57.78,58.44,56.74,57.78,86800,0
NTC,2/14/2019 9:10:00 AM,57.65,57.65,56.25,56.68,102500,0
NTC,2/15/2019 9:00:00 AM,57.65,57.72,56.61,57.65,78400,0
NTC,2/18/2019 9:00:00 AM,57.65,58.87,57.65,58.76,283500,0
NTC,2/19/2019 9:05:00 AM,59.19,59.49,58.63,59.49,133700,0
NTC,2/20/2019 9:00:00 AM,59.19,62.11,59.06,62.11,212400,0
NTC,2/21/2019 9:00:00 AM,62.23,63.69,61.62,63.45,116800,0
NTC,2/22/2019 9:00:00 AM,63.45,65.15,61.02,64.67,111300,0
NTC,2/25/2019 9:00:00 AM,64,65.89,64,65.89,84200,0
NTC,2/26/2019 9:00:00 AM,65.58,68.33,65.58,68.33,117700,0
NTC,2/27/2019 9:00:00 AM,68.45,69.98,67.72,69.55,160700,0
NTC,2/28/2019 9:00:00 AM,69.25,69.68,62.53,64.67,404100,0
NTC,3/1/2019 9:00:00 AM,64.67,66.44,64.67,65.89,131300,0
NTC,3/4/2019 9:05:00 AM,65.89,65.89,63.82,64.07,98400,0
NTC,3/5/2019 9:05:00 AM,64.07,65.22,63.64,65.04,70900,0
NTC,3/6/2019 9:00:00 AM,64.79,65.89,64.49,65.89,98700,0
NTC,3/7/2019 9:00:00 AM,67.11,69.86,65.58,69.31,113200,0
NTC,3/8/2019 9:00:00 AM,69.25,73.09,69.25,72.85,245000,0
NTC,3/11/2019 9:00:00 AM,69.55,75.36,69.55,73.52,147800,0
NTC,3/12/2019 9:00:00 AM,73.7,74.67,71.27,72.23,158500,0
NTC,3/13/2019 9:00:00 AM,72.6,72.91,71.02,72.6,100900,0
NTC,3/14/2019 9:00:00 AM,71.99,74.37,71.99,73.34,62400,0
NTC,3/15/2019 9:00:00 AM,73.39,74.13,72.6,73.28,77900,0
NTC,3/18/2019 9:00:00 AM,73.76,73.76,71.07,71.44,101400,0
NTC,3/19/2019 9:00:00 AM,71.99,72.3,70.84,71.38,96800,0
NTC,3/20/2019 9:00:00 AM,71.93,71.93,69.37,70.77,103900,0
NTC,3/21/2019 9:00:00 AM,70.77,71.99,69.25,69.98,76600,0
NTC,3/22/2019 9:00:00 AM,70.22,72.18,69.55,72.18,164600,0
NTC,3/25/2019 9:00:00 AM,71.38,73.21,70.47,71.38,103000,0
NTC,3/26/2019 9:00:00 AM,71.81,72.3,70.77,71.81,33200,0
NTC,3/27/2019 9:05:00 AM,71.69,71.99,70.84,71.33,39900,0
NTC,3/28/2019 9:00:00 AM,71.27,71.27,69.68,70.47,68700,0
NTC,3/29/2019 9:00:00 AM,70.47,71.38,69.92,70.65,59100,0
NTC,4/1/2019 9:00:00 AM,70.65,70.65,69.31,70.11,58100,0
NTC,4/2/2019 9:05:00 AM,69.86,70.34,69.55,69.86,48200,0
NTC,4/3/2019 9:00:00 AM,69.86,71.38,68.94,71.07,116200,0
NTC,4/4/2019 9:00:00 AM,70.77,73.15,70.77,72.54,176100,0
NTC,4/5/2019 9:00:00 AM,72.6,73.15,71.99,72.6,48800,0
NTC,4/8/2019 9:00:00 AM,72.73,72.91,72.12,72.48,74600,0
NTC,4/9/2019 9:00:00 AM,72.91,72.91,70.47,71.07,87700,0
NTC,4/10/2019 9:00:00 AM,71.07,71.56,69.06,69.98,92200,0
NTC,4/11/2019 9:10:00 AM,69.49,70.41,68.39,69.31,97800,0
NTC,4/12/2019 9:00:00 AM,69.01,69.8,68.75,69.55,44800,0
NTC,4/16/2019 9:05:00 AM,69.37,70.53,68.94,70.41,103500,0
NTC,4/17/2019 9:00:00 AM,70.16,71.63,68.94,69.37,125500,0
NTC,4/18/2019 9:00:00 AM,69.37,70.77,68.64,69.25,66000,0
NTC,4/19/2019 9:00:00 AM,69.55,69.98,65.89,65.89,105600,0
NTC,4/22/2019 9:00:00 AM,66.81,66.81,58.57,62.84,201200,0
NTC,4/23/2019 9:00:00 AM,62.6,65.77,62.6,65.41,133100,0
NTC,4/24/2019 9:00:00 AM,65.28,66.44,65.28,65.52,59400,0
NTC,4/25/2019 9:00:00 AM,65.52,65.83,64.19,64.55,38100,0
NTC,4/26/2019 9:05:00 AM,64.25,65.22,64.25,65.22,69400,0
NTC,5/2/2019 9:00:00 AM,65.15,65.15,62.23,63.03,88000,0
NTC,5/3/2019 9:00:00 AM,63.76,64,61.98,62.72,82500,0
NTC,5/6/2019 9:00:00 AM,62.72,62.72,61.02,62.23,64000,0
NTC,5/7/2019 9:00:00 AM,62.23,64.07,62.23,64.07,80100,0
NTC,5/8/2019 9:00:00 AM,64,64.67,63.64,64.43,89800,0
NTC,5/9/2019 9:00:00 AM,64.19,64.92,64.19,64.36,31400,0
NTC,5/10/2019 9:00:00 AM,64.62,65.28,64.07,64.07,47300,0
NTC,5/13/2019 9:00:00 AM,64.73,68.33,64.67,68.33,154400,0
NTC,5/14/2019 9:00:00 AM,67.72,69.49,67.42,69.37,75000,0
NTC,5/15/2019 9:00:00 AM,68.94,70.16,68.82,70.11,165300,0
NTC,5/16/2019 9:00:00 AM,69.49,70.16,69.31,69.61,47600,0
NTC,5/17/2019 9:00:00 AM,69.8,73.21,69.61,73.21,309100,0
NTC,5/20/2019 9:00:00 AM,73.21,78.95,73.21,78.4,403200,0
NTC,5/21/2019 9:00:00 AM,79.31,80.84,76.93,78.7,172000,0
NTC,5/22/2019 9:05:00 AM,79.07,79.07,76.57,78.1,75600,0
NTC,5/23/2019 9:10:00 AM,78.1,82,76.93,81.15,116400,0
NTC,5/24/2019 9:00:00 AM,80.29,84.2,80.29,84.2,173100,0
NTC,5/27/2019 9:00:00 AM,82.98,87.86,82.98,87.55,114900,0
NTC,5/28/2019 9:00:00 AM,87.01,89.63,84.49,86.27,85400,0
NTC,5/29/2019 9:00:00 AM,86.58,87.01,84.2,85.35,60000,0
NTC,5/30/2019 9:05:00 AM,85.35,88.4,84.2,87.37,141400,0
NTC,5/31/2019 9:00:00 AM,87.24,89.08,84.8,86.33,48000,0
NTC,6/3/2019 9:00:00 AM,86.03,86.33,82.79,83.22,105600,0
NTC,6/4/2019 9:00:00 AM,83.59,85.42,83.46,84.2,75200,0
NTC,6/5/2019 9:00:00 AM,86.03,87.18,84.2,85.72,59600,0
NTC,6/6/2019 9:00:00 AM,86.15,87.92,85.35,86.64,39000,0
NTC,6/7/2019 9:15:00 AM,86.76,87.73,86.39,87.49,34900,0
NTC,6/10/2019 9:00:00 AM,87.55,93.65,87.24,91.57,73500,0
NTC,6/11/2019 9:05:00 AM,93.23,93.23,89.69,91.51,61800,0
NTC,6/12/2019 9:00:00 AM,91.46,92.5,90.61,90.91,46500,0
NTC,6/13/2019 9:00:00 AM,90.91,90.91,81.15,87.24,273400,0
NTC,6/14/2019 9:00:00 AM,79.31,86.64,78.7,79.31,238900,0
NTC,6/17/2019 9:00:00 AM,81.15,82.91,81.15,81.87,59800,0
NTC,6/18/2019 9:00:00 AM,82.91,84.2,82.24,83.34,43300,0
NTC,6/19/2019 9:00:00 AM,84.2,87.24,83.59,87.24,136500,0
NTC,6/20/2019 9:00:00 AM,84.13,84.8,82.98,84.13,155400,0
NTC,6/21/2019 9:00:00 AM,85.72,85.72,81.15,81.87,66900,0
NTC,6/24/2019 9:00:00 AM,81.75,81.75,78.1,78.7,167100,0
NTC,6/25/2019 9:00:00 AM,78.7,81.09,78.1,81.09,126700,0
NTC,6/26/2019 9:05:00 AM,79.62,81.32,79.62,80.79,58400,0
NTC,6/27/2019 9:00:00 AM,83.59,89.08,83.59,87.86,199900,0
NTC,6/28/2019 9:05:00 AM,88.47,88.59,84.8,88.4,43400,0
NTC,7/1/2019 9:10:00 AM,88.47,89.63,87.07,88.89,28700,0
NTC,7/2/2019 9:00:00 AM,92.12,93.35,88.47,91.82,54500,0
NTC,7/3/2019 9:00:00 AM,92.12,95.78,92.12,95.48,38400,0
NTC,7/4/2019 9:10:00 AM,94.57,98.22,94.57,97.86,30500,0
NTC,7/5/2019 9:15:00 AM,97.49,97.49,94.57,96.83,12000,0
NTC,7/8/2019 9:10:00 AM,94.57,97,94.57,97,9200,0
NTC,7/9/2019 9:30:00 AM,96.03,98.84,96.03,98.41,15600,0
NTC,7/10/2019 9:00:00 AM,96.4,102.38,96.4,101.82,49600,0
NTC,7/11/2019 9:05:00 AM,102.81,103.71,101.95,103.41,78700,0
NTC,7/12/2019 9:00:00 AM,103.66,108.9,103.41,108.29,65500,0
NTC,7/15/2019 9:00:00 AM,107.93,112.27,107.93,109.76,71000,0
NTC,7/16/2019 9:00:00 AM,109.88,109.94,107.68,108.47,94500,0
NTC,7/17/2019 9:00:00 AM,110.31,110.31,108.6,108.84,13600,0
NTC,7/18/2019 9:05:00 AM,109.4,110.12,108.9,109.2,17300,0
NTC,7/19/2019 9:00:00 AM,109.69,118.97,109.69,113.42,57300,0
NTC,7/22/2019 9:00:00 AM,113.49,118.3,113.49,114.7,33300,0
NTC,7/23/2019 9:00:00 AM,115.55,116.47,113.78,114.21,25500,0
NTC,7/24/2019 9:05:00 AM,113.85,116.53,113.06,115.8,147000,0
NTC,7/25/2019 9:00:00 AM,115.92,117.08,114.64,114.64,36600,0
NTC,7/26/2019 9:00:00 AM,115.92,117.75,114.76,115.8,54500,0
NTC,7/29/2019 9:10:00 AM,115.62,116.47,115.62,116.04,25600,0
NTC,7/30/2019 9:00:00 AM,115.92,117.75,115.92,117.63,103500,0
NTC,7/31/2019 9:00:00 AM,117.63,118.06,117.2,117.69,41400,0
NTC,8/1/2019 9:05:00 AM,118.24,119.52,117.75,119.4,65400,0
NTC,8/2/2019 9:00:00 AM,119.79,124.78,119.79,124.78,48400,0
NTC,8/5/2019 9:00:00 AM,124.64,128.21,124.64,127.56,51400,0
NTC,8/6/2019 9:00:00 AM,127.56,127.56,123.74,124.06,191600,0
NTC,8/7/2019 9:00:00 AM,123.67,124.9,118.88,120.24,264600,0
NTC,8/8/2019 9:00:00 AM,120.69,121.67,116.68,118.36,188200,0
NTC,8/9/2019 9:00:00 AM,118.49,121.08,116.87,118.49,105600,0
NTC,8/12/2019 9:00:00 AM,120.11,123.02,118.56,121.08,70900,0
NTC,8/13/2019 9:00:00 AM,122.51,123.35,119.79,120.43,47800,0
NTC,8/14/2019 9:00:00 AM,121.08,122.05,119.66,120.43,21400,0
NTC,8/15/2019 9:00:00 AM,120.43,122.31,120.37,122.18,121500,0
NTC,8/16/2019 9:00:00 AM,121.73,125.42,103.6,123.54,236100,0
NTC,8/19/2019 9:00:00 AM,123.02,124.97,123.02,124.58,63000,0
NTC,8/20/2019 9:00:00 AM,124.39,126.26,124.32,125.81,39100,0
NTC,8/21/2019 9:00:00 AM,125.87,126.52,124.32,125.16,54700,0
NTC,8/22/2019 9:00:00 AM,125.29,125.87,121.15,122.38,62500,0
NTC,8/23/2019 9:00:00 AM,122.97,122.97,120.43,121.67,152200,0
NTC,8/26/2019 9:00:00 AM,121.67,124.25,120.43,122.24,77300,0
NTC,8/27/2019 9:00:00 AM,121.73,122.31,120.76,121.67,42400,0
NTC,8/28/2019 9:00:00 AM,121.73,123.67,120.62,121.73,64600,0
NTC,8/29/2019 9:00:00 AM,121.73,122.63,119.79,120.43,116300,0
NTC,8/30/2019 9:00:00 AM,119.92,121.99,116.87,118.68,95400,0
NTC,9/3/2019 9:20:00 AM,118.49,118.49,108.13,108.13,179100,0
NTC,9/4/2019 9:00:00 AM,108.13,111.82,101,106.78,221700,0
NTC,9/5/2019 9:05:00 AM,110.01,110.07,105.54,109.95,39700,0
NTC,9/6/2019 9:00:00 AM,110.07,111.3,108.2,109.1,52300,0
NTC,9/9/2019 9:10:00 AM,108.84,109.23,101,102.95,63100,0
NTC,9/10/2019 9:00:00 AM,104.24,104.24,93.89,95.51,173900,0
NTC,9/11/2019 9:00:00 AM,98.42,100.62,95.51,100.62,83600,0
NTC,9/12/2019 9:00:00 AM,102.3,106.19,100.36,105.54,32900,0
NTC,9/13/2019 9:00:00 AM,104.89,108.39,104.77,106.05,37700,0
NTC,9/16/2019 9:05:00 AM,106.32,107.23,103.15,104.31,27600,0
NTC,9/17/2019 9:00:00 AM,104.89,105.09,102.3,104.63,25000,0
NTC,9/18/2019 9:00:00 AM,104.89,106.51,103.15,104.18,9100,0
NTC,9/19/2019 9:00:00 AM,105.54,105.54,102.82,103.08,62300,0
NTC,9/20/2019 9:45:00 AM,102.95,104.83,102.3,104.7,28500,0
NTC,9/23/2019 9:00:00 AM,104.89,105.54,104.57,105.28,93700,0
NTC,9/24/2019 9:00:00 AM,105.41,105.41,103.92,104.44,13600,0
NTC,9/25/2019 9:00:00 AM,104.83,105.22,102.95,103.86,24200,0
NTC,9/26/2019 9:20:00 AM,103.73,104.18,103.34,104.05,14600,0
NTC,9/27/2019 9:05:00 AM,103.92,104.89,103.6,104.24,24100,0
NTC,9/30/2019 9:00:00 AM,104.24,108.46,104.24,107.03,80200,0
NTC,10/1/2019 9:05:00 AM,107.48,110.01,107.48,109.36,35700,0
NTC,10/2/2019 9:00:00 AM,108.46,109.43,106.9,108.46,31900,0
NTC,10/3/2019 9:00:00 AM,106.84,108.71,106.19,108.59,48800,0
NTC,10/4/2019 9:05:00 AM,109.36,109.36,106.9,107.48,23200,0
NTC,10/7/2019 9:15:00 AM,107.67,107.67,105.28,105.35,10800,0
NTC,10/8/2019 9:05:00 AM,106.78,106.78,105.54,106.19,30700,0
NTC,10/9/2019 9:05:00 AM,106.19,107.42,106.12,107.03,41500,0
NTC,10/10/2019 9:15:00 AM,107.03,107.16,105.54,106.78,30800,0
NTC,10/11/2019 9:00:00 AM,107.16,107.35,106.39,106.78,14300,0
NTC,10/14/2019 9:00:00 AM,106.84,107.55,100.36,101.53,115700,0
NTC,10/15/2019 9:00:00 AM,100.68,102.89,100.36,102.62,35200,0
NTC,10/16/2019 9:00:00 AM,103.6,103.92,95.18,96.41,105500,0
NTC,10/17/2019 9:00:00 AM,97.13,98.42,94.93,97.64,91600,0
NTC,10/18/2019 9:05:00 AM,97.77,101,97.77,99.72,45600,0
NTC,10/21/2019 9:00:00 AM,101,101.6,98.42,100.56,22900,0
NTC,10/22/2019 9:00:00 AM,100.62,100.62,97.96,99.72,37600,0
NTC,10/23/2019 9:15:00 AM,99.65,99.91,98.42,99.91,32800,0
NTC,10/24/2019 9:00:00 AM,99.06,105.67,99.06,105.54,82400,0
NTC,10/25/2019 9:05:00 AM,103.6,109.04,103.6,109.04,76500,0
NTC,10/28/2019 9:00:00 AM,109.95,110.07,106.84,109.43,59700,0
NTC,10/29/2019 9:30:00 AM,108.39,108.46,107.23,108.46,21500,0
NTC,10/30/2019 9:00:00 AM,108.78,110.07,107.55,109.1,31800,0
NTC,10/31/2019 9:00:00 AM,109.1,110.07,107.74,108.78,60400,0
NTC,11/1/2019 9:00:00 AM,109.1,109.95,106.84,108.33,31800,0
NTC,11/4/2019 9:05:00 AM,108.13,109.36,108.13,109.29,33600,0
NTC,11/5/2019 9:00:00 AM,108.78,113.25,108.78,112.92,48400,0
NTC,11/6/2019 9:05:00 AM,113.25,116.1,113.25,113.31,30400,0
NTC,11/7/2019 9:00:00 AM,116.55,116.55,110.07,112.99,58600,0
NTC,11/8/2019 9:00:00 AM,113.18,113.31,109.82,111.95,27100,0
NTC,11/11/2019 9:00:00 AM,111.69,114.54,111.05,111.63,5600,0
NTC,11/12/2019 9:00:00 AM,108.13,112.47,108.13,112.14,5100,0
NTC,11/13/2019 9:00:00 AM,111.95,111.95,108.78,110.14,10800,0
NTC,11/14/2019 9:05:00 AM,110.85,110.85,105.54,107.23,41600,0
NTC,11/15/2019 9:00:00 AM,107.42,107.42,105.54,107.29,14900,0
NTC,11/18/2019 9:00:00 AM,107.35,112.6,106.32,107.35,8600,0
NTC,11/19/2019 9:05:00 AM,109.88,109.88,107.03,109.04,16500,0
NTC,11/20/2019 9:10:00 AM,109.29,109.29,106.25,108.59,15500,0
NTC,11/21/2019 9:05:00 AM,108.52,109.49,107.48,108.78,9900,0
NTC,11/22/2019 9:10:00 AM,109.1,112.14,108.78,110.01,53500,0
NTC,11/25/2019 9:05:00 AM,110.59,110.59,108.46,108.78,7200,0
NTC,11/26/2019 9:00:00 AM,110.01,111.05,107.48,110.07,34700,0
NTC,11/27/2019 9:00:00 AM,110.07,110.07,108.78,109.36,20100,0
NTC,11/28/2019 9:00:00 AM,110.14,110.14,108.46,109.29,12800,0
NTC,11/29/2019 9:05:00 AM,110.01,110.01,109.43,109.43,7700,0
NTC,12/2/2019 9:00:00 AM,110.07,110.07,104.89,107.94,15800,0
NTC,12/3/2019 9:00:00 AM,104.89,108.71,103.6,107.94,89300,0
NTC,12/4/2019 9:00:00 AM,108.71,108.71,106.84,108.39,73900,0
NTC,12/5/2019 9:10:00 AM,109.36,111.3,108.65,110.98,34500,0
NTC,12/6/2019 9:00:00 AM,111.31,113.53,111.05,111.05,14000,0
NTC,12/9/2019 9:10:00 AM,112.32,112.32,109.71,110.91,19500,0
NTC,12/10/2019 9:05:00 AM,111.52,111.52,110.04,110.91,13900,0
NTC,12/11/2019 9:05:00 AM,111.05,111.52,109.98,110.72,74000,0
NTC,12/12/2019 9:00:00 AM,110.38,115.06,110.18,114.39,60700,0
NTC,12/13/2019 9:15:00 AM,114.39,115.33,113.19,113.99,54100,0
NTC,12/16/2019 9:00:00 AM,113.99,115.06,112.59,114.32,7700,0
NTC,12/17/2019 9:20:00 AM,114.13,114.39,112.38,113.66,17200,0
NTC,12/18/2019 9:00:00 AM,114.32,114.32,111.05,112.05,11100,0
NTC,12/19/2019 9:00:00 AM,112.99,112.99,110.38,111.05,45400,0
NTC,12/20/2019 9:00:00 AM,112.38,113.59,110.25,112.25,9900,0
NTC,12/23/2019 9:00:00 AM,113.72,113.72,110.38,112.05,16100,0
NTC,12/24/2019 9:00:00 AM,112.38,113.32,110.44,111.92,11100,0
NTC,12/25/2019 9:00:00 AM,112.25,113.19,110.65,112.05,12800,0
NTC,12/26/2019 9:00:00 AM,112.38,112.38,110.72,112.05,35800,0
NTC,12/27/2019 9:00:00 AM,112.05,112.19,110.38,111.38,32700,0
NTC,12/30/2019 9:00:00 AM,111.72,112.05,109.71,110.65,16300,0
NTC,12/31/2019 9:00:00 AM,110.04,111.31,109.11,110.84,29600,0
NTC,1/2/2020 9:00:00 AM,110.38,112.59,109.71,110.72,6100,0
NTC,1/3/2020 10:35:00 AM,110.38,110.84,109.51,110.38,20100,0
NTC,1/6/2020 9:05:00 AM,110.31,110.31,107.03,108.97,30500,0
NTC,1/7/2020 9:00:00 AM,110.31,110.31,106.37,108.37,45900,0
NTC,1/8/2020 9:00:00 AM,109.64,109.64,105.03,107.57,15600,0
NTC,1/9/2020 9:00:00 AM,108.31,108.31,105.03,106.9,16600,0
NTC,1/10/2020 9:00:00 AM,110.25,110.25,107.3,108.37,30300,0
NTC,1/13/2020 9:00:00 AM,109.64,109.64,108.24,108.31,6500,0
NTC,1/14/2020 9:00:00 AM,109.58,109.58,105.69,108.64,23800,0
NTC,1/15/2020 9:00:00 AM,109.18,109.18,105.9,108.24,15200,0
NTC,1/16/2020 9:00:00 AM,105.83,108.97,105.69,107.5,31100,0
NTC,1/17/2020 9:05:00 AM,108.1,108.1,105.69,106.97,19400,0
NTC,1/20/2020 9:00:00 AM,108.31,108.31,105.43,107.5,53100,0
NTC,1/21/2020 9:00:00 AM,108.31,108.31,106.16,107.17,22000,0
NTC,1/22/2020 9:00:00 AM,108.71,112.38,105.69,111.52,103800,0
NTC,1/30/2020 9:00:00 AM,111.65,111.98,110.72,110.72,10900,0
NTC,1/31/2020 9:00:00 AM,108.84,108.84,105.69,107.03,16300,0
NTC,2/3/2020 9:00:00 AM,107.63,107.63,98.34,100.88,64500,0
NTC,2/4/2020 9:00:00 AM,102.82,105.63,100.34,102.89,25900,0
NTC,2/5/2020 9:00:00 AM,104.96,104.96,99.87,101.81,87000,0
NTC,2/6/2020 9:00:00 AM,106.7,106.7,102.35,104.96,58100,0
NTC,2/7/2020 9:00:00 AM,106.9,106.9,104.29,105.97,26300,0
NTC,2/10/2020 9:00:00 AM,106.7,109.58,104.36,106.5,92400,0
NTC,2/11/2020 9:00:00 AM,111.12,111.12,107.84,110.38,72300,0
NTC,2/12/2020 9:00:00 AM,115.06,115.06,111.05,112.59,52200,0
NTC,2/13/2020 9:00:00 AM,112.38,113.25,111.72,112.38,32500,0
NTC,2/14/2020 9:45:00 AM,111.72,112.25,109.04,111.38,21200,0
NTC,2/17/2020 9:00:00 AM,110.38,110.98,108.71,110.31,21000,0
NTC,2/18/2020 9:25:00 AM,110.25,110.25,108.24,109.91,28100,0
NTC,2/19/2020 9:00:00 AM,109.78,112.25,109.37,112.19,41900,0
NTC,2/20/2020 9:00:00 AM,111.72,112.72,107.03,108.91,58700,0
NTC,2/21/2020 9:00:00 AM,110.38,111.05,109.04,110.91,30300,0
NTC,2/24/2020 9:00:00 AM,109.37,112.85,108.03,110.25,84700,0
NTC,2/25/2020 9:00:00 AM,110.98,110.98,109.04,110.38,13000,0
NTC,2/26/2020 9:00:00 AM,110.38,110.44,109.37,110.31,14100,0
NTC,2/27/2020 9:00:00 AM,110.04,110.31,107.77,109.31,34400,0
NTC,2/28/2020 9:00:00 AM,109.04,109.04,107.7,108.91,23300,0
NTC,3/2/2020 10:10:00 AM,108.03,108.97,107.7,108.84,22600,0
NTC,3/3/2020 9:05:00 AM,108.5,109.51,108.44,109.51,15800,0
NTC,3/4/2020 9:00:00 AM,109.18,112.92,109.04,112.52,59200,0
NTC,3/5/2020 9:00:00 AM,113.06,113.06,111.52,112.38,57900,0
NTC,3/6/2020 9:00:00 AM,112.32,112.32,110.38,111.58,8200,0
NTC,3/9/2020 9:00:00 AM,107.03,110.31,100.01,100.01,65600,0
NTC,3/10/2020 9:00:00 AM,103.69,107.03,102.95,105.56,51200,0
NTC,3/11/2020 9:00:00 AM,105.16,107.03,102.35,104.36,27300,0
NTC,3/12/2020 9:30:00 AM,101.68,103.62,95.66,97,65800,0
NTC,3/13/2020 9:00:00 AM,98.34,98.34,87.03,95.59,102800,0
NTC,3/16/2020 9:20:00 AM,96.93,96.93,90.98,92.85,101800,0
NTC,3/17/2020 9:00:00 AM,92.31,93.19,88.77,92.65,97900,0
NTC,3/18/2020 9:00:00 AM,90.65,93.65,89.64,90.65,50300,0
NTC,3/19/2020 9:00:00 AM,90.31,92.85,87.37,92.52,87600,0
NTC,3/20/2020 9:00:00 AM,91.58,95,91.58,94.93,55000,0
NTC,3/23/2020 9:15:00 AM,93.99,94.25,88.97,90.58,55500,0
NTC,3/24/2020 9:00:00 AM,93.59,93.59,90.98,93.12,29500,0
NTC,3/25/2020 9:00:00 AM,92.72,97.67,92.72,95.53,55300,0
NTC,3/26/2020 9:00:00 AM,96.26,96.26,92.65,94.12,45100,0
NTC,3/27/2020 9:00:00 AM,95.86,95.86,91.65,92.99,28800,0
NTC,3/30/2020 9:00:00 AM,92.92,92.92,87.63,89.57,102600,0
NTC,3/31/2020 9:00:00 AM,91.58,92.25,88.97,91.51,43400,0
NTC,4/1/2020 9:00:00 AM,90.98,92.85,89.64,91.65,13600,0
NTC,4/3/2020 9:00:00 AM,92.05,105.69,92.05,101.55,164400,0
NTC,4/6/2020 9:00:00 AM,103.02,105.56,102.02,102.95,28000,0
NTC,4/7/2020 9:00:00 AM,103.69,106.3,101.01,102.95,30300,0
NTC,4/8/2020 9:00:00 AM,103.02,104.36,100.01,100.34,44300,0
NTC,4/9/2020 9:05:00 AM,100.08,101.68,99.41,101.41,36200,0
NTC,4/10/2020 9:00:00 AM,101.01,102.28,100.34,101.34,19000,0
NTC,4/13/2020 9:00:00 AM,101.68,102.95,101.34,102.55,11500,0
NTC,4/14/2020 9:00:00 AM,102.89,102.89,101.01,102.42,10200,0
NTC,4/15/2020 9:20:00 AM,103.09,107.63,103.09,106.97,57900,0
NTC,4/16/2020 9:00:00 AM,106.03,106.97,106.03,106.84,6500,0
NTC,4/17/2020 9:00:00 AM,107.03,109.71,106.84,108.31,27600,0
NTC,4/20/2020 9:00:00 AM,108.64,110.38,108.64,109.98,15600,0
NTC,4/21/2020 9:00:00 AM,110.31,110.31,104.36,106.3,21800,0
NTC,4/22/2020 9:00:00 AM,105.03,106.37,104.36,106.37,14200,0
NTC,4/23/2020 9:00:00 AM,107.03,108.31,105.9,106.77,47400,0
NTC,4/24/2020 9:00:00 AM,107.03,108.97,105.69,108.24,34800,0
NTC,4/27/2020 9:40:00 AM,106.37,110.38,106.37,110.31,34400,0
NTC,4/28/2020 9:00:00 AM,109.64,110.98,109.04,109.98,14600,0
NTC,4/29/2020 9:30:00 AM,110.38,112.32,110.38,112.12,28100,0
NTC,5/4/2020 9:15:00 AM,110.38,111.65,109.71,111.05,42000,0
NTC,5/5/2020 9:00:00 AM,110.58,111.92,110.51,111.31,52200,0
NTC,5/6/2020 9:00:00 AM,111.38,111.58,111.25,111.38,38200,0
NTC,5/7/2020 9:00:00 AM,111.58,118.41,111.58,117.74,73400,0
NTC,5/8/2020 9:00:00 AM,117.74,120.41,116.4,118.27,31800,0
NTC,5/11/2020 9:00:00 AM,127.1,136.8,119.41,120.41,41700,0
NTC,5/12/2020 9:00:00 AM,121.69,121.69,117.34,119.75,36500,0
NTC,5/13/2020 9:00:00 AM,119.75,121.01,119.07,119.75,13800,0
NTC,5/14/2020 9:00:00 AM,119.68,120.41,117.07,119.68,99400,0
NTC,5/15/2020 9:05:00 AM,119.75,123.75,118.74,123.63,45600,0
NTC,5/18/2020 9:10:00 AM,121.69,127.1,121.69,125.7,16400,0
NTC,5/19/2020 9:00:00 AM,125.76,130.45,125.76,129.38,53700,0
NTC,5/20/2020 9:00:00 AM,129.78,131.12,129.11,129.11,18400,0
NTC,5/21/2020 9:00:00 AM,130.45,132.05,128.1,130.25,16000,0
NTC,5/22/2020 9:00:00 AM,133.72,133.72,128.44,129.78,20000,0
NTC,5/25/2020 9:05:00 AM,129.38,132.45,129.38,132.45,33900,0
NTC,5/26/2020 9:00:00 AM,132.45,134.46,131.78,134.33,19700,0
NTC,5/27/2020 9:00:00 AM,134.46,136.4,132.45,132.45,11100,0
NTC,5/28/2020 9:00:00 AM,133.72,134.39,131.78,133.06,24600,0
NTC,5/29/2020 9:00:00 AM,134.93,134.93,131.65,133.66,102700,0
NTC,6/1/2020 9:00:00 AM,133.13,137.81,133.13,137.13,33700,0
NTC,6/2/2020 9:00:00 AM,136.47,139.08,133.79,135.13,14900,0
NTC,6/3/2020 9:00:00 AM,135.8,135.8,132.45,134.46,36700,0
NTC,6/4/2020 9:00:00 AM,134.19,135.66,132.45,135.06,34300,0
NTC,6/5/2020 9:05:00 AM,133.79,134.33,132.45,133.39,22700,0
NTC,6/8/2020 9:00:00 AM,133.72,133.72,129.38,130.11,45200,0
NTC,6/9/2020 9:05:00 AM,128.44,130.11,125.76,129.38,51400,0
NTC,6/10/2020 9:10:00 AM,129.65,129.65,125.1,127.97,35700,0
NTC,6/11/2020 9:00:00 AM,127.1,128.31,122.42,126.23,31700,0
NTC,6/12/2020 9:00:00 AM,123.09,125.7,119.75,125.7,29300,0
NTC,6/15/2020 9:15:00 AM,123.75,125.83,122.09,124.96,37000,0
NTC,6/16/2020 9:05:00 AM,124.63,127.1,124.63,126.77,20000,0
NTC,6/17/2020 9:00:00 AM,127.03,129.04,126.5,128.24,18400,0
NTC,6/18/2020 9:00:00 AM,128.44,129.31,126.1,127.77,6200,0
NTC,6/19/2020 9:00:00 AM,127.77,128.38,127.1,127.97,3700,0
NTC,6/22/2020 9:05:00 AM,127.44,127.77,125.76,126.97,20900,0
NTC,6/23/2020 9:00:00 AM,126.57,129.98,126.57,128.64,36300,0
NTC,6/24/2020 9:20:00 AM,128.38,129.38,125.16,127.37,48700,0
NTC,6/25/2020 9:00:00 AM,126.77,127.7,125.1,127.03,6600,0
NTC,6/26/2020 10:00:00 AM,128.31,128.31,128.31,128.31,3500,0
NTC,6/29/2020 9:00:00 AM,128.24,128.24,124.43,127.3,16700,0
NTC,6/30/2020 9:00:00 AM,126.1,127.37,124.43,126.3,13400,0
NTC,7/1/2020 9:00:00 AM,125.76,127.1,125.1,127.1,21200,0
NTC,7/2/2020 9:00:00 AM,128.38,128.84,126.77,127.77,20900,0
NTC,7/3/2020 9:00:00 AM,128.04,128.04,126.77,127.77,3600,0
NTC,7/6/2020 9:00:00 AM,127.77,129.04,124.69,127.44,17100,0
NTC,7/7/2020 9:10:00 AM,127.1,127.5,125.1,126.97,11200,0
NTC,7/8/2020 9:05:00 AM,126.57,128.31,126.57,128.17,12500,0
NTC,7/9/2020 9:00:00 AM,127.91,135.06,127.91,131.05,46300,0
NTC,7/10/2020 9:05:00 AM,131.12,133.6,130.45,131.45,8800,0
NTC,7/13/2020 9:10:00 AM,131.85,132.25,129.11,131.05,3400,0
NTC,7/14/2020 9:20:00 AM,129.11,129.98,128.17,129.04,6800,0
NTC,7/15/2020 9:30:00 AM,128.84,129.11,128.84,128.84,4400,0
NTC,7/16/2020 9:00:00 AM,129.11,131.72,129.11,131.45,2100,0
NTC,7/17/2020 9:00:00 AM,130.25,131.72,128.31,129.38,32400,0
NTC,7/20/2020 9:15:00 AM,128.57,130.38,128.57,129.44,3700,0
NTC,7/21/2020 9:25:00 AM,129.51,130.65,129.38,129.38,10200,0
NTC,7/22/2020 9:10:00 AM,130.11,134.46,129.71,132.32,28500,0
NTC,7/23/2020 9:20:00 AM,131.59,133.13,131.59,132.79,27800,0
NTC,7/24/2020 9:05:00 AM,132.85,132.99,129.78,132.92,50700,0
NTC,7/27/2020 9:00:00 AM,131.05,132.39,127.84,129.78,105000,0
NTC,7/28/2020 9:05:00 AM,130.11,132.72,129.78,132.45,9500,0
NTC,7/29/2020 9:00:00 AM,131.52,133.79,129.85,133.79,54300,0
NTC,7/30/2020 9:00:00 AM,134.06,135.36,131.82,133.38,11500,0
NTC,7/31/2020 9:00:00 AM,133.79,134.68,132.84,133.93,8400,0
NTC,8/3/2020 9:35:00 AM,131.07,138.01,131.07,137.67,43800,0
NTC,8/4/2020 9:00:00 AM,136.24,140.05,136.24,139.17,11500,0
NTC,8/5/2020 9:05:00 AM,139.17,141.89,138.62,141.55,16500,0
NTC,8/6/2020 9:05:00 AM,141.55,142.78,141.14,142.78,13400,0
NTC,8/7/2020 9:00:00 AM,142.78,144.2,141.89,144.14,16800,0
NTC,8/10/2020 9:20:00 AM,143.32,145.5,143.32,145.36,17200,0
NTC,8/11/2020 9:05:00 AM,144.95,146.86,144.95,146.86,21300,0
NTC,8/12/2020 9:05:00 AM,146.31,147.33,145.97,147.33,11400,0
NTC,8/13/2020 9:00:00 AM,146.99,147.68,145.16,147.68,23800,0
NTC,8/14/2020 9:10:00 AM,146.52,147.54,145.63,146.65,12200,0
NTC,8/17/2020 11:05:00 AM,144.07,146.93,144.07,146.93,7800,0
NTC,8/18/2020 9:00:00 AM,146.31,146.93,145.63,146.79,2300,0
NTC,8/19/2020 9:05:00 AM,146.31,146.99,145.63,146.79,3000,0
NTC,8/20/2020 9:10:00 AM,146.31,146.65,144.61,146.04,8000,0
NTC,8/21/2020 9:05:00 AM,145.63,146.59,144.61,144.89,3500,0
NTC,8/24/2020 9:15:00 AM,144.61,145.63,144.27,145.57,4400,0
NTC,8/25/2020 10:15:00 AM,145.29,146.11,144.34,145.43,5300,0
NTC,8/26/2020 9:15:00 AM,145.29,146.25,144.27,145.5,8100,0
NTC,8/27/2020 9:00:00 AM,145.77,146.31,145.29,145.97,22800,0
NTC,8/28/2020 1:25:00 PM,145.63,145.63,144.48,145.57,2000,0
NTC,8/31/2020 9:05:00 AM,145.36,145.5,142.91,144.95,22900,0
NTC,9/1/2020 9:30:00 AM,142.78,144.68,136.11,142.16,13300,0
NTC,9/3/2020 9:00:00 AM,142.37,143.86,138.83,139.44,23900,0
NTC,9/4/2020 9:00:00 AM,140.53,142.84,138.15,142.84,30100,0
NTC,9/7/2020 9:05:00 AM,140.8,144.89,140.19,141.75,10000,0
NTC,9/8/2020 10:00:00 AM,140.05,140.8,139.1,139.78,15000,0
NTC,9/9/2020 9:05:00 AM,139.51,141.41,138.83,140.87,30400,0
NTC,9/10/2020 9:00:00 AM,140.19,142.16,138.9,139.85,19100,0
NTC,9/11/2020 9:25:00 AM,140.19,140.8,140.19,140.8,1100,0
NTC,9/14/2020 9:05:00 AM,138.83,139.44,136.11,139.44,44000,0
NTC,9/15/2020 9:10:00 AM,137.47,149.65,137.47,144.27,45000,0
NTC,9/16/2020 9:10:00 AM,144.2,144.2,138.83,142.37,17000,0
NTC,9/17/2020 9:25:00 AM,142.23,142.23,138.15,140.05,3700,0
NTC,9/18/2020 9:20:00 AM,139.51,140.94,138.69,140.12,5300,0
NTC,9/21/2020 9:05:00 AM,138.83,140.19,137.47,139.51,30400,0
NTC,9/22/2020 9:20:00 AM,139.71,139.71,138.49,139.44,3800,0
NTC,9/23/2020 9:40:00 AM,138.83,139.51,137.54,139.51,16500,0
NTC,9/24/2020 9:05:00 AM,138.96,139.51,138.01,138.96,17000,0
NTC,9/25/2020 9:45:00 AM,138.69,139.17,136.85,138.9,21800,0
NTC,9/28/2020 9:10:00 AM,138.76,138.83,137.47,138.15,8400,0
NTC,9/29/2020 9:10:00 AM,138.69,138.83,137.47,138.49,36800,0
NTC,9/30/2020 9:25:00 AM,138.15,139.37,137.81,138.76,3800,0
NTC,10/1/2020 9:05:00 AM,138.56,142.23,138.56,142.23,28600,0
NTC,10/2/2020 9:40:00 AM,140.19,140.19,140.19,140.19,8200,0
NTC,10/5/2020 9:40:00 AM,139.17,141.21,138.9,141.01,21100,0
NTC,10/6/2020 1:35:00 PM,140.8,142.64,140.8,142.64,30000,0
NTC,10/7/2020 9:15:00 AM,142.23,143.32,141.14,143.18,26400,0
NTC,10/8/2020 10:10:00 AM,141.62,142.44,141.21,142.23,3800,0
NTC,10/12/2020 9:00:00 AM,142.91,148.22,142.91,146.99,48700,0
NTC,10/13/2020 9:00:00 AM,148.22,148.36,146.31,147.95,27200,0
NTC,10/14/2020 10:30:00 AM,146.79,146.79,146.79,146.79,500,0
NTC,10/15/2020 9:10:00 AM,149.58,149.58,147.74,149.1,20600,0
NTC,10/16/2020 9:30:00 AM,149.04,149.17,147.88,149.04,10700,0
NTC,10/19/2020 10:30:00 AM,148.49,148.49,148.49,148.49,12700,0
NTC,10/20/2020 9:00:00 AM,148.83,151.08,148.83,151.08,10100,0
NTC,10/21/2020 9:10:00 AM,155.57,156.45,155.09,156.32,6900,0
NTC,10/22/2020 10:10:00 AM,155.64,156.25,155.16,156.11,15900,0
NTC,10/23/2020 9:05:00 AM,157.88,158.9,156.18,158.7,19000,0
NTC,10/26/2020 9:20:00 AM,158.56,163.26,158.56,163.06,9100,0
NTC,10/27/2020 9:00:00 AM,163.06,163.06,157.27,159.18,18800,0
NTC,10/28/2020 9:15:00 AM,159.52,161.22,159.45,160.4,9400,0
NTC,10/29/2020 9:00:00 AM,159.92,159.92,156.52,158.5,11800,0
NTC,10/30/2020 9:10:00 AM,158.56,159.18,157.54,157.54,4500,0
NTC,11/2/2020 9:30:00 AM,159.86,165.98,157.54,163.26,26200,0
NTC,11/3/2020 9:10:00 AM,163.26,163.26,160.95,160.95,1300,0
NTC,11/4/2020 9:05:00 AM,161.29,163.33,160.61,161.97,8400,0
NTC,11/5/2020 9:10:00 AM,162.31,162.99,160.74,161.9,23800,0
NTC,11/6/2020 9:00:00 AM,161.69,165.98,161.69,163.67,8600,0
NTC,11/9/2020 9:05:00 AM,164.69,167.34,163.4,166.73,17300,0
NTC,11/10/2020 9:15:00 AM,165.71,168.57,165.71,167.75,21200,0
NTC,11/11/2020 9:15:00 AM,168.36,168.36,166.73,167.07,2900,0
NTC,11/12/2020 9:20:00 AM,166.12,168.77,166.05,168.77,44200,0
NTC,11/16/2020 9:00:00 AM,178.98,190.41,178.98,189.8,11300,0
NTC,11/17/2020 9:00:00 AM,189.87,195.92,187.21,190.55,39900,0
NTC,11/18/2020 9:05:00 AM,190.55,199.26,190.55,194.29,77500,0
NTC,11/19/2020 9:50:00 AM,193.27,205.45,193.27,204.09,71400,0
NTC,11/20/2020 9:00:00 AM,204.84,210.28,203.55,209.6,63700,0
NTC,11/23/2020 9:00:00 AM,215.73,215.73,210.96,212.33,44300,0
NTC,11/24/2020 9:05:00 AM,213.62,213.62,206.88,210.96,35100,0
NTC,11/25/2020 9:15:00 AM,209.94,209.94,203.41,207.22,53700,0
NTC,11/26/2020 9:00:00 AM,206.88,213.62,204.16,209.6,26300,0
NTC,11/27/2020 9:15:00 AM,211.58,215.05,209.33,215.05,48100,0
NTC,11/30/2020 9:15:00 AM,217.77,224.44,215.73,224.44,43400,0
NTC,12/1/2020 9:00:00 AM,221.51,226.62,221.17,226.48,21600,0
NTC,12/2/2020 9:00:00 AM,230.77,230.77,230.56,230.7,7400,0
NTC,12/3/2020 9:00:00 AM,255,265,255,260,25700,0
NTC,12/4/2020 9:00:00 AM,258.6,270,258.6,263.8,26200,0
NTC,12/7/2020 9:01:05 AM,257,257,245,248.3,40500,0
NTC,12/8/2020 9:07:01 AM,248.7,248.7,235.1,243.5,72500,0
NTC,12/9/2020 9:02:00 AM,242.5,248.9,242.5,246.9,37000,0
NTC,12/10/2020 9:06:16 AM,244.8,249.9,242,244.5,12900,0
NTC,12/11/2020 9:08:03 AM,245.3,245.3,235.9,239,38100,0
NTC,12/14/2020 9:04:47 AM,238.5,248.9,238,243,64300,0
NTC,12/15/2020 9:03:41 AM,245,249.5,243,249,58500,0
NTC,12/16/2020 9:02:11 AM,249.9,283.9,249.9,283.9,163500,0
NTC,12/17/2020 9:02:13 AM,283.8,304,283.8,294.5,39200,0
NTC,12/18/2020 9:01:41 AM,300,308.8,275,293,46200,0
NTC,12/21/2020 9:09:47 AM,288,296,287,294,24000,0
NTC,12/22/2020 9:02:43 AM,290,292.3,286,289.9,26200,0
NTC,12/23/2020 9:02:32 AM,288.3,299,283,286.9,51700,0
NTC,12/24/2020 9:08:04 AM,283.7,289.9,273,282,38200,0
NTC,12/25/2020 9:07:16 AM,282,299,278.5,291,44900,0
NTC,12/28/2020 9:02:27 AM,291,291,283.4,286.8,11900,0
NTC,12/29/2020 9:17:05 AM,286.3,287.9,282,285.5,52100,0
NTC,12/30/2020 9:03:45 AM,284.5,293,281,285.8,51300,0
NTC,12/31/2020 9:05:34 AM,289.7,289.7,281.5,286.6,19600,0
NTC,1/4/2021 9:00:56 AM,285,290.5,285,289.9,55100,0
NTC,1/5/2021 9:15:31 AM,292.9,292.9,286,289.7,45200,0
NTC,1/6/2021 9:09:20 AM,292,292,283.1,288,59600,0
NTC,1/7/2021 9:02:52 AM,290.9,290.9,282,287,88700,0
NTC,1/8/2021 9:10:23 AM,289,299.8,286,297,107200,0
NTC,1/11/2021 9:20:37 AM,296,301,293,296.9,42700,0
NTC,1/12/2021 9:01:26 AM,296.9,298.9,288,294.8,48900,0
NTC,1/13/2021 9:02:52 AM,295.9,297.9,288,290.9,36100,0
NTC,1/14/2021 9:11:23 AM,293.6,293.6,282.3,286.8,76500,0
NTC,1/15/2021 9:00:46 AM,296,296,282,287,85300,0
NTC,1/18/2021 9:10:49 AM,288.4,291.9,276,281.5,110400,0
NTC,1/19/2021 9:01:56 AM,283,286.9,250,263.9,124700,0
NTC,1/20/2021 9:02:18 AM,266,268,250,257.5,72200,0
NTC,1/21/2021 9:02:08 AM,257.5,267.9,254,266.7,80800,0
NTC,1/22/2021 9:10:14 AM,261,274.8,250,261.5,63300,0
NTC,1/25/2021 9:06:35 AM,262.3,266.9,255.5,258,41800,0
NTC,1/26/2021 9:09:04 AM,261.9,261.9,240,254.6,72300,0
NTC,1/27/2021 9:01:18 AM,247.7,254.9,228,230,63500,0
NTC,1/28/2021 9:01:21 AM,220.1,229.4,205,205,109900,0
NTC,1/29/2021 9:00:46 AM,190,218.9,181,213.6,193800,0
NTC,2/1/2021 9:01:30 AM,215,224.9,198,204.4,69900,0
NTC,2/2/2021 9:08:08 AM,209.9,209.9,190,207.8,138800,0
NTC,2/3/2021 9:01:26 AM,208,219.8,202,216,132300,0
NTC,2/4/2021 9:03:37 AM,218,226,210,224.9,98500,0
NTC,2/5/2021 9:01:20 AM,220,234.9,210.1,232.5,164500,0
NTC,2/8/2021 9:02:08 AM,232.5,239,223,230,95000,0
NTC,2/9/2021 9:00:57 AM,226,238.9,226,236,59300,0
NTC,2/17/2021 9:01:27 AM,235.3,244.8,235.3,244.5,48400,0
NTC,2/18/2021 9:05:45 AM,244,253,239.5,249.9,62500,0
NTC,2/19/2021 9:02:40 AM,251.9,254,246,249.9,49700,0
NTC,2/22/2021 9:03:28 AM,249.1,252,247.2,249.8,54400,0
NTC,2/23/2021 9:08:10 AM,252,254.5,247,254.3,104200,0
NTC,2/24/2021 9:01:48 AM,251.1,260,250.6,255.4,65100,0
NTC,2/25/2021 9:01:41 AM,256.4,259.8,252.2,257.5,45300,0
NTC,2/26/2021 9:01:47 AM,253.9,255,250,254,27400,0
NTC,3/1/2021 9:01:43 AM,254,260,253,259.9,64200,0
NTC,3/2/2021 9:01:08 AM,258.8,268,258,267,68600,0
NTC,3/3/2021 9:19:11 AM,264.2,274.7,264.2,271,52300,0
NTC,3/4/2021 9:11:41 AM,271,272,260,267.9,47800,0
NTC,3/5/2021 9:10:04 AM,268,269,260,267.9,32900,0
NTC,3/8/2021 9:03:26 AM,268,272,261,268,74500,0
NTC,3/9/2021 9:03:14 AM,266,272,263.3,265.7,19400,0
NTC,3/10/2021 9:03:08 AM,268,268.9,263.5,267.4,38300,0
NTC,3/11/2021 9:04:31 AM,266,269.8,263.1,269,100000,0
NTC,3/12/2021 9:23:55 AM,269.9,271.5,267,269.8,47900,0
NTC,3/15/2021 9:09:10 AM,269.9,269.9,265.6,269.6,79200,0
NTC,3/16/2021 9:01:12 AM,271.2,271.2,264,264,20600,0
NTC,3/17/2021 9:00:04 AM,264,266.9,262,263.8,43700,0
NTC,3/18/2021 9:01:17 AM,267.9,267.9,259,260,49000,0
NTC,3/19/2021 9:03:44 AM,262,262,255,256,40400,0
NTC,3/22/2021 9:03:25 AM,255.1,256.8,248.5,251,64300,0
NTC,3/23/2021 9:14:52 AM,250,252.5,245,249.9,40200,0
NTC,3/24/2021 9:17:13 AM,244.2,247.8,239,240.6,51000,0
NTC,3/25/2021 9:10:15 AM,243,245.9,240,243.1,39900,0
NTC,3/26/2021 9:03:58 AM,239.2,246.9,236,242.8,23900,0
NTC,3/29/2021 9:01:30 AM,242.8,245,239,242,25800,0
NTC,3/30/2021 9:30:30 AM,239.1,241.9,237,241.8,46500,0
NTC,3/31/2021 9:02:35 AM,239.8,246.8,239.5,244.9,93300,0
NTC,4/1/2021 9:09:01 AM,246,257,242.6,257,112600,0
NTC,4/2/2021 9:01:11 AM,251,259.9,249,252.9,46300,0
NTC,4/5/2021 9:01:57 AM,263,263,244,250.8,69600,0
NTC,4/6/2021 9:02:32 AM,254.8,254.8,241,245.9,34500,0
NTC,4/7/2021 9:06:15 AM,244.7,248.8,240,242.8,37100,0
NTC,4/8/2021 9:18:46 AM,240.5,246.8,238,239.9,39300,0
NTC,4/9/2021 9:01:27 AM,244.9,244.9,229,229.3,91400,0
NTC,4/12/2021 9:04:55 AM,238.9,238.9,220,226,106100,0
NTC,4/13/2021 9:04:11 AM,221.2,229,213.5,214,78100,0
NTC,4/14/2021 9:04:16 AM,210.1,239.9,210.1,232,118800,0
NTC,4/15/2021 9:10:39 AM,233,236.9,225,230.7,39100,0
NTC,4/16/2021 9:22:26 AM,225,227.9,217,224.8,59800,0
NTC,4/19/2021 9:10:10 AM,223,226,213.5,213.7,33100,0
NTC,4/20/2021 9:06:21 AM,219.8,219.8,212,216.8,50000,0
NTC,4/22/2021 9:02:41 AM,215,218,200,204.2,75200,0
NTC,4/23/2021 9:03:14 AM,205,208.9,202.1,208,59400,0
NTC,4/26/2021 9:02:21 AM,208,212,203,206.1,25100,0
NTC,4/27/2021 9:02:12 AM,208,212.2,203,205.7,23100,0
NTC,4/28/2021 9:00:41 AM,214.9,214.9,204,209.4,26000,0
NTC,4/29/2021 9:02:24 AM,210.9,213.8,206.8,209.5,28600,0
NTC,5/4/2021 9:06:57 AM,209.5,209.5,199.8,202.9,72700,0
NTC,5/5/2021 9:02:46 AM,207.3,207.3,202.6,204.5,17200,0
NTC,5/6/2021 9:09:42 AM,204,205.9,199,202.9,123400,0
NTC,5/7/2021 9:14:29 AM,208.9,208.9,194,197.6,79900,0
NTC,5/10/2021 9:11:08 AM,198,198,177.5,181,150900,0
NTC,5/11/2021 9:04:29 AM,183.8,187.6,180,185.9,110200,0
NTC,5/12/2021 9:04:35 AM,185,189.9,183,188.4,30700,0
NTC,5/13/2021 9:05:51 AM,186,186,182,183.9,39900,0
NTC,5/14/2021 9:01:01 AM,189.9,189.9,175.7,177,100900,0
NTC,5/17/2021 9:01:32 AM,177.5,179,170.1,175.2,94600,0
NTC,5/18/2021 9:03:11 AM,174.4,186.9,172,178.4,126400,0
NTC,5/19/2021 9:00:31 AM,199,199,177,180,52800,0
NTC,5/20/2021 9:07:04 AM,180,180,170,170,81100,0
NTC,5/21/2021 9:00:08 AM,178.9,178.9,165,175.8,76800,0
NTC,5/24/2021 9:12:48 AM,176.8,176.9,173,175.6,52500,0
NTC,5/25/2021 9:01:33 AM,178,178,174.6,176.7,55800,0
NTC,5/26/2021 9:02:11 AM,176,177,174,177,75200,0
NTC,5/27/2021 9:02:03 AM,175.3,182,175.3,180.8,133300,0
NTC,5/28/2021 9:05:22 AM,179.6,200,179.6,199.9,162400,0
NTC,5/31/2021 9:01:23 AM,199,204,199,203,121300,0
NTC,6/1/2021 9:02:48 AM,204,205.7,201.6,205,57700,0
NTC,6/2/2021 9:09:00 AM,203,204.7,197,202.5,63300,0
NTC,6/3/2021 9:04:50 AM,203.3,203.3,194.5,199.5,81600,0
NTC,6/4/2021 9:05:44 AM,198.3,203.9,194.5,202.9,148400,0
NTC,6/7/2021 9:03:09 AM,205,205,200.5,203.5,48600,0
NTC,6/8/2021 9:04:16 AM,205,205,199,201.2,43400,0
NTC,6/9/2021 9:01:01 AM,204.6,204.6,195,201,54100,0
NTC,6/10/2021 9:04:01 AM,200.3,201.8,195.4,197.9,44000,0
NTC,6/11/2021 9:02:10 AM,197.9,209.9,196,207.9,153600,0
NTC,6/14/2021 9:02:00 AM,209,209,205,209,62400,0
NTC,6/15/2021 9:02:01 AM,210,229.9,210,223.2,150200,0
NTC,6/16/2021 9:00:56 AM,233.8,233.8,220,223.2,78800,0
NTC,6/17/2021 9:06:20 AM,223.5,224,218,223.9,51500,0
NTC,6/18/2021 9:02:36 AM,222,225,221.5,224.5,68300,0
NTC,6/21/2021 9:00:32 AM,224.9,224.9,220.7,224.5,108800,0
NTC,6/22/2021 9:03:08 AM,223,223,217.6,220.5,52200,0
NTC,6/23/2021 9:00:46 AM,220.9,224.7,214,215,60600,0
NTC,6/24/2021 9:06:33 AM,214.3,215.4,211,213.9,76500,0
NTC,6/25/2021 9:02:11 AM,214,216.5,211.3,214,53800,0
NTC,6/28/2021 9:04:45 AM,213.5,215.6,211.2,212.8,27300,0
NTC,6/29/2021 9:30:22 AM,212.7,212.7,205,209.9,94800,0
NTC,6/30/2021 9:03:00 AM,207.5,214.8,205,208.9,37000,0
NTC,7/1/2021 9:00:41 AM,213.9,213.9,205,207.7,34100,0
NTC,7/2/2021 9:01:13 AM,206.3,208.8,198,203.9,114500,0
NTC,7/5/2021 9:05:42 AM,204,204.5,194,196.7,70800,0
NTC,7/6/2021 9:01:03 AM,201.6,201.6,193.2,196,79300,0
NTC,7/7/2021 9:00:30 AM,197.9,197.9,187,192.6,59900,0
NTC,7/8/2021 9:11:02 AM,192.5,192.5,183.2,184.8,49600,0
NTC,7/9/2021 9:02:31 AM,184,186,179,183,68300,0
NTC,7/12/2021 9:03:50 AM,181.9,184.7,172,180.2,168000,0
NTC,7/13/2021 9:02:01 AM,182,182,175.8,179.9,73800,0
NTC,7/14/2021 9:00:57 AM,181.9,185.5,173.2,178.6,115700,0
NTC,7/15/2021 9:03:35 AM,181.9,184.5,172.7,177.2,214300,0
NTC,7/16/2021 9:16:39 AM,176.5,179.9,173.5,176.3,134000,0
NTC,7/19/2021 9:02:09 AM,179,179,172,175.4,139300,0
NTC,7/20/2021 9:01:37 AM,178,188,175.3,187.8,135200,0
NTC,7/21/2021 9:00:48 AM,187.8,190.8,184.5,188,66500,0
NTC,7/22/2021 9:07:25 AM,187,192.9,185.9,191.8,68400,0
NTC,7/23/2021 9:13:00 AM,188.8,192,186.8,188.9,87000,0
NTC,7/26/2021 9:08:42 AM,185,189.7,185,189.4,47700,0
NTC,7/27/2021 9:12:14 AM,191,196,189.1,194.2,91100,0
NTC,7/28/2021 9:06:32 AM,193,198,193,196.9,37700,0
NTC,7/29/2021 9:02:08 AM,195.5,200,195.2,199.9,60400,0
NTC,7/30/2021 9:08:02 AM,199.8,199.8,192.7,192.7,46300,0
NTC,8/2/2021 9:07:32 AM,193.3,193.9,189,191.7,54600,0
NTC,8/3/2021 9:08:44 AM,188,189.9,186,188.7,65400,0
NTC,8/4/2021 9:02:13 AM,187.6,188.7,184,185,81100,0
NTC,8/5/2021 9:04:08 AM,183.5,184,181,183.5,82700,0
NTC,8/6/2021 9:10:13 AM,184.9,191.8,182,189.9,74900,0
NTC,8/9/2021 9:00:54 AM,185,189.9,185,189,57500,0
NTC,8/10/2021 9:13:38 AM,188.1,191,186,190.9,77900,0
NTC,8/11/2021 9:00:38 AM,190,192.5,188.8,191.5,111800,0
NTC,8/12/2021 9:24:34 AM,190.1,193.1,190,192,55500,0
NTC,8/13/2021 9:02:53 AM,192,192,186,191.5,83600,0
NTC,8/16/2021 9:09:29 AM,190,196,190,196,86700,0
NTC,8/17/2021 9:00:46 AM,196,204,194.1,202.4,150500,0
NTC,8/18/2021 9:03:38 AM,202.4,204.6,200,203,50200,0
NTC,8/19/2021 9:02:07 AM,203,205,201.3,205,49500,0
NTC,8/20/2021 9:01:05 AM,205,209,198.5,202.6,92000,0
NTC,8/23/2021 9:00:06 AM,206.9,206.9,195,199,59200,0
NTC,8/24/2021 9:00:06 AM,203.9,203.9,192,195.5,53900,0
NTC,8/25/2021 9:05:03 AM,195.5,198.9,190.5,192,26200,0
NTC,8/26/2021 9:06:31 AM,193,193,189,191,53100,0
NTC,8/27/2021 9:02:25 AM,191,194.9,187.2,192.9,71200,0
NTC,8/30/2021 9:00:16 AM,193,194.9,190.3,193.8,47100,0
NTC,8/31/2021 9:01:03 AM,193.8,201.9,193.5,199.7,96200,0
NTC,9/1/2021 9:01:07 AM,199.7,202,197.1,200,54100,0
NTC,9/6/2021 9:00:06 AM,200.3,202,199,201,29900,0
NTC,9/7/2021 9:00:53 AM,201,205,200.1,202.5,113700,0
NTC,9/8/2021 9:04:39 AM,202.7,203.9,198.2,200.7,64300,0
NTC,9/9/2021 9:01:03 AM,200.7,201.8,198.6,201.8,47300,0
NTC,9/10/2021 9:02:18 AM,201.8,209,201,207.9,135100,0
NTC,9/13/2021 9:01:04 AM,209.8,210.5,205.8,206,79000,0
NTC,9/14/2021 9:00:08 AM,206,206,197.8,198.8,31700,0
NTC,9/15/2021 9:28:25 AM,198,198,189,192,91900,0
NTC,9/16/2021 9:04:45 AM,194,194,187,191.6,32900,0
NTC,9/17/2021 9:10:11 AM,189.2,193,189,192,44300,0
NTC,9/20/2021 9:02:48 AM,192,198.9,190,192.9,75300,0
NTC,9/21/2021 9:06:55 AM,188.1,193.8,188,191.9,76100,0
NTC,9/22/2021 9:04:06 AM,193,193,187.5,189.7,49400,0
NTC,9/23/2021 9:02:48 AM,190,191,188,188.8,27300,0
NTC,9/24/2021 9:25:29 AM,188,189.7,186,186,88000,0
NTC,9/27/2021 9:00:16 AM,193,193,182.1,183.9,43300,0
NTC,9/28/2021 9:15:34 AM,183.5,186.4,181.2,182.4,53800,0
NTC,9/29/2021 9:21:52 AM,182.4,182.4,176,178.9,183700,0
NTC,9/30/2021 9:00:39 AM,178.9,178.9,172.6,175.9,156700,0
NTC,10/1/2021 9:00:08 AM,170,175,169.9,172,167600,0
NTC,10/4/2021 9:01:38 AM,171.1,171.1,166,166.8,113000,0
NTC,10/5/2021 9:00:11 AM,166.7,168.7,164.3,168.7,127700,0
NTC,10/6/2021 9:00:08 AM,169,175.3,167.5,175.2,158700,0
NTC,10/7/2021 9:00:18 AM,175.4,175.6,173,173.5,36800,0
NTC,10/8/2021 9:05:11 AM,173.7,173.8,168.5,170,88900,0
NTC,10/11/2021 9:00:43 AM,170.1,171.1,167.1,170.3,86300,0
NTC,10/12/2021 9:02:42 AM,169.2,170.4,169.1,170,40700,0
NTC,10/13/2021 9:00:38 AM,170,171,170,170.7,43000,0
NTC,10/14/2021 9:01:00 AM,170,171.3,169.7,170.8,41800,0
NTC,10/15/2021 9:00:40 AM,170.5,170.7,169,169,69600,0
NTC,10/18/2021 9:08:02 AM,169,169.8,167,168.3,58300,0
NTC,10/19/2021 9:00:25 AM,168.3,168.3,167.2,168,34000,0
NTC,10/20/2021 9:02:27 AM,168,169,167.6,167.9,44600,0
NTC,10/21/2021 9:01:00 AM,168.4,174.1,168.3,171.8,96800,0
NTC,10/22/2021 9:02:00 AM,172.8,173.1,171,171.5,44900,0
NTC,10/25/2021 9:00:14 AM,171.5,172,169.4,169.4,48700,0
NTC,10/26/2021 9:01:48 AM,169.4,169.9,168.5,169,39400,0
NTC,10/27/2021 9:02:12 AM,168.5,169.5,168.2,169.1,50900,0
NTC,10/28/2021 9:08:02 AM,169,171.3,169,171,93400,0
NTC,10/29/2021 9:02:38 AM,171.3,175.9,171.2,175.9,133800,0
NTC,11/1/2021 9:05:08 AM,176,176,173,174,49400,0
NTC,11/2/2021 9:05:34 AM,176.5,176.5,172.8,174.5,43000,0
NTC,11/3/2021 9:00:42 AM,174.5,174.9,172.1,172.4,69500,0
NTC,11/4/2021 9:08:50 AM,172.2,173.5,170.1,173,45000,0
NTC,11/5/2021 9:03:06 AM,172.5,180,172.5,178.3,132800,0
NTC,11/8/2021 9:00:43 AM,177.5,188.4,177.5,187,90200,0
NTC,11/9/2021 9:01:24 AM,186.2,188.5,186.2,188.2,96000,0
NTC,11/10/2021 9:19:22 AM,186.7,191.1,183,190,93300,0
NTC,11/11/2021 9:01:14 AM,190.9,194,189.5,192,103200,0
NTC,11/12/2021 9:01:41 AM,191.6,199,190.2,197,89200,0
NTC,11/15/2021 9:04:38 AM,197.6,197.6,191.6,196,81300,0
NTC,11/16/2021 9:10:36 AM,196,200,193,197,153100,0
NTC,11/17/2021 9:02:19 AM,197,200,197,199.5,76400,0
NTC,11/18/2021 9:22:37 AM,199,200.9,197.5,200.9,127200,0
NTC,11/19/2021 9:01:17 AM,200,200.2,190,193.5,108500,0
NTC,11/22/2021 9:22:22 AM,194.1,194.1,182.2,186.5,63900,0
NTC,11/23/2021 9:31:05 AM,187,190.5,186,189.3,26600,0
NTC,11/24/2021 9:18:48 AM,188,194,188,191.7,29700,0
NTC,11/25/2021 9:11:52 AM,195,196,193,196,78100,0
NTC,11/26/2021 9:01:23 AM,196,198,190,191.5,46100,0
NTC,11/29/2021 9:01:52 AM,190,192,190,190.5,30100,0
NTC,11/30/2021 9:13:59 AM,190.8,197,189,193,76400,0
NTC,12/1/2021 9:28:54 AM,194,196,192,194,13400,0
NTC,12/2/2021 9:04:00 AM,194.9,194.9,192,192.5,15300,0
NTC,12/3/2021 9:43:58 AM,193,193.5,187,188,32200,0
NTC,12/6/2021 9:00:25 AM,188,190,184,184,31300,0
NTC,12/7/2021 9:29:01 AM,186.2,187.2,183.7,187.2,30400,0
NTC,12/8/2021 9:10:22 AM,189.9,190.4,187,188,17800,0
NTC,12/9/2021 9:03:28 AM,190.3,190.3,188,189.8,6400,0
NTC,12/10/2021 9:16:17 AM,190,192,188,189,17800,0
NTC,12/13/2021 9:00:20 AM,182.15,183.69,182.15,183.11,28400,0
NTC,12/14/2021 9:17:26 AM,183.11,186,182.63,185.04,31900,0
NTC,12/15/2021 9:04:19 AM,186,188.89,185.52,186,77400,0
NTC,12/16/2021 9:00:37 AM,190,190,183,187,31000,0
NTC,12/17/2021 9:02:54 AM,189,189,186,186,16200,0
NTC,12/20/2021 9:01:10 AM,186.5,186.5,183,184,36900,0
NTC,12/21/2021 9:28:33 AM,182,184,180.5,184,41100,0
NTC,12/22/2021 9:18:09 AM,181.8,186.4,178.9,186.4,47400,0
NTC,12/23/2021 9:19:48 AM,189.4,189.4,183.9,185.2,29800,0
NTC,12/24/2021 9:22:34 AM,185.3,185.5,182,182.6,11800,0
NTC,12/27/2021 9:02:01 AM,183.3,186,182,184.1,9200,0
NTC,12/28/2021 9:09:14 AM,184,184.9,182,182.4,23900,0
NTC,12/29/2021 9:19:06 AM,182.5,187,182.5,185.6,30400,0
NTC,12/30/2021 9:04:41 AM,186,192.5,186,192.4,57700,0
NTC,12/31/2021 9:13:25 AM,193,194,191.2,194,29400,0
NTC,1/4/2022 9:00:08 AM,194,215,194,212.9,176900,0
NTC,1/5/2022 9:05:39 AM,212.9,215.5,208.3,215.5,85300,0
NTC,1/6/2022 9:12:19 AM,210.2,213.4,210.1,213,23600,0
NTC,1/7/2022 9:03:05 AM,200,214,200,210.2,37800,0
NTC,1/10/2022 9:13:40 AM,210,211,205,207,34900,0
NTC,1/11/2022 9:08:16 AM,203,224,203,223.8,164600,0
NTC,1/12/2022 9:16:11 AM,222.5,230,218.2,226.9,72100,0
NTC,1/13/2022 9:17:08 AM,230,230,220,221,20100,0
NTC,1/14/2022 9:07:16 AM,216,222.5,216,220,18900,0
NTC,1/17/2022 9:04:38 AM,220,220,201.2,205,44000,0
NTC,1/18/2022 9:00:16 AM,203,210,203,204.5,54000,0
NTC,1/19/2022 9:14:59 AM,200,214.8,200,213,31900,0
NTC,1/20/2022 9:38:32 AM,210,217,210,216.9,16600,0
NTC,1/21/2022 9:08:00 AM,217.5,219.5,212.1,213,11000,0
NTC,1/24/2022 9:41:54 AM,208,212,205,206,31900,0
NTC,1/25/2022 9:29:07 AM,202,212,202,211.5,25600,0
NTC,1/26/2022 9:13:54 AM,207,214.2,207,213.1,19200,0
NTC,1/27/2022 9:05:49 AM,212.9,213,210.5,212.7,10300,0
NTC,1/28/2022 10:05:46 AM,211.5,214.5,210,213,11500,0
NTC,2/7/2022 9:03:20 AM,215,222.2,215,219,20700,0
NTC,2/8/2022 9:00:15 AM,220.3,220.3,218,218.3,15800,0
NTC,2/9/2022 9:13:14 AM,219,219,215.4,217.7,12500,0
NTC,2/10/2022 9:18:31 AM,215,216.6,214,214.2,12400,0
NTC,2/11/2022 9:07:03 AM,214,217.9,213.2,217,13400,0
NTC,2/14/2022 9:00:33 AM,217,217,212,212,29200,0
NTC,2/15/2022 9:35:29 AM,212,215.6,212,214.5,7500,0
NTC,2/16/2022 10:26:34 AM,214.8,217,214,216,8500,0
NTC,2/17/2022 9:11:10 AM,216,218.9,216,218.7,27900,0
NTC,2/18/2022 9:05:11 AM,218.7,218.7,216.5,216.5,17600,0
NTC,2/21/2022 9:37:20 AM,214.5,214.5,213.5,213.7,25200,0
NTC,2/22/2022 9:02:55 AM,213.5,213.5,208.5,211.8,43500,0
NTC,2/23/2022 9:09:16 AM,210,214,210,213,10200,0
NTC,2/24/2022 9:27:22 AM,212,212.8,206,210.5,34500,0
NTC,2/25/2022 9:30:55 AM,209,211.9,208,208,21400,0
NTC,2/28/2022 9:02:56 AM,208.6,209,205,207,24000,0
NTC,3/1/2022 9:12:42 AM,206.3,206.3,202,203.5,35100,0
NTC,3/2/2022 9:00:18 AM,204,205.6,202,202,26600,0
NTC,3/3/2022 9:11:52 AM,200.4,205,200,203,34200,0
NTC,3/4/2022 9:05:13 AM,203,204,201.3,202.6,16200,0
NTC,3/7/2022 9:03:46 AM,202.6,204,201.8,201.8,21300,0
NTC,3/8/2022 9:17:12 AM,201,203,200,200.6,17100,0
NTC,3/9/2022 9:49:36 AM,200.1,200.1,195.4,195.4,39500,0
NTC,3/10/2022 9:00:25 AM,198.5,200,196,196.1,24600,0
NTC,3/11/2022 9:00:53 AM,196,196,190,194,36000,0
NTC,3/14/2022 9:07:28 AM,190.1,197,190.1,197,15700,0
NTC,3/15/2022 9:14:14 AM,195.5,202,195,201.1,13600,0
NTC,3/16/2022 9:24:43 AM,202.3,205,200,205,24100,0
NTC,3/17/2022 9:46:14 AM,201.7,205,201.7,202.1,6700,0
NTC,3/18/2022 9:16:34 AM,202,204,201,203,9300,0
NTC,3/21/2022 9:40:04 AM,202,204.5,201,204.5,17600,0
NTC,3/22/2022 9:44:42 AM,202.8,205.3,202.8,205,32200,0
NTC,3/23/2022 9:05:19 AM,207.8,216,204.5,215,57900,0
NTC,3/24/2022 9:03:02 AM,215,219,215,215.5,35000,0
NTC,3/25/2022 9:14:00 AM,217,217,209,215,7900,0
NTC,3/28/2022 9:01:19 AM,205,215.9,205,215.9,30400,0
NTC,3/29/2022 10:28:54 AM,214.1,215,213.1,214.8,33500,0
NTC,3/30/2022 9:03:02 AM,220,220,212,214.4,16800,0
NTC,3/31/2022 9:35:02 AM,214.5,214.5,210,214.5,29400,0
NTC,4/1/2022 9:07:10 AM,213.5,213.5,210.6,213.3,24200,0
NTC,4/4/2022 9:03:01 AM,213,219,212.8,213.8,30400,0
NTC,4/5/2022 9:31:12 AM,214.1,216.5,212.8,216.3,28100,0
NTC,4/6/2022 1:00:07 PM,212.5,212.5,210,210.1,6700,0
NTC,4/7/2022 9:15:53 AM,211.3,211.3,208,211.3,9100,0
NTC,4/8/2022 9:21:09 AM,210,211.9,209,209,9000,0
NTC,4/12/2022 9:05:51 AM,208.2,210.5,200.1,210.4,12600,0
NTC,4/13/2022 9:03:03 AM,210,210,206,209,15200,0
NTC,4/14/2022 9:08:01 AM,209.6,209.9,206.3,207,15500,0
NTC,4/15/2022 9:07:41 AM,206.4,208.5,205.6,207,22900,0
NTC,4/18/2022 9:32:25 AM,205.5,207.1,205,206,21900,0
NTC,4/19/2022 9:11:09 AM,206.3,206.5,203,205,20900,0
NTC,4/20/2022 9:12:56 AM,205,205,200.1,203.5,20400,0
NTC,4/21/2022 9:31:15 AM,201,201.5,198,200,29100,0
NTC,4/22/2022 9:11:36 AM,203,203,192,196,37300,0
NTC,4/25/2022 9:50:08 AM,196,196,189,189.5,27100,0
NTC,4/26/2022 9:20:55 AM,189,189,181,188.9,26800,0
NTC,4/27/2022 9:04:23 AM,190,190,184,189.8,6900,0
NTC,4/28/2022 10:04:00 AM,198.9,198.9,190,192,12000,0
NTC,4/29/2022 9:06:19 AM,194.9,199.9,194.9,197.5,10800,0
NTC,5/4/2022 10:17:29 AM,194,195,192,192,1900,0
NTC,5/5/2022 9:56:45 AM,194,195.5,193,195,8300,0
NTC,5/6/2022 10:04:54 AM,194,194,188,188,3500,0
NTC,5/9/2022 9:38:34 AM,194.5,194.5,180,187,26900,0
NTC,5/10/2022 10:15:26 AM,184.6,189,184.5,189,7800,0
NTC,5/11/2022 11:06:37 AM,186.1,187,186,187,700,0
NTC,5/12/2022 9:29:21 AM,175.1,186,175.1,180,30700,0
NTC,5/13/2022 9:06:53 AM,178,180,169,170,28400,0
NTC,5/16/2022 9:34:37 AM,179,179,168.5,173.4,15000,0
NTC,5/17/2022 9:03:51 AM,167,183.9,167,180,5100,0
NTC,5/18/2022 9:29:31 AM,180,180,175.2,176,2100,0
NTC,5/19/2022 9:09:04 AM,176.3,178.4,175,175,7600,0
NTC,5/20/2022 9:28:09 AM,175,175.6,174.6,175,17300,0
NTC,5/23/2022 9:40:34 AM,175,175,172.8,173.5,2400,0
NTC,5/24/2022 9:12:59 AM,172,173,172,173,6500,0
NTC,5/25/2022 9:39:17 AM,172.5,173,170,173,31700,0
NTC,5/26/2022 9:35:25 AM,171.1,173.7,171.1,172,8600,0
NTC,5/27/2022 9:45:58 AM,173,174,171.3,171.5,11700,0
NTC,5/30/2022 9:50:16 AM,171.2,174,171,172.5,7600,0
NTC,5/31/2022 9:54:23 AM,172,177,172,174,11900,0
NTC,6/1/2022 10:18:12 AM,175,175,172,174.5,15000,0
NTC,6/2/2022 9:56:32 AM,172.4,173,169,170,13900,0
NTC,6/3/2022 11:08:05 AM,170,170.9,169,169,18700,0
NTC,6/6/2022 9:21:25 AM,171,172,168,170,24700,0
NTC,6/7/2022 9:01:38 AM,170,172,169.8,171.9,10600,0
NTC,6/8/2022 9:02:27 AM,173.9,175,171.2,175,10900,0
NTC,6/9/2022 9:03:01 AM,177,178.9,173.9,176.9,7500,0
NTC,6/10/2022 9:21:38 AM,174,176,174,174.5,8500,0
NTC,6/13/2022 9:05:08 AM,170,174,167,169.5,12800,0
NTC,6/14/2022 9:49:41 AM,169.8,170.5,169.8,170,2200,0
NTC,6/15/2022 9:01:35 AM,170,171,168,169.1,23400,0
NTC,6/16/2022 9:52:06 AM,168.6,171,168.6,171,2800,0
NTC,6/17/2022 9:00:11 AM,171,171,168.3,169.9,7600,0
NTC,6/20/2022 9:29:21 AM,169.1,169.1,166,169,11800,0
NTC,6/21/2022 9:34:01 AM,167,167.5,167,167.5,4700,0
NTC,6/22/2022 9:35:30 AM,166,169.8,161,168.2,7200,0
NTC,6/23/2022 10:27:46 AM,165,166,164.2,166,2300,0
NTC,6/24/2022 2:25:37 PM,164.9,165,164.9,165,200,0
NTC,6/27/2022 9:27:30 AM,166,168.5,165.9,167,3000,0
NTC,6/28/2022 9:49:20 AM,168.5,168.5,168,168.3,1600,0
NTC,6/29/2022 9:10:48 AM,169.5,171.9,169,169,5500,0
NTC,6/30/2022 10:26:01 AM,169.1,170,168,170,4600,0
NTC,7/1/2022 10:23:46 AM,167.5,169.3,166.2,169.3,2400,0
NTC,7/4/2022 9:25:31 AM,167,168,165.7,167.5,3800,0
NTC,7/5/2022 9:50:49 AM,165.5,166,164,165.8,9800,0
NTC,7/6/2022 9:55:36 AM,155,165,155,161.5,4900,0
NTC,7/7/2022 11:27:57 AM,163,163.9,162,163,600,0
NTC,7/8/2022 9:50:17 AM,161.5,163.8,161.5,163,1500,0
NTC,7/11/2022 10:02:25 AM,161,162,160.5,160.7,3800,0
NTC,7/12/2022 9:27:25 AM,164.9,164.9,160,164.6,6000,0
NTC,7/13/2022 9:02:35 AM,165.9,167,165,166.9,4200,0
NTC,7/14/2022 9:12:52 AM,169,169.4,169,169,5700,0
NTC,7/15/2022 10:02:48 AM,166,168,166,168,4300,0
NTC,7/18/2022 9:47:51 AM,169,169,166.2,169,1400,0
NTC,7/19/2022 9:11:58 AM,168.2,169.5,166.7,168.8,3200,0
NTC,7/20/2022 9:18:01 AM,170,170,167,168.6,3900,0
NTC,7/21/2022 10:44:18 AM,168,168.5,167.1,168.5,3700,0
NTC,7/22/2022 9:36:56 AM,168,169.5,168,168.1,4000,0
NTC,7/25/2022 11:27:07 AM,168,168,167.5,167.9,300,0
NTC,7/26/2022 9:15:55 AM,166.1,169.4,166.1,166.1,3400,0
NTC,7/27/2022 9:28:52 AM,166.7,166.7,166.7,166.7,1100,0
NTC,7/28/2022 9:15:49 AM,166.7,178,166.7,173.1,27400,0
NTC,7/29/2022 9:31:19 AM,174.8,176,173,173.6,6300,0
NTC,8/1/2022 9:13:25 AM,174.9,175.6,174,174.6,21100,0
NTC,8/2/2022 9:07:22 AM,174.8,176.8,174,176.8,20300,0
NTC,8/3/2022 9:15:56 AM,176.8,188,176,183.7,27900,0
NTC,8/4/2022 9:01:09 AM,183.7,188,183.7,188,15500,0
NTC,8/5/2022 9:18:13 AM,188,188.5,187,187,9400,0
NTC,8/8/2022 9:00:29 AM,187,190.2,185,185.5,4900,0
NTC,8/9/2022 9:00:06 AM,182,185,182,184.1,5900,0
NTC,8/10/2022 9:21:27 AM,184,185,183,185,7600,0
NTC,8/11/2022 9:21:49 AM,184.3,185.9,183.5,184.5,10800,0
NTC,8/12/2022 9:12:30 AM,184.5,188,183.9,186.1,5900,0
NTC,8/15/2022 9:27:48 AM,186.1,189.9,186,186,4300,0
NTC,8/16/2022 9:51:53 AM,189,189,183.5,187,5300,0
NTC,8/17/2022 11:23:45 AM,185,186,184.9,185,6700,0
NTC,8/18/2022 9:16:13 AM,184,185.1,184,185,5200,0
NTC,8/19/2022 9:30:11 AM,184.8,187,184.7,186.1,5000,0
NTC,8/22/2022 9:37:58 AM,186.1,189.1,186.1,187,7100,0
NTC,8/23/2022 10:03:21 AM,186.1,186.5,186.1,186.5,2200,0
NTC,8/24/2022 9:52:58 AM,186.5,188.5,186.5,188,7400,0
NTC,8/25/2022 10:31:08 AM,187,187.5,187,187.5,1100,0
NTC,8/26/2022 9:16:01 AM,187,187.9,186,187.9,4200,0
NTC,8/29/2022 9:05:24 AM,185,186,184,186,3400,0
NTC,8/30/2022 9:06:56 AM,185,188,183,183,15000,0
NTC,8/31/2022 9:09:24 AM,184.2,184.9,183,184,2800,0
NTC,9/5/2022 9:25:25 AM,183,183,176,179.5,12000,0
NTC,9/6/2022 9:15:37 AM,179.6,180.5,178,178.2,9100,0
NTC,9/7/2022 9:00:50 AM,180.2,180.2,176,176,10500,0
NTC,9/8/2022 10:12:38 AM,176.9,177.7,175,177.4,5100,0
NTC,9/9/2022 9:32:10 AM,178,178,175,176.5,5500,0
NTC,9/12/2022 9:20:18 AM,176,176.2,175,176,2100,0
