PJT,12/19/2017 9:15:00 AM,13.04,13.04,12.05,12.05,2510,0
PJT,12/20/2017 9:15:00 AM,12.1,12.86,12.1,12.73,8440,0
PJT,12/21/2017 10:30:00 AM,12.01,12.35,12.01,12.01,710,0
PJT,12/22/2017 10:25:00 AM,12.43,12.43,12.01,12.01,540,0
PJT,12/25/2017 9:15:00 AM,12.1,12.65,12.05,12.65,13650,0
PJT,12/26/2017 9:25:00 AM,12.43,12.43,11.83,11.83,430,0
PJT,12/27/2017 9:15:00 AM,12.43,12.43,12.43,12.43,310,0
PJT,12/28/2017 9:15:00 AM,12.43,12.43,12.35,12.43,650,0
PJT,12/29/2017 9:15:00 AM,12.43,12.43,12.35,12.35,380,0
PJT,1/2/2018 2:10:00 PM,12.35,12.43,12.35,12.43,3220,0
PJT,1/3/2018 9:50:00 AM,12.01,12.43,12.01,12.01,1630,0
PJT,1/4/2018 10:15:00 AM,12.26,12.26,12.05,12.05,730,0
PJT,1/5/2018 9:15:00 AM,12.77,12.77,12.77,12.77,10,0
PJT,1/8/2018 9:55:00 AM,12.7,12.7,12.01,12.01,330,0
PJT,1/9/2018 9:15:00 AM,12.43,12.61,11.75,12.61,1930,0
PJT,1/10/2018 9:15:00 AM,12.61,12.61,11.96,11.96,10320,0
PJT,1/11/2018 9:30:00 AM,11.96,12.77,11.15,12.77,4730,0
PJT,1/12/2018 9:30:00 AM,12.01,12.7,11.92,12.1,650,0
PJT,1/15/2018 9:15:00 AM,12.7,12.7,12.1,12.1,1140,0
PJT,1/16/2018 9:15:00 AM,12.4,12.4,11.83,12.1,1180,0
PJT,1/17/2018 9:15:00 AM,12.43,12.43,12.01,12.01,3150,0
PJT,1/18/2018 9:20:00 AM,12.52,12.52,12.52,12.52,110,0
PJT,1/19/2018 10:00:00 AM,12.01,12.52,12.01,12.52,7200,0
PJT,1/22/2018 10:05:00 AM,12.43,12.43,12.43,12.43,10,0
PJT,1/25/2018 2:40:00 PM,12.43,12.43,12.43,12.43,50,0
PJT,1/26/2018 2:45:00 PM,12.43,12.43,12.43,12.43,80,0
PJT,1/29/2018 9:15:00 AM,12.43,12.43,11.58,12.26,4870,0
PJT,1/30/2018 9:35:00 AM,12.26,12.35,12.18,12.18,1780,0
PJT,1/31/2018 9:15:00 AM,12.35,12.35,11.66,12.01,4710,0
PJT,2/1/2018 9:15:00 AM,11.19,12.26,11.19,12.18,8600,0
PJT,2/2/2018 9:15:00 AM,12.43,12.43,11.41,11.41,830,0
PJT,2/5/2018 9:15:00 AM,11.41,12.18,11.15,11.15,8680,0
PJT,2/6/2018 9:15:00 AM,11.15,11.92,10.72,11.75,1530,0
PJT,2/7/2018 2:45:00 PM,11.23,11.23,11.23,11.23,700,0
PJT,2/8/2018 9:15:00 AM,11.96,11.96,11.32,11.32,5210,0
PJT,2/9/2018 9:15:00 AM,12.01,12.01,11.83,11.83,430,0
PJT,2/12/2018 9:15:00 AM,12.01,12.01,11.32,11.83,1060,0
PJT,2/13/2018 9:15:00 AM,11.11,11.88,11.11,11.83,9570,0
PJT,2/21/2018 9:15:00 AM,11.92,11.92,11.23,11.23,110,0
PJT,2/22/2018 9:15:00 AM,11.92,11.92,11.15,11.15,110,0
PJT,2/23/2018 9:25:00 AM,11.32,11.32,11.07,11.07,4310,0
PJT,2/26/2018 9:15:00 AM,11.07,11.07,10.54,10.54,220,0
PJT,2/27/2018 9:40:00 AM,10.63,10.89,10.29,10.63,13270,0
PJT,2/28/2018 9:15:00 AM,10.89,11.07,10.54,10.63,2350,0
PJT,3/1/2018 9:30:00 AM,10.63,10.89,10.63,10.63,510,0
PJT,3/2/2018 9:35:00 AM,10.63,10.63,10.54,10.54,4300,0
PJT,3/5/2018 9:15:00 AM,10.89,10.89,10.47,10.59,3320,0
PJT,3/6/2018 9:20:00 AM,10.81,10.81,9.87,10.03,10770,0
PJT,3/7/2018 9:15:00 AM,10.29,10.54,10.03,10.29,2210,0
PJT,3/8/2018 9:15:00 AM,10.29,10.93,10.29,10.38,1150,0
PJT,3/9/2018 9:15:00 AM,10.98,10.98,10.38,10.51,1010,0
PJT,3/12/2018 9:30:00 AM,10.51,10.72,10.51,10.51,650,0
PJT,3/13/2018 9:15:00 AM,11.11,11.11,9.94,10.51,470,0
PJT,3/14/2018 9:15:00 AM,11.07,11.07,10.51,10.54,1000,0
PJT,3/15/2018 9:25:00 AM,11.07,11.11,10.59,10.63,1230,0
PJT,3/16/2018 9:15:00 AM,11.07,11.28,11.07,11.23,3020,0
PJT,3/19/2018 9:15:00 AM,11.32,11.83,10.81,10.81,1800,0
PJT,3/20/2018 9:30:00 AM,10.81,11.07,10.29,10.54,1720,0
PJT,3/21/2018 9:15:00 AM,10.54,11.11,10.54,10.63,390,0
PJT,3/22/2018 9:45:00 AM,10.63,10.81,10.17,10.17,950,0
PJT,3/23/2018 9:25:00 AM,10.29,10.81,10.29,10.81,760,0
PJT,3/26/2018 9:15:00 AM,11.11,11.23,10.42,10.42,240,0
PJT,3/27/2018 1:15:00 PM,10.81,11.15,10.81,11.15,6800,0
PJT,3/28/2018 9:15:00 AM,11.49,11.49,11.49,11.49,560,0
PJT,3/29/2018 10:25:00 AM,11.41,11.49,11.41,11.49,2050,0
PJT,3/30/2018 9:15:00 AM,11.58,11.58,11.58,11.58,350,0
PJT,4/2/2018 9:15:00 AM,11.58,12.1,10.98,10.98,110,0
PJT,4/3/2018 9:15:00 AM,11.41,11.66,11.23,11.49,340,0
PJT,4/4/2018 9:15:00 AM,12.01,12.01,12.01,12.01,10,0
PJT,4/5/2018 9:40:00 AM,11.19,11.83,11.19,11.19,290,0
PJT,4/6/2018 10:05:00 AM,11.32,11.58,11.28,11.28,130,0
PJT,4/9/2018 9:10:00 AM,11.83,11.83,11.32,11.32,470,0
PJT,4/10/2018 9:15:00 AM,10.54,11.83,10.54,11.58,1510,0
PJT,4/11/2018 9:50:00 AM,11.49,11.58,11.19,11.19,6390,0
PJT,4/12/2018 9:30:00 AM,11.41,11.49,11.28,11.45,2460,0
PJT,4/13/2018 10:20:00 AM,11.19,11.83,11.15,11.83,2410,0
PJT,4/16/2018 9:15:00 AM,11.83,11.83,11.49,11.83,1750,0
PJT,4/17/2018 9:15:00 AM,11.83,11.92,11.66,11.66,160,0
PJT,4/18/2018 9:15:00 AM,11.66,11.83,11.66,11.66,1020,0
PJT,4/19/2018 1:10:00 PM,11.58,11.83,11.15,11.15,1370,0
PJT,4/20/2018 9:15:00 AM,11.15,11.83,11.15,11.83,290,0
PJT,4/23/2018 9:15:00 AM,11.83,12.43,11.83,12.4,2470,0
PJT,4/26/2018 9:15:00 AM,12.18,12.35,11.53,12.01,4360,0
PJT,4/27/2018 9:20:00 AM,11.53,12.01,11.53,11.58,4120,0
PJT,5/2/2018 9:15:00 AM,12.01,12.01,11.15,11.83,360,0
PJT,5/3/2018 9:15:00 AM,11.92,11.92,11.15,11.15,2690,0
PJT,5/4/2018 9:40:00 AM,11.83,11.83,11.15,11.75,490,0
PJT,5/7/2018 9:30:00 AM,11.92,11.92,11.32,11.92,30,0
PJT,5/8/2018 9:15:00 AM,11.92,11.92,11.92,11.92,1220,0
PJT,5/9/2018 9:15:00 AM,12.01,12.01,11.15,11.15,990,0
PJT,5/10/2018 9:15:00 AM,11.83,11.83,11.15,11.83,1210,0
PJT,5/11/2018 10:45:00 AM,11.66,11.66,11.19,11.66,520,0
PJT,5/14/2018 9:15:00 AM,11.83,12.01,11.62,11.62,2800,0
PJT,5/15/2018 9:15:00 AM,12.1,12.1,11.62,11.83,2010,0
PJT,5/16/2018 9:15:00 AM,11.92,11.92,11.92,11.92,1430,0
PJT,5/17/2018 9:15:00 AM,12.01,12.01,12.01,12.01,210,0
PJT,5/18/2018 2:45:00 PM,12.01,12.01,12.01,12.01,50,0
PJT,5/21/2018 10:50:00 AM,11.92,11.92,11.92,11.92,260,0
PJT,5/22/2018 9:10:00 AM,11.62,12.01,11.45,11.45,1130,0
PJT,5/23/2018 9:40:00 AM,11.92,11.92,11.83,11.83,680,0
PJT,5/24/2018 9:15:00 AM,11.92,11.92,11.92,11.92,2130,0
PJT,5/25/2018 9:15:00 AM,12.6,12.6,11.53,12.02,2540,0
PJT,5/28/2018 10:20:00 AM,12.02,12.02,12.02,12.02,230,0
PJT,5/29/2018 9:15:00 AM,12.5,12.5,12.5,12.5,210,0
PJT,5/30/2018 9:15:00 AM,12.41,12.5,11.63,11.63,3000,0
PJT,5/31/2018 9:15:00 AM,11.44,11.63,10.85,11.24,5450,0
PJT,6/1/2018 9:15:00 AM,12.02,12.02,11.63,11.63,40,0
PJT,6/4/2018 9:15:00 AM,11.97,11.97,10.95,11.87,490,0
PJT,6/5/2018 9:15:00 AM,12.5,12.5,11.63,11.92,1090,0
PJT,6/6/2018 11:05:00 AM,11.82,12.11,11.82,12.11,1010,0
PJT,6/7/2018 1:15:00 PM,12.02,12.02,12.02,12.02,10,0
PJT,6/8/2018 2:45:00 PM,11.44,11.44,11.44,11.44,260,0
PJT,6/11/2018 9:15:00 AM,11.92,11.92,11.53,11.53,1570,0
PJT,6/12/2018 9:15:00 AM,11.92,11.92,11.92,11.92,10,0
PJT,6/14/2018 9:15:00 AM,11.63,11.92,11.63,11.92,1040,0
PJT,6/15/2018 9:35:00 AM,11.92,11.92,11.92,11.92,6020,0
PJT,6/18/2018 1:05:00 PM,11.92,11.92,11.34,11.34,210,0
PJT,6/19/2018 9:15:00 AM,11.92,11.92,10.85,10.85,1190,0
PJT,6/20/2018 9:25:00 AM,11.53,11.53,11.53,11.53,120,0
PJT,6/21/2018 9:15:00 AM,10.9,10.9,10.9,10.9,250,0
PJT,6/25/2018 9:15:00 AM,11.92,11.92,11.82,11.82,410,0
PJT,6/26/2018 9:15:00 AM,11.63,11.82,11.63,11.82,110,0
PJT,6/27/2018 10:30:00 AM,11.78,11.78,11.44,11.44,20,0
PJT,6/29/2018 2:05:00 PM,11.44,11.92,10.95,11.92,2100,0
PJT,7/2/2018 11:20:00 AM,11.63,11.63,11.63,11.63,340,0
PJT,7/3/2018 1:20:00 PM,11.19,11.19,10.85,10.85,4870,0
PJT,7/4/2018 9:20:00 AM,10.76,10.85,10.56,10.56,13220,0
PJT,7/5/2018 9:20:00 AM,10.95,10.95,10.95,10.95,140,0
PJT,7/6/2018 9:15:00 AM,11.53,11.53,11.15,11.15,3210,0
PJT,7/9/2018 11:00:00 AM,10.66,10.85,10.42,10.42,3820,0
PJT,7/10/2018 9:15:00 AM,10.47,10.66,10.47,10.47,1200,0
PJT,7/11/2018 9:15:00 AM,10.76,10.76,10.32,10.32,210,0
PJT,7/12/2018 9:25:00 AM,10.66,10.66,10.47,10.47,230,0
PJT,7/13/2018 9:15:00 AM,10.66,10.76,10.66,10.66,1670,0
PJT,7/16/2018 11:05:00 AM,10.66,10.66,10.47,10.52,2130,0
PJT,7/17/2018 9:15:00 AM,10.37,10.52,10.37,10.47,8790,0
PJT,7/18/2018 10:40:00 AM,10.47,10.52,10.47,10.47,3820,0
PJT,7/19/2018 9:35:00 AM,10.47,10.66,10.47,10.52,2320,0
PJT,7/20/2018 11:10:00 AM,10.52,10.66,10.27,10.66,2230,0
PJT,7/23/2018 10:50:00 AM,10.66,10.66,10.52,10.52,1680,0
PJT,7/24/2018 9:15:00 AM,10.66,10.66,10.66,10.66,60,0
PJT,7/25/2018 2:35:00 PM,10.66,10.66,10.47,10.47,1700,0
PJT,7/26/2018 10:55:00 AM,10.66,10.66,10.47,10.47,2750,0
PJT,7/27/2018 1:50:00 PM,10.47,10.66,10.37,10.37,700,0
PJT,7/30/2018 9:20:00 AM,10.66,10.95,10.47,10.95,8290,0
PJT,7/31/2018 9:20:00 AM,11.05,11.05,10.66,10.85,1190,0
PJT,8/1/2018 9:20:00 AM,10.95,10.95,10.52,10.85,210,0
PJT,8/2/2018 9:15:00 AM,10.85,10.85,10.85,10.85,110,0
PJT,8/3/2018 9:15:00 AM,10.95,11.58,10.85,11.58,7570,0
PJT,8/6/2018 9:15:00 AM,12.21,12.21,11.73,11.92,230,0
PJT,8/8/2018 1:50:00 PM,11.34,11.63,11.34,11.63,140,0
PJT,8/9/2018 2:20:00 PM,11.82,11.82,11.82,11.82,110,0
PJT,8/10/2018 9:15:00 AM,12.21,12.21,11.73,11.73,260,0
PJT,8/13/2018 9:15:00 AM,11.92,11.92,11.92,11.92,10,0
PJT,8/14/2018 9:45:00 AM,11.92,11.92,11.92,11.92,220,0
PJT,8/15/2018 1:05:00 PM,11.87,11.87,11.87,11.87,2010,0
PJT,8/20/2018 11:10:00 AM,11.68,11.68,11.53,11.68,1230,0
PJT,8/22/2018 9:55:00 AM,11.19,11.63,11.19,11.63,110,0
PJT,8/27/2018 9:20:00 AM,10.85,11.63,10.85,11.63,150,0
PJT,8/28/2018 1:10:00 PM,11.82,11.82,11.82,11.82,30,0
PJT,8/31/2018 10:20:00 AM,12.65,12.65,11.63,11.78,270,0
PJT,9/4/2018 10:50:00 AM,11.73,11.73,11.73,11.73,100,0
PJT,9/5/2018 1:40:00 PM,12.02,12.02,12.02,12.02,40,0
PJT,9/6/2018 10:00:00 AM,12.74,12.74,11.44,11.44,1380,0
PJT,9/7/2018 11:25:00 AM,11.82,11.82,11.82,11.82,40,0
PJT,9/10/2018 2:45:00 PM,11.82,11.82,11.82,11.82,150,0
PJT,9/11/2018 2:20:00 PM,11.63,11.63,11.34,11.34,740,0
PJT,9/12/2018 9:15:00 AM,12.11,12.11,12.11,12.11,20,0
PJT,9/13/2018 9:15:00 AM,12.11,12.11,12.11,12.11,10,0
PJT,9/14/2018 10:20:00 AM,12.41,12.41,12.41,12.41,30,0
PJT,9/17/2018 9:15:00 AM,13.18,13.18,11.63,11.63,20,0
PJT,9/18/2018 9:15:00 AM,12.36,12.36,12.36,12.36,10,0
PJT,9/20/2018 9:15:00 AM,13.08,13.08,13.08,13.08,20,0
PJT,9/21/2018 9:10:00 AM,13.08,13.08,12.21,12.41,750,0
PJT,9/24/2018 9:10:00 AM,12.41,12.55,11.63,11.63,710,0
PJT,9/25/2018 9:15:00 AM,11.73,12.36,11.73,12.36,2220,0
PJT,9/26/2018 1:45:00 PM,11.63,11.63,11.58,11.58,500,0
PJT,9/27/2018 10:25:00 AM,11.34,12.16,11.34,12.07,3800,0
PJT,9/28/2018 9:15:00 AM,12.84,12.84,11.63,12.02,50,0
PJT,10/1/2018 9:10:00 AM,12.6,12.6,11.39,12.02,1610,0
PJT,10/5/2018 9:10:00 AM,12.31,12.31,11.63,11.92,330,0
PJT,10/8/2018 9:10:00 AM,12.02,12.02,11.53,11.97,820,0
PJT,10/9/2018 9:10:00 AM,12.21,12.21,12.21,12.21,10,0
PJT,10/10/2018 9:15:00 AM,12.6,12.6,12.31,12.5,3170,0
PJT,10/12/2018 9:10:00 AM,13.37,13.37,11.63,12.99,140,0
PJT,10/15/2018 9:10:00 AM,12.99,13.57,12.11,13.57,1980,0
PJT,10/16/2018 10:35:00 AM,13.08,13.08,13.08,13.08,2010,0
PJT,10/17/2018 1:10:00 PM,12.21,12.79,12.21,12.79,1320,0
PJT,10/18/2018 2:00:00 PM,11.97,11.97,11.97,11.97,10,0
PJT,10/19/2018 9:20:00 AM,13.57,13.57,13.08,13.08,26170,0
PJT,10/22/2018 9:10:00 AM,13.57,13.57,13.08,13.08,720,0
PJT,10/23/2018 9:15:00 AM,13.42,13.42,12.21,12.89,640,0
PJT,10/24/2018 11:25:00 AM,13.08,13.08,13.08,13.08,80,0
PJT,10/25/2018 9:10:00 AM,13.08,13.08,12.21,12.21,60,0
PJT,10/26/2018 9:15:00 AM,12.6,12.6,12.11,12.11,2030,0
PJT,10/29/2018 9:50:00 AM,12.94,12.94,11.63,11.63,2210,0
PJT,10/31/2018 9:35:00 AM,11.05,12.21,10.85,11.05,24980,0
PJT,11/1/2018 9:10:00 AM,12.5,12.5,12.5,12.5,10,0
PJT,11/2/2018 10:35:00 AM,12.31,12.31,12.31,12.31,300,0
PJT,11/5/2018 10:20:00 AM,11.63,12.11,11.63,12.11,30,0
PJT,11/6/2018 9:25:00 AM,12.02,12.02,12.02,12.02,10,0
PJT,11/7/2018 9:10:00 AM,12.41,12.41,11.44,11.44,20,0
PJT,11/8/2018 9:10:00 AM,12.7,12.7,11.44,11.73,100,0
PJT,11/9/2018 9:10:00 AM,11.73,12.5,11.15,12.41,270,0
PJT,11/12/2018 9:15:00 AM,12.41,12.41,12.41,12.41,70,0
PJT,11/13/2018 9:10:00 AM,13.18,13.18,12.16,12.16,400,0
PJT,11/14/2018 9:10:00 AM,12.6,12.6,11.34,11.34,4130,0
PJT,11/15/2018 9:20:00 AM,10.85,11.73,10.56,10.56,2510,0
PJT,11/16/2018 9:45:00 AM,12.41,12.41,11.05,12.26,420,0
PJT,11/19/2018 9:25:00 AM,12.5,12.5,11.44,12.16,40,0
PJT,11/20/2018 9:10:00 AM,11.39,11.44,11.39,11.44,6450,0
PJT,11/21/2018 9:10:00 AM,11.44,11.87,11.15,11.87,100,0
PJT,11/22/2018 9:45:00 AM,11.44,11.53,11.44,11.53,1090,0
PJT,11/26/2018 9:10:00 AM,12.26,12.26,11.15,11.97,1010,0
PJT,11/27/2018 9:30:00 AM,12.07,12.07,12.07,12.07,10,0
PJT,11/28/2018 9:40:00 AM,11.34,12.11,11.24,11.24,1010,0
PJT,11/29/2018 9:50:00 AM,12.21,12.21,12.21,12.21,50,0
PJT,11/30/2018 9:35:00 AM,11.39,11.58,11.39,11.39,5600,0
PJT,12/3/2018 9:15:00 AM,12.11,12.11,10.9,11.44,30,0
PJT,12/4/2018 9:35:00 AM,12.11,12.11,11.05,11.53,80,0
PJT,12/5/2018 9:10:00 AM,12.07,12.07,11.19,11.63,280,0
PJT,12/6/2018 1:05:00 PM,11.82,11.82,11.48,11.82,40,0
PJT,12/7/2018 9:10:00 AM,12.11,12.11,11.53,11.53,1520,0
PJT,12/10/2018 9:55:00 AM,12.02,12.02,12.02,12.02,10,0
PJT,12/12/2018 9:10:00 AM,12.11,12.11,12.11,12.11,30,0
PJT,12/13/2018 9:30:00 AM,11.34,12.11,11.34,12.11,1330,0
PJT,12/14/2018 10:45:00 AM,11.34,11.82,11.34,11.82,310,0
PJT,12/17/2018 9:10:00 AM,12.21,12.21,12.21,12.21,10,0
PJT,12/18/2018 10:00:00 AM,11.44,11.44,11.44,11.44,320,0
PJT,12/19/2018 9:15:00 AM,12.21,12.21,12.21,12.21,10,0
PJT,12/24/2018 10:55:00 AM,11.44,11.44,11.44,11.44,1540,0
PJT,12/25/2018 9:10:00 AM,12.11,12.11,11.34,11.53,8290,0
PJT,12/28/2018 9:10:00 AM,11.24,11.63,11.24,11.24,11720,0
PJT,1/2/2019 9:10:00 AM,11.97,11.97,11.24,11.24,780,0
PJT,1/3/2019 1:55:00 PM,11.44,11.44,11.44,11.44,90,0
PJT,1/10/2019 9:20:00 AM,11.34,11.97,11.34,11.97,210,0
PJT,1/11/2019 9:10:00 AM,11.63,11.63,11.63,11.63,10,0
PJT,1/14/2019 9:20:00 AM,11.92,11.92,11.19,11.19,70,0
PJT,1/15/2019 9:10:00 AM,11.97,11.97,11.97,11.97,10,0
PJT,1/17/2019 10:40:00 AM,11.15,11.92,11.15,11.92,2310,0
PJT,1/18/2019 9:15:00 AM,11.24,11.97,11.24,11.34,130,0
PJT,1/21/2019 9:15:00 AM,11.97,11.97,11.15,11.97,590,0
PJT,1/23/2019 9:45:00 AM,11.92,11.92,11.92,11.92,2000,0
PJT,1/24/2019 10:25:00 AM,11.92,11.92,11.92,11.92,2000,0
PJT,1/30/2019 1:30:00 PM,11.63,11.63,11.63,11.63,110,0
PJT,1/31/2019 9:10:00 AM,11.97,11.97,11.97,11.97,10,0
PJT,2/1/2019 9:20:00 AM,12.21,12.21,12.21,12.21,10,0
PJT,2/11/2019 9:10:00 AM,12.07,12.07,12.07,12.07,5000,0
PJT,2/14/2019 10:55:00 AM,11.97,12.02,11.82,11.82,5290,0
PJT,2/15/2019 11:10:00 AM,11.92,11.92,11.63,11.63,3030,0
PJT,2/18/2019 9:10:00 AM,12.02,12.21,12.02,12.21,630,0
PJT,2/19/2019 9:10:00 AM,12.02,12.02,12.02,12.02,160,0
PJT,2/20/2019 9:10:00 AM,13.08,13.62,12.21,12.41,320,0
PJT,2/21/2019 9:10:00 AM,12.5,12.5,11.63,11.63,2370,0
PJT,2/22/2019 1:00:00 PM,11.63,12.41,11.63,12.41,3920,0
PJT,2/25/2019 9:10:00 AM,13.23,13.23,11.73,12.7,130,0
PJT,2/26/2019 9:10:00 AM,13.08,13.08,11.82,11.82,1030,0
PJT,2/27/2019 9:45:00 AM,12.5,12.5,12.5,12.5,2000,0
PJT,2/28/2019 10:35:00 AM,13.08,13.08,11.73,11.73,1800,0
PJT,3/1/2019 10:25:00 AM,12.7,13.08,12.07,12.07,340,0
PJT,3/4/2019 9:10:00 AM,12.89,12.89,12.89,12.89,20,0
PJT,3/5/2019 9:20:00 AM,13.47,13.47,13.47,13.47,220,0
PJT,3/6/2019 11:00:00 AM,12.55,12.55,12.55,12.55,150,0
PJT,3/7/2019 9:30:00 AM,12.31,12.31,12.31,12.31,10,0
PJT,3/8/2019 1:15:00 PM,12.31,12.6,12.31,12.6,100,0
PJT,3/11/2019 9:20:00 AM,13.08,13.08,12.31,12.45,600,0
PJT,3/12/2019 9:10:00 AM,12.31,12.41,11.73,11.82,1490,0
PJT,3/13/2019 9:15:00 AM,12.6,12.6,12.6,12.6,60,0
PJT,3/14/2019 9:10:00 AM,12.11,12.6,11.73,12.6,4530,0
PJT,3/15/2019 9:10:00 AM,13.08,13.08,12.11,12.11,130,0
PJT,3/18/2019 9:20:00 AM,12.11,12.11,12.11,12.11,3660,0
PJT,3/19/2019 9:10:00 AM,13.08,13.08,13.08,13.08,30,0
PJT,3/20/2019 9:10:00 AM,12.6,12.6,12.21,12.6,30,0
PJT,3/21/2019 9:10:00 AM,13.08,13.08,12.41,12.99,580,0
PJT,3/22/2019 1:35:00 PM,12.21,12.21,12.21,12.21,1210,0
PJT,3/25/2019 9:30:00 AM,12.99,12.99,12.41,12.6,790,0
PJT,3/26/2019 10:20:00 AM,12.6,12.6,12.11,12.55,820,0
PJT,3/27/2019 10:30:00 AM,12.31,12.5,12.31,12.5,150,0
PJT,3/28/2019 9:15:00 AM,12.6,12.6,12.21,12.21,260,0
PJT,3/29/2019 9:20:00 AM,12.6,12.6,12.41,12.6,1390,0
PJT,4/1/2019 9:10:00 AM,12.74,12.74,12.74,12.74,60,0
PJT,4/2/2019 9:10:00 AM,12.6,12.6,11.82,12.55,2270,0
PJT,4/3/2019 11:20:00 AM,11.82,12.45,11.82,12.45,80,0
PJT,4/4/2019 10:05:00 AM,12.41,12.5,12.41,12.5,5070,0
PJT,4/5/2019 9:10:00 AM,12.41,12.5,12.26,12.5,1880,0
PJT,4/8/2019 1:40:00 PM,12.5,12.5,12.45,12.45,3500,0
PJT,4/9/2019 10:30:00 AM,12.5,12.6,12.5,12.6,410,0
PJT,4/10/2019 9:10:00 AM,12.45,12.6,12.45,12.6,6060,0
PJT,4/11/2019 9:15:00 AM,12.5,12.6,12.5,12.6,6910,0
PJT,4/12/2019 10:05:00 AM,12.6,12.89,12.31,12.79,3220,0
PJT,4/16/2019 9:25:00 AM,12.6,13.08,12.6,13.08,2500,0
PJT,4/17/2019 9:10:00 AM,13.08,13.08,12.99,12.99,1300,0
PJT,4/18/2019 9:55:00 AM,12.7,12.84,12.7,12.84,9410,0
PJT,4/19/2019 9:25:00 AM,12.41,12.99,12.41,12.99,20,0
PJT,4/22/2019 9:10:00 AM,12.99,12.99,12.36,12.41,810,0
PJT,4/23/2019 9:10:00 AM,12.89,12.89,12.41,12.89,90,0
PJT,4/24/2019 9:15:00 AM,13.08,13.08,13.08,13.08,10,0
PJT,4/25/2019 9:10:00 AM,13.37,13.91,13.08,13.08,630,0
PJT,5/3/2019 10:15:00 AM,13.08,13.37,12.99,13.08,4760,0
PJT,5/6/2019 9:10:00 AM,13.08,13.08,12.89,13.04,70,0
PJT,5/7/2019 9:35:00 AM,13.08,13.08,12.74,12.74,11150,0
PJT,5/8/2019 9:10:00 AM,13.08,13.08,12.7,12.89,1590,0
PJT,5/9/2019 9:10:00 AM,13.08,13.08,13.08,13.08,10,0
PJT,5/13/2019 2:40:00 PM,13.04,13.04,13.04,13.04,100,0
PJT,5/14/2019 1:05:00 PM,12.6,12.6,12.6,12.6,3670,0
PJT,5/15/2019 9:10:00 AM,12.7,12.74,12.6,12.6,20410,0
PJT,5/16/2019 9:10:00 AM,13.04,13.04,12.6,12.6,3070,0
PJT,5/17/2019 9:10:00 AM,12.6,12.7,12.6,12.6,5780,0
PJT,5/20/2019 9:10:00 AM,11.63,11.63,11.63,11.63,15100,0
PJT,5/22/2019 1:20:00 PM,11.63,11.63,11.63,11.63,3130,0
PJT,5/23/2019 9:10:00 AM,11.82,11.82,10.95,11.82,880,0
PJT,5/27/2019 9:20:00 AM,11.63,11.63,11.63,11.63,10,0
PJT,5/28/2019 2:40:00 PM,11.19,11.19,11.19,11.19,700,0
PJT,5/29/2019 9:35:00 AM,11.63,11.63,11.63,11.63,10,0
PJT,5/31/2019 9:10:00 AM,12.11,12.11,11.63,11.63,6890,0
PJT,6/3/2019 2:40:00 PM,11.63,11.63,11.63,11.63,20,0
PJT,6/4/2019 11:20:00 AM,11.24,11.63,11.24,11.63,1400,0
PJT,6/5/2019 9:10:00 AM,11.63,11.63,11.63,11.63,490,0
PJT,6/6/2019 9:35:00 AM,11.53,12.02,11.53,11.53,3070,0
PJT,6/10/2019 9:10:00 AM,12.02,12.02,12.02,12.02,10,0
PJT,6/11/2019 1:20:00 PM,11.44,12.5,11.44,12.5,1870,0
PJT,6/13/2019 9:10:00 AM,12.5,12.5,12.5,12.5,20,0
PJT,6/14/2019 9:25:00 AM,11.63,12.36,11.63,11.73,11560,0
PJT,6/17/2019 10:55:00 AM,11.73,11.73,11.63,11.63,80,0
PJT,6/18/2019 9:10:00 AM,11.92,12.36,11.92,12.36,20,0
PJT,6/19/2019 9:10:00 AM,12.5,12.5,11.53,11.53,2110,0
PJT,6/20/2019 11:00:00 AM,12.5,12.5,12.5,12.5,10,0
PJT,6/25/2019 1:50:00 PM,12.11,12.11,11.63,11.63,1370,0
PJT,6/26/2019 2:05:00 PM,12.02,12.02,12.02,12.02,20,0
PJT,7/1/2019 9:45:00 AM,11.19,11.19,11.19,11.19,610,0
PJT,7/2/2019 9:35:00 AM,11.63,12.45,11.63,12.45,1110,0
PJT,7/3/2019 9:10:00 AM,12.41,12.41,12.11,12.11,1160,0
PJT,7/5/2019 9:10:00 AM,12.89,12.89,12.89,12.89,100,0
PJT,7/8/2019 9:35:00 AM,13.28,13.28,12.02,12.89,5650,0
PJT,7/9/2019 1:35:00 PM,12.02,12.02,12.02,12.02,60,0
PJT,7/10/2019 9:10:00 AM,12.11,12.11,11.63,12.02,90,0
PJT,7/11/2019 1:20:00 PM,12.02,12.02,12.02,12.02,10,0
PJT,7/12/2019 2:05:00 PM,11.63,11.97,11.63,11.97,50,0
PJT,7/15/2019 9:15:00 AM,11.87,11.87,11.87,11.87,20,0
PJT,7/16/2019 10:05:00 AM,11.63,11.82,11.63,11.82,450,0
PJT,7/19/2019 9:35:00 AM,11.63,11.63,11.53,11.63,1130,0
PJT,7/22/2019 2:45:00 PM,12.36,12.36,12.36,12.36,10,0
PJT,7/23/2019 10:25:00 AM,11.63,12.02,11.63,12.02,1080,0
PJT,7/25/2019 9:30:00 AM,11.53,11.53,11.19,11.53,730,0
PJT,7/26/2019 9:35:00 AM,11.15,11.48,11.15,11.48,120,0
PJT,7/29/2019 1:35:00 PM,11.44,11.44,11.44,11.44,20,0
PJT,7/30/2019 10:00:00 AM,11.44,11.44,11.44,11.44,400,0
PJT,7/31/2019 9:40:00 AM,11.44,11.63,11.44,11.63,530,0
PJT,8/1/2019 1:00:00 PM,11.53,11.63,11.53,11.63,510,0
PJT,8/2/2019 9:40:00 AM,11.44,11.53,11.44,11.53,6660,0
PJT,8/5/2019 9:15:00 AM,11.58,11.58,11.58,11.58,10,0
PJT,8/6/2019 1:30:00 PM,11.15,11.15,11.15,11.15,20,0
PJT,8/7/2019 9:15:00 AM,11.53,11.53,10.76,11.53,1430,0
PJT,8/9/2019 9:30:00 AM,12.02,12.02,11.53,11.53,140,0
PJT,8/12/2019 9:15:00 AM,10.9,11.58,10.9,11.58,1040,0
PJT,8/13/2019 9:15:00 AM,10.9,11.58,10.9,11.58,830,0
PJT,8/14/2019 9:20:00 AM,12.11,12.11,12.11,12.11,10,0
PJT,8/15/2019 9:15:00 AM,12.65,12.65,12.65,12.65,40,0
PJT,8/16/2019 9:15:00 AM,12.65,12.65,12.65,12.65,10,0
PJT,8/20/2019 1:00:00 PM,12.11,12.6,12.11,12.6,30,0
PJT,8/21/2019 2:45:00 PM,11.73,11.73,11.73,11.73,10,0
PJT,8/22/2019 9:15:00 AM,12.41,12.41,10.95,11.63,2440,0
PJT,8/23/2019 9:15:00 AM,11.63,11.63,11.63,11.63,10,0
PJT,8/26/2019 9:15:00 AM,10.18,10.85,10.18,10.66,1120,0
PJT,8/27/2019 11:00:00 AM,10.66,11.15,10.66,11.15,1330,0
PJT,8/29/2019 9:15:00 AM,11.92,11.92,11.15,11.48,1130,0
PJT,8/30/2019 1:10:00 PM,11.48,11.48,11.48,11.48,60,0
PJT,9/3/2019 9:15:00 AM,12.11,12.11,11.53,11.53,210,0
PJT,9/4/2019 2:15:00 PM,10.95,10.95,10.95,10.95,50,0
PJT,9/5/2019 9:15:00 AM,11.82,11.82,10.37,10.37,2600,0
PJT,9/6/2019 9:45:00 AM,10.9,11.53,10.9,11.53,110,0
PJT,9/9/2019 9:15:00 AM,11.82,11.82,11.82,11.82,20,0
PJT,9/10/2019 9:25:00 AM,11,11.15,11,11.15,1040,0
PJT,9/12/2019 9:15:00 AM,11.53,11.53,11.53,11.53,10,0
PJT,9/13/2019 9:15:00 AM,12.31,12.31,11.15,11.15,310,0
PJT,9/16/2019 9:35:00 AM,10.66,11.05,10.47,11.05,1010,0
PJT,9/17/2019 9:15:00 AM,11.34,11.34,10.66,10.66,610,0
PJT,9/18/2019 11:20:00 AM,10.66,11.15,10.66,11.15,20,0
PJT,9/19/2019 9:35:00 AM,10.37,11.05,10.37,11.05,30,0
PJT,9/23/2019 2:45:00 PM,11.05,11.05,11.05,11.05,20,0
PJT,9/24/2019 11:15:00 AM,10.85,11.44,10.85,11.44,1700,0
PJT,9/25/2019 2:25:00 PM,12.21,12.21,12.21,12.21,120,0
PJT,9/27/2019 9:15:00 AM,12.16,12.16,11.53,11.53,80,0
PJT,9/30/2019 2:45:00 PM,11.53,11.53,11.53,11.53,20,0
PJT,10/1/2019 10:10:00 AM,11.53,11.53,11.53,11.53,650,0
PJT,10/2/2019 9:55:00 AM,10.85,10.85,10.85,10.85,8300,0
PJT,10/3/2019 9:15:00 AM,11.15,11.15,10.95,10.95,710,0
PJT,10/4/2019 9:40:00 AM,10.66,10.66,10.66,10.66,100,0
PJT,10/7/2019 9:15:00 AM,11.68,11.68,10.66,11.44,570,0
PJT,10/10/2019 9:15:00 AM,12.11,12.11,11.15,11.15,940,0
PJT,10/11/2019 1:45:00 PM,11.05,11.05,11.05,11.05,40,0
PJT,10/14/2019 9:15:00 AM,11.15,11.15,11.15,11.15,10,0
PJT,10/16/2019 9:20:00 AM,11.78,11.78,11.78,11.78,10,0
PJT,10/17/2019 9:15:00 AM,11.73,11.73,10.56,11.63,140,0
PJT,10/18/2019 2:45:00 PM,11.63,11.63,11.63,11.63,30,0
PJT,10/22/2019 9:30:00 AM,11.05,11.05,11.05,11.05,300,0
PJT,10/23/2019 10:45:00 AM,11.63,11.63,11.63,11.63,10,0
PJT,10/24/2019 9:15:00 AM,11.63,11.63,11.63,11.63,10,0
PJT,10/28/2019 11:10:00 AM,10.85,10.85,10.85,10.85,7920,0
PJT,10/29/2019 9:30:00 AM,11.1,11.1,11.1,11.1,10,0
PJT,10/31/2019 9:35:00 AM,11.63,11.63,11.53,11.53,50,0
PJT,11/1/2019 1:20:00 PM,11.15,11.15,11.15,11.15,10,0
PJT,11/7/2019 1:45:00 PM,10.37,10.37,10.37,10.37,200,0
PJT,11/8/2019 11:15:00 AM,10.42,10.85,10.42,10.85,160,0
PJT,11/11/2019 10:00:00 AM,11.15,11.15,11.15,11.15,10,0
PJT,11/12/2019 9:40:00 AM,10.95,10.95,10.95,10.95,40,0
PJT,11/13/2019 11:10:00 AM,10.66,10.66,10.66,10.66,60,0
PJT,11/14/2019 10:05:00 AM,10.18,10.66,10.18,10.66,910,0
PJT,11/15/2019 9:55:00 AM,9.98,10.76,9.98,10.76,1020,0
PJT,11/19/2019 1:40:00 PM,10.66,10.66,10.66,10.66,10,0
PJT,11/20/2019 9:40:00 AM,9.93,10.95,9.93,10.95,1000,0
PJT,11/22/2019 2:05:00 PM,10.13,10.85,10.13,10.85,13100,0
PJT,11/25/2019 11:25:00 AM,10.85,10.85,10.85,10.85,10,0
PJT,11/27/2019 9:15:00 AM,10.85,11.1,10.85,11.1,50,0
PJT,11/28/2019 9:15:00 AM,10.32,10.66,10.32,10.66,960,0
PJT,11/29/2019 9:40:00 AM,10.27,10.85,10.27,10.85,2040,0
PJT,12/2/2019 1:25:00 PM,10.85,10.85,10.85,10.85,190,0
PJT,12/3/2019 10:10:00 AM,10.9,10.9,10.9,10.9,10,0
PJT,12/4/2019 1:50:00 PM,10.08,10.85,10.03,10.85,350,0
PJT,12/5/2019 9:20:00 AM,11.05,11.05,11.05,11.05,10,0
PJT,12/11/2019 10:00:00 AM,10.95,10.95,10.95,10.95,20,0
PJT,12/13/2019 11:15:00 AM,10.27,10.95,10.27,10.95,500,0
PJT,12/16/2019 9:40:00 AM,10.22,10.95,10.22,10.85,130,0
PJT,12/17/2019 9:15:00 AM,10.95,10.95,10.47,10.85,30,0
PJT,12/19/2019 9:30:00 AM,11.05,11.05,11.05,11.05,10,0
PJT,12/25/2019 9:25:00 AM,10.95,10.95,10.95,10.95,20,0
PJT,12/26/2019 10:35:00 AM,10.22,11.05,10.22,11.05,20,0
PJT,12/30/2019 2:45:00 PM,10.66,10.66,10.66,10.66,180,0
PJT,12/31/2019 9:15:00 AM,10.66,10.95,10.66,10.95,410,0
PJT,1/2/2020 2:45:00 PM,10.32,10.32,10.32,10.32,11040,0
PJT,1/3/2020 9:15:00 AM,11,11,10.76,10.76,110,0
PJT,1/6/2020 9:15:00 AM,11.05,11.05,10.27,10.27,290,0
PJT,1/7/2020 9:15:00 AM,11.63,11.63,11.63,11.63,30,0
PJT,1/8/2020 9:15:00 AM,10.85,11.53,10.85,10.85,3620,0
PJT,1/9/2020 9:45:00 AM,10.66,10.66,10.22,10.22,70,0
PJT,1/10/2020 9:15:00 AM,10.66,10.66,10.66,10.66,110,0
PJT,1/13/2020 9:25:00 AM,11.39,11.39,11.39,11.39,10,0
PJT,1/14/2020 9:45:00 AM,10.95,10.95,10.95,10.95,100,0
PJT,1/15/2020 9:15:00 AM,10.22,10.61,10.22,10.61,11460,0
PJT,1/16/2020 1:00:00 PM,10.61,11.24,10.61,11.24,70,0
PJT,1/17/2020 9:40:00 AM,10.47,12.02,10.47,12.02,1240,0
PJT,1/21/2020 9:15:00 AM,12.6,12.6,12.21,12.5,570,0
PJT,1/31/2020 9:30:00 AM,11.63,11.63,11.63,11.63,1800,0
PJT,2/4/2020 1:00:00 PM,10.85,12.31,10.85,12.31,190,0
PJT,2/5/2020 10:25:00 AM,11.48,11.48,11.48,11.48,5170,0
PJT,2/6/2020 9:15:00 AM,10.71,11.48,10.71,11.48,40,0
PJT,2/7/2020 1:05:00 PM,11.63,11.63,11.63,11.63,10,0
PJT,2/10/2020 9:25:00 AM,12.41,12.41,12.41,12.41,10,0
PJT,2/11/2020 10:05:00 AM,12.11,12.11,12.11,12.11,10,0
PJT,2/12/2020 2:15:00 PM,11.63,11.63,11.63,11.63,110,0
PJT,2/13/2020 9:15:00 AM,10.56,11.63,10.56,11.63,210,0
PJT,2/14/2020 9:50:00 AM,10.95,11.48,10.95,11.44,250,0
PJT,2/18/2020 9:15:00 AM,11.34,11.34,11.34,11.34,10,0
PJT,2/19/2020 9:15:00 AM,11.34,11.34,11.34,11.34,10,0
PJT,2/20/2020 9:15:00 AM,11.15,11.15,11.15,11.15,60,0
PJT,2/21/2020 9:40:00 AM,10.66,11.15,10.66,11.15,1870,0
PJT,2/24/2020 2:45:00 PM,11.15,11.15,11.15,11.15,10,0
PJT,2/25/2020 9:15:00 AM,10.37,11.92,10.37,11.82,15510,0
PJT,2/26/2020 1:35:00 PM,11,11,11,11,10,0
PJT,2/27/2020 9:40:00 AM,10.9,10.9,10.66,10.66,7030,0
PJT,2/28/2020 9:15:00 AM,11.15,11.15,10.81,10.81,20,0
PJT,3/2/2020 2:45:00 PM,10.27,10.27,10.27,10.27,1140,0
PJT,3/3/2020 9:15:00 AM,10.76,10.76,9.56,10.66,4120,0
PJT,3/4/2020 1:10:00 PM,10.18,10.18,10.18,10.18,2000,0
PJT,3/5/2020 9:15:00 AM,10.42,10.42,9.59,10.27,3020,0
PJT,3/6/2020 9:15:00 AM,10.42,10.42,9.56,9.69,3490,0
PJT,3/9/2020 9:55:00 AM,10.66,10.66,10.66,10.66,20,0
PJT,3/10/2020 9:55:00 AM,9.98,10.42,9.98,10.42,1520,0
PJT,3/11/2020 9:30:00 AM,10.37,10.42,10.37,10.42,110,0
PJT,3/12/2020 9:15:00 AM,10.18,10.18,9.01,10.13,3680,0
PJT,3/13/2020 9:20:00 AM,10.18,10.18,9.69,9.69,20,0
PJT,3/16/2020 9:45:00 AM,10.18,10.18,9.79,10.18,540,0
PJT,3/17/2020 9:15:00 AM,9.47,9.98,9.47,9.98,1490,0
PJT,3/18/2020 10:35:00 AM,9.3,9.98,9.3,9.3,9510,0
PJT,3/19/2020 9:15:00 AM,9.69,9.69,9.69,9.69,20,0
PJT,3/23/2020 10:20:00 AM,9.11,9.5,9.11,9.5,2110,0
PJT,3/24/2020 9:15:00 AM,9.98,9.98,9.21,9.21,1840,0
PJT,3/25/2020 9:15:00 AM,9.5,9.5,9.5,9.5,280,0
PJT,3/26/2020 10:05:00 AM,9.5,9.89,9.5,9.69,3220,0
PJT,3/27/2020 1:45:00 PM,9.5,9.69,9.5,9.69,90,0
PJT,4/3/2020 9:45:00 AM,9.21,9.21,9.01,9.11,5980,0
PJT,4/7/2020 10:25:00 AM,9.21,9.21,9.21,9.21,2000,0
PJT,4/9/2020 9:30:00 AM,8.72,9.21,8.72,9.21,1060,0
PJT,4/10/2020 9:35:00 AM,8.74,9.21,8.73,9.21,150,0
PJT,4/13/2020 9:15:00 AM,9.21,9.29,8.72,8.72,15260,0
PJT,4/14/2020 9:15:00 AM,9.84,9.84,8.82,8.92,1770,0
PJT,4/15/2020 9:20:00 AM,9.01,9.84,9.01,9.84,9120,0
PJT,4/16/2020 9:15:00 AM,9.69,9.69,9.21,9.69,150,0
PJT,4/17/2020 9:15:00 AM,9.21,9.69,9.21,9.21,340,0
PJT,4/20/2020 1:45:00 PM,9.11,9.11,9.11,9.11,20,0
PJT,4/21/2020 9:15:00 AM,9.69,9.69,9.11,9.59,530,0
PJT,4/22/2020 9:20:00 AM,8.93,9.64,8.93,9.59,2850,0
PJT,4/23/2020 9:45:00 AM,9.11,9.66,9.11,9.59,1450,0
PJT,4/24/2020 9:20:00 AM,9.22,9.22,9.22,9.22,10,0
PJT,4/27/2020 9:25:00 AM,9.66,9.66,9.66,9.66,10,0
PJT,4/28/2020 9:40:00 AM,9.26,9.26,9.26,9.26,20,0
PJT,4/29/2020 9:45:00 AM,9.3,9.3,9.21,9.21,3300,0
PJT,5/4/2020 9:30:00 AM,9.16,9.16,9.16,9.16,3000,0
PJT,5/5/2020 10:15:00 AM,9.67,9.67,9.67,9.67,10,0
PJT,5/6/2020 2:15:00 PM,9.49,9.49,9.21,9.21,5100,0
PJT,5/7/2020 10:05:00 AM,9.21,9.21,9.16,9.21,4900,0
PJT,5/8/2020 9:30:00 AM,9.21,9.55,9.21,9.55,3260,0
PJT,5/11/2020 9:15:00 AM,9.59,9.59,9.55,9.55,1300,0
PJT,5/12/2020 9:15:00 AM,9.69,9.69,9.31,9.31,5310,0
PJT,5/13/2020 1:55:00 PM,9.69,9.69,9.51,9.69,1020,0
PJT,5/14/2020 9:30:00 AM,9.5,9.5,9.5,9.5,30,0
PJT,5/15/2020 9:15:00 AM,9.51,9.51,9.51,9.51,40,0
PJT,5/18/2020 9:55:00 AM,9.69,9.69,9.69,9.69,2290,0
PJT,5/19/2020 9:20:00 AM,9.69,9.98,9.56,9.98,3300,0
PJT,5/20/2020 1:20:00 PM,9.79,9.89,9.79,9.89,3190,0
PJT,5/21/2020 9:15:00 AM,10.08,10.08,10.08,10.08,50,0
PJT,5/22/2020 9:40:00 AM,9.84,9.84,9.84,9.84,20,0
PJT,5/25/2020 9:15:00 AM,10.08,10.08,10.08,10.08,1470,0
PJT,5/26/2020 9:15:00 AM,9.98,9.98,9.98,9.98,10,0
PJT,5/27/2020 11:15:00 AM,10.03,10.03,10.03,10.03,1000,0
PJT,5/28/2020 10:20:00 AM,10.47,10.47,10.13,10.13,1550,0
PJT,5/29/2020 10:15:00 AM,10.56,10.56,10.56,10.56,20,0
PJT,6/1/2020 9:20:00 AM,11.29,11.29,10.66,10.66,1100,0
PJT,6/2/2020 9:25:00 AM,10.66,10.66,10.56,10.56,2100,0
PJT,6/3/2020 9:45:00 AM,11.24,11.24,11.24,11.24,10,0
PJT,6/4/2020 9:15:00 AM,11.05,11.05,10.56,10.66,2520,0
PJT,6/5/2020 9:35:00 AM,10.56,10.95,10.56,10.56,1030,0
PJT,6/8/2020 9:30:00 AM,11.29,11.29,11.29,11.29,10,0
PJT,6/9/2020 9:15:00 AM,11,11,10.56,10.66,11180,0
PJT,6/10/2020 9:15:00 AM,10.66,10.9,10.13,10.47,3780,0
PJT,6/11/2020 9:55:00 AM,10.95,10.95,10.95,10.95,4510,0
PJT,6/12/2020 10:50:00 AM,10.27,10.27,10.27,10.27,800,0
PJT,6/15/2020 9:15:00 AM,10.66,10.66,10.66,10.66,230,0
PJT,6/16/2020 1:35:00 PM,10.08,10.08,10.08,10.08,50,0
PJT,6/17/2020 10:30:00 AM,10.08,10.08,10.08,10.08,100,0
PJT,6/18/2020 10:45:00 AM,10.47,10.47,10.47,10.47,200,0
PJT,6/19/2020 9:25:00 AM,10.47,10.47,10.47,10.47,150,0
PJT,6/22/2020 9:15:00 AM,10.08,10.56,10.08,10.56,220,0
PJT,6/23/2020 9:45:00 AM,10.18,10.27,10.18,10.27,2440,0
PJT,6/25/2020 10:45:00 AM,10.27,10.27,10.27,10.27,2000,0
PJT,6/26/2020 2:00:00 PM,10.18,10.18,10.18,10.18,990,0
PJT,6/29/2020 1:00:00 PM,10.18,10.18,10.18,10.18,10,0
PJT,6/30/2020 9:45:00 AM,10.66,10.66,10.66,10.66,10,0
PJT,7/1/2020 1:00:00 PM,10.27,10.27,10.27,10.27,2000,0
PJT,7/2/2020 9:35:00 AM,10.08,10.18,10.08,10.08,3410,0
PJT,7/3/2020 1:15:00 PM,10.08,10.08,10.08,10.08,2080,0
PJT,7/6/2020 11:20:00 AM,10.18,10.18,10.18,10.18,70,0
PJT,7/7/2020 10:10:00 AM,10.27,10.27,9.98,9.98,1760,0
PJT,7/8/2020 1:20:00 PM,10.18,10.18,10.18,10.18,1260,0
PJT,7/9/2020 9:50:00 AM,10.18,10.18,10.18,10.18,2230,0
PJT,7/10/2020 9:20:00 AM,10.56,10.66,10.56,10.66,200,0
PJT,7/13/2020 10:30:00 AM,10.56,10.66,10.27,10.66,6110,0
PJT,7/14/2020 9:15:00 AM,11.15,11.39,11.05,11.39,57640,0
PJT,7/15/2020 9:15:00 AM,12.11,12.11,11.92,12.11,6760,0
PJT,7/16/2020 9:15:00 AM,12.11,12.11,11.39,11.39,7030,0
PJT,7/17/2020 9:15:00 AM,11.53,11.53,11.15,11.48,15180,0
PJT,7/20/2020 9:15:00 AM,11.92,11.92,11.29,11.34,15240,0
PJT,7/21/2020 9:50:00 AM,11.58,11.58,11.58,11.58,1550,0
PJT,7/22/2020 9:40:00 AM,11.53,11.53,11.34,11.44,2490,0
PJT,7/23/2020 9:15:00 AM,10.66,11.53,10.66,11.24,5680,0
PJT,7/24/2020 9:15:00 AM,11.24,11.24,10.56,10.56,6790,0
PJT,7/27/2020 9:15:00 AM,10.52,10.95,9.89,10.9,1860,0
PJT,7/28/2020 9:15:00 AM,10.52,11,10.52,11,11640,0
PJT,7/29/2020 9:15:00 AM,10.8,10.8,9.4,9.4,4250,0
PJT,7/30/2020 10:05:00 AM,9.9,9.9,9.9,9.9,130,0
PJT,7/31/2020 9:20:00 AM,9.55,9.56,9.5,9.5,1480,0
PJT,8/3/2020 9:15:00 AM,9.68,10.4,9.68,10.4,10170,0
PJT,8/4/2020 10:25:00 AM,10.3,10.3,10.3,10.3,10,0
PJT,8/5/2020 10:00:00 AM,10,10.55,10,10.5,8730,0
PJT,8/6/2020 9:20:00 AM,10.25,10.25,10.25,10.25,780,0
PJT,8/7/2020 2:10:00 PM,10,10,10,10,10,0
PJT,8/10/2020 9:50:00 AM,9.8,10.35,9.8,10,1000,0
PJT,8/11/2020 10:20:00 AM,10.1,10.1,9.92,9.93,5470,0
PJT,8/12/2020 9:20:00 AM,10.4,10.4,10.4,10.4,10,0
PJT,8/13/2020 1:10:00 PM,10.25,10.25,10.25,10.25,320,0
PJT,8/14/2020 10:35:00 AM,10.7,10.7,10,10.5,1350,0
PJT,8/17/2020 9:15:00 AM,10.6,10.6,10.6,10.6,10,0
PJT,8/18/2020 1:20:00 PM,9.92,9.92,9.88,9.88,8840,0
PJT,8/19/2020 1:40:00 PM,9.9,10.5,9.89,9.89,8790,0
PJT,8/20/2020 9:15:00 AM,10.5,10.5,9.7,9.7,110,0
PJT,8/21/2020 9:35:00 AM,10.5,10.5,10.5,10.5,130,0
PJT,8/24/2020 2:45:00 PM,10.55,10.55,10.55,10.55,100,0
PJT,8/25/2020 9:20:00 AM,9.91,10.6,9.91,10.1,10720,0
PJT,8/26/2020 9:40:00 AM,10,10.55,10,10.55,15990,0
PJT,8/28/2020 9:40:00 AM,10.4,10.4,10.1,10.1,4940,0
PJT,8/31/2020 9:15:00 AM,9.95,9.95,9.95,9.95,10,0
PJT,9/1/2020 9:20:00 AM,10,10.05,10,10,220,0
PJT,9/3/2020 10:40:00 AM,10,10,10,10,21630,0
PJT,9/4/2020 9:15:00 AM,10,10,10,10,100,0
PJT,9/7/2020 2:05:00 PM,10.15,10.15,10.1,10.1,1970,0
PJT,9/8/2020 9:20:00 AM,10.2,10.2,9.95,9.95,14950,0
PJT,9/9/2020 1:00:00 PM,10.2,10.2,10.2,10.2,20,0
PJT,9/10/2020 9:55:00 AM,10.1,10.5,10.1,10.5,3550,0
PJT,9/11/2020 9:15:00 AM,10.45,10.45,10.45,10.45,5010,0
PJT,9/14/2020 9:45:00 AM,10.3,10.3,10.3,10.3,1510,0
PJT,9/15/2020 11:15:00 AM,10.25,10.25,10.25,10.25,20,0
PJT,9/16/2020 9:45:00 AM,10.2,10.25,10.1,10.1,1940,0
PJT,9/17/2020 9:15:00 AM,10.1,10.5,10.1,10.2,1510,0
PJT,9/18/2020 9:40:00 AM,10.4,10.4,10.2,10.35,1260,0
PJT,9/21/2020 9:20:00 AM,10.4,10.5,10.4,10.5,1430,0
PJT,9/22/2020 10:35:00 AM,10.5,10.5,10.5,10.5,850,0
PJT,9/23/2020 10:00:00 AM,10.5,10.5,10.5,10.5,5710,0
PJT,9/24/2020 10:10:00 AM,10.4,10.4,10.4,10.4,1000,0
PJT,9/25/2020 9:15:00 AM,10.4,10.8,10.4,10.4,5190,0
PJT,9/28/2020 9:15:00 AM,10.4,10.4,10.4,10.4,6500,0
PJT,9/29/2020 9:50:00 AM,10.4,10.4,10.4,10.4,2020,0
PJT,9/30/2020 9:45:00 AM,10.5,10.5,10.2,10.2,630,0
PJT,10/1/2020 2:05:00 PM,10.2,10.2,10.2,10.2,680,0
PJT,10/2/2020 2:40:00 PM,10.2,10.65,10.2,10.65,370,0
PJT,10/5/2020 1:00:00 PM,10.65,10.65,10.65,10.65,10,0
PJT,10/7/2020 10:20:00 AM,10.5,10.5,10.5,10.5,10180,0
PJT,10/12/2020 9:15:00 AM,10.5,10.5,10.5,10.5,100,0
PJT,10/13/2020 1:35:00 PM,10.5,10.5,10.5,10.5,100,0
PJT,10/15/2020 11:10:00 AM,10.4,10.4,10.4,10.4,3000,0
PJT,10/21/2020 1:15:00 PM,10.4,10.4,10.4,10.4,120,0
PJT,10/22/2020 1:00:00 PM,10.4,10.4,10.4,10.4,100,0
PJT,10/23/2020 9:20:00 AM,10.4,10.6,10.4,10.4,1200,0
PJT,10/26/2020 10:05:00 AM,10.4,10.4,10.4,10.4,300,0
PJT,10/29/2020 10:30:00 AM,10.4,10.5,10.4,10.5,2500,0
PJT,10/30/2020 9:35:00 AM,10.5,10.5,10.5,10.5,5600,0
PJT,11/9/2020 10:20:00 AM,10.4,10.4,10.4,10.4,50,0
PJT,11/11/2020 9:30:00 AM,10.7,10.7,10.5,10.5,2100,0
PJT,11/12/2020 10:05:00 AM,10.05,10.5,10,10.5,9310,0
PJT,11/16/2020 9:15:00 AM,10.4,10.4,10,10,13050,0
PJT,11/17/2020 10:15:00 AM,10.4,10.5,10.4,10.5,7600,0
PJT,11/18/2020 1:20:00 PM,10.35,10.35,10.35,10.35,100,0
PJT,11/19/2020 9:20:00 AM,10.35,10.35,10.35,10.35,1000,0
PJT,11/20/2020 9:15:00 AM,10.2,10.2,10.2,10.2,10,0
PJT,11/23/2020 10:30:00 AM,10.35,10.35,10.35,10.35,100,0
PJT,11/25/2020 9:30:00 AM,10.4,10.4,10.4,10.4,20,0
PJT,11/26/2020 2:05:00 PM,10.35,10.35,10.35,10.35,900,0
PJT,11/27/2020 10:25:00 AM,10.4,10.4,10.4,10.4,1460,0
PJT,11/30/2020 9:30:00 AM,10.35,10.35,10.35,10.35,100,0
PJT,12/1/2020 9:00:00 AM,10.2,10.2,10.2,10.2,0,0
PJT,12/3/2020 9:55:00 AM,10.4,10.4,10.4,10.4,5000,0
PJT,12/4/2020 9:25:00 AM,10.3,10.3,10.2,10.2,6770,0
PJT,12/7/2020 9:42:46 AM,10.2,10.2,10.2,10.2,1000,0
PJT,12/8/2020 9:47:33 AM,10.45,10.5,10.45,10.5,3460,0
PJT,12/9/2020 9:15:28 AM,10.5,10.5,10.5,10.5,2270,0
PJT,12/10/2020 2:04:05 PM,10.4,10.4,10.3,10.4,2040,0
PJT,12/11/2020 2:02:15 PM,10.4,10.4,10.4,10.4,4960,0
PJT,12/14/2020 10:49:43 AM,10.35,10.4,10.1,10.4,2900,0
PJT,12/15/2020 10:14:09 AM,10.5,10.55,10.4,10.55,6230,0
PJT,12/16/2020 9:15:23 AM,10.5,10.6,10.5,10.6,1460,0
PJT,12/17/2020 10:10:16 AM,10.5,10.65,10.4,10.4,4890,0
PJT,12/18/2020 10:49:39 AM,10.6,10.8,10.5,10.5,5040,0
PJT,12/21/2020 10:04:38 AM,10.5,10.65,10.5,10.55,2610,0
PJT,12/22/2020 10:19:16 AM,10.6,11.25,10.6,11,6040,0
PJT,12/23/2020 9:36:54 AM,11,11,11,11,3990,0
PJT,12/24/2020 9:54:04 AM,11,11.05,11,11,13270,0
PJT,12/25/2020 10:02:45 AM,11,11.2,11,11.2,2350,0
PJT,12/28/2020 9:15:24 AM,11.4,11.4,11.2,11.2,1440,0
PJT,12/29/2020 9:33:38 AM,11.2,11.2,11,11,11670,0
PJT,12/30/2020 9:15:42 AM,11.1,11.2,10.9,11.2,4870,0
PJT,12/31/2020 9:15:20 AM,11.45,11.45,11,11.4,680,0
PJT,1/4/2021 9:20:30 AM,11.4,11.4,10.65,11.4,14600,0
PJT,1/5/2021 11:17:34 AM,11,11,11,11,10000,0
PJT,1/6/2021 9:15:15 AM,11,11.3,11,11,13200,0
PJT,1/7/2021 10:29:55 AM,11.4,11.4,11,11.05,3700,0
PJT,1/8/2021 9:23:24 AM,11.2,11.2,11.1,11.1,10100,0
PJT,1/11/2021 9:15:18 AM,11.85,11.85,11.6,11.7,7400,0
PJT,1/12/2021 1:14:32 PM,11.7,11.7,11.7,11.7,5200,0
PJT,1/13/2021 9:36:56 AM,11.8,12.5,11.75,12.5,7100,0
PJT,1/14/2021 9:23:14 AM,11.85,12.5,11.85,12.5,8900,0
PJT,1/15/2021 9:39:21 AM,12.5,12.5,12.2,12.3,4100,0
PJT,1/18/2021 9:19:33 AM,12.8,12.8,12.3,12.5,15200,0
PJT,1/19/2021 9:17:48 AM,12.5,13,11.7,11.7,9900,0
PJT,1/21/2021 9:15:50 AM,11.7,12.5,11.7,12.5,27900,0
PJT,1/22/2021 9:15:30 AM,13.2,13.2,12.5,12.5,12400,0
PJT,1/25/2021 9:29:51 AM,12.5,12.5,12.2,12.2,7600,0
PJT,1/26/2021 9:15:22 AM,12,12,12,12,4900,0
PJT,1/27/2021 1:31:45 PM,11.7,11.7,11.7,11.7,100,0
PJT,1/28/2021 10:02:54 AM,11.6,11.6,11.1,11.1,9200,0
PJT,1/29/2021 9:17:45 AM,10.6,11.2,10.6,11.2,3500,0
PJT,2/1/2021 11:01:03 AM,11.4,11.4,11.3,11.3,2100,0
PJT,2/2/2021 10:06:54 AM,10.7,11.2,10.7,11.2,2800,0
PJT,2/3/2021 9:32:13 AM,11.2,11.95,11.2,11.4,700,0
PJT,2/4/2021 10:50:48 AM,11.95,12.15,11.5,11.5,3600,0
PJT,2/5/2021 9:49:36 AM,11.35,11.45,11.35,11.45,1200,0
PJT,2/9/2021 9:15:24 AM,11,11.5,11,11.5,18100,0
PJT,2/17/2021 9:46:06 AM,11.7,11.7,11.6,11.6,200,0
PJT,2/19/2021 9:15:41 AM,12.4,12.4,11.8,11.8,1900,0
PJT,2/22/2021 10:44:39 AM,11.9,12,11.9,12,4900,0
PJT,2/23/2021 2:03:45 PM,12,12,12,12,2000,0
PJT,2/24/2021 9:29:58 AM,11.8,11.8,11.6,11.6,3800,0
PJT,2/25/2021 10:16:55 AM,11.7,11.7,11.6,11.6,2400,0
PJT,2/26/2021 10:54:05 AM,11.7,11.7,11.65,11.65,1200,0
PJT,3/1/2021 9:17:24 AM,11.7,11.7,11.5,11.65,3600,0
PJT,3/2/2021 9:51:11 AM,12,12,12,12,1400,0
PJT,3/3/2021 1:41:00 PM,11.7,11.7,11.7,11.7,1100,0
PJT,3/4/2021 9:15:30 AM,11.7,11.8,11.7,11.8,2700,0
PJT,3/5/2021 9:15:26 AM,11.8,12.2,11.8,12.2,3200,0
PJT,3/8/2021 9:15:36 AM,11.9,12.6,11.9,12.5,5000,0
PJT,3/9/2021 9:15:23 AM,12.5,12.5,12.3,12.5,3000,0
PJT,3/10/2021 10:22:00 AM,12.5,12.5,12.2,12.45,3200,0
PJT,3/11/2021 10:16:16 AM,12.3,12.3,12.1,12.1,1300,0
PJT,3/12/2021 10:52:21 AM,12.3,12.3,12.3,12.3,5300,0
PJT,3/15/2021 10:37:49 AM,12.3,12.5,12,12.5,2700,0
PJT,3/16/2021 10:01:29 AM,13.05,13.05,12.55,12.55,1000,0
PJT,3/17/2021 10:26:26 AM,12.55,12.55,12.25,12.25,9500,0
PJT,3/18/2021 9:17:39 AM,12,12.5,12,12.3,500,0
PJT,3/19/2021 11:23:38 AM,12.3,12.6,12.3,12.6,3000,0
PJT,3/24/2021 10:26:37 AM,12.4,12.4,12.1,12.1,600,0
PJT,3/25/2021 1:40:38 PM,12.1,12.1,12.1,12.1,900,0
PJT,3/26/2021 9:15:42 AM,12.1,12.5,12.1,12.5,4100,0
PJT,3/29/2021 9:15:48 AM,12.6,12.6,12.5,12.6,1800,0
PJT,3/30/2021 11:05:36 AM,11.95,11.95,11.95,11.95,100,0
PJT,3/31/2021 9:15:21 AM,11.95,12.75,11.95,12.75,9000,0
PJT,4/1/2021 1:00:10 PM,12.75,12.8,12.1,12.1,1800,0
PJT,4/2/2021 9:15:21 AM,12.5,12.8,12.5,12.75,2300,0
PJT,4/5/2021 9:43:11 AM,12.5,12.5,12.05,12.05,600,0
PJT,4/6/2021 9:15:30 AM,12.5,12.85,12.5,12.8,8100,0
PJT,4/7/2021 9:17:41 AM,13.4,13.4,12.6,12.7,3500,0
PJT,4/8/2021 9:16:08 AM,12.6,12.8,12.2,12.7,1900,0
PJT,4/9/2021 9:15:26 AM,13.5,13.5,12.2,12.9,7400,0
PJT,4/12/2021 9:20:52 AM,12.9,12.9,12.3,12.8,7100,0
PJT,4/13/2021 9:38:33 AM,12.8,12.8,12.8,12.8,1000,0
PJT,4/14/2021 10:51:47 AM,12.5,12.5,12.35,12.35,3600,0
PJT,4/15/2021 9:15:21 AM,12.35,12.8,12.35,12.8,18700,0
PJT,4/16/2021 1:17:52 PM,12.35,12.35,12.3,12.35,2100,0
PJT,4/19/2021 10:03:15 AM,12.15,12.4,12.15,12.4,4400,0
PJT,4/20/2021 10:12:50 AM,12.1,12.1,12,12.05,8100,0
PJT,4/22/2021 9:19:21 AM,12.05,12.05,12.05,12.05,10400,0
PJT,4/23/2021 1:08:58 PM,12.6,12.6,12.6,12.6,100,0
PJT,4/27/2021 10:07:30 AM,11.8,11.8,11.8,11.8,300,0
PJT,4/29/2021 9:37:47 AM,12.2,12.3,12.2,12.3,4000,0
PJT,5/4/2021 11:03:23 AM,12.25,12.25,12.25,12.25,1700,0
PJT,5/5/2021 10:16:40 AM,12.25,12.3,12.25,12.3,3400,0
PJT,5/6/2021 9:23:13 AM,12.35,12.35,12.35,12.35,1100,0
PJT,5/7/2021 10:46:33 AM,11.7,12.3,11.7,12.3,1600,0
PJT,5/10/2021 11:25:44 AM,12,12.3,12,12.3,7400,0
PJT,5/11/2021 1:48:30 PM,12.3,12.3,12.3,12.3,800,0
PJT,5/12/2021 9:36:32 AM,12.4,12.4,12.3,12.35,2600,0
PJT,5/13/2021 1:23:47 PM,12.1,12.4,12.1,12.4,2100,0
PJT,5/14/2021 1:33:16 PM,12.3,12.3,12.3,12.3,1700,0
PJT,5/17/2021 11:03:46 AM,12.3,12.3,12.3,12.3,1400,0
PJT,5/18/2021 10:59:34 AM,12.5,12.5,12.5,12.5,100,0
PJT,5/20/2021 9:39:33 AM,12.2,12.2,12.15,12.15,2100,0
PJT,5/25/2021 10:18:06 AM,12.2,12.2,12.2,12.2,400,0
PJT,5/26/2021 11:03:21 AM,12.2,12.2,12.2,12.2,7300,0
PJT,5/27/2021 9:15:14 AM,12.2,12.3,12,12,1700,0
PJT,5/28/2021 10:32:48 AM,12.15,12.15,12.15,12.15,300,0
PJT,5/31/2021 9:16:02 AM,12.2,12.2,12.2,12.2,4400,0
PJT,6/1/2021 9:36:55 AM,12.1,12.2,12.1,12.2,1800,0
PJT,6/2/2021 9:42:51 AM,12,12.2,12,12.2,700,0
PJT,6/3/2021 9:29:37 AM,12.6,12.6,12.3,12.3,700,0
PJT,6/4/2021 9:42:06 AM,12.2,12.25,12,12.25,5900,0
PJT,6/7/2021 9:40:48 AM,12,12.05,12,12,2400,0
PJT,6/8/2021 9:15:35 AM,12.3,12.5,12.3,12.3,2000,0
PJT,6/9/2021 10:52:44 AM,12.5,12.6,12.3,12.5,1900,0
PJT,6/10/2021 9:53:42 AM,12.45,12.5,12.45,12.45,2000,0
PJT,6/11/2021 10:30:48 AM,12.5,12.5,12,12.4,17500,0
PJT,6/14/2021 9:32:01 AM,12.4,12.5,12.3,12.5,8500,0
PJT,6/15/2021 9:25:10 AM,12.1,12.15,12.05,12.15,6600,0
PJT,6/17/2021 10:31:50 AM,12.45,12.45,12.45,12.45,100,0
PJT,6/21/2021 9:15:18 AM,12.45,12.45,12.4,12.4,1700,0
PJT,6/22/2021 9:42:42 AM,12.4,12.5,12.4,12.5,1800,0
PJT,6/23/2021 9:57:50 AM,12.4,12.4,12.4,12.4,2300,0
PJT,6/24/2021 9:15:16 AM,12.4,12.5,12.3,12.5,5200,0
PJT,6/25/2021 9:15:16 AM,12.5,12.6,12.5,12.5,20900,0
PJT,6/28/2021 10:48:40 AM,12.5,12.5,12.5,12.5,3300,0
PJT,6/29/2021 11:14:06 AM,12.3,12.3,12.3,12.3,400,0
PJT,6/30/2021 10:17:07 AM,12.3,12.5,12.3,12.3,12600,0
PJT,7/1/2021 1:27:42 PM,12.5,12.5,12.5,12.5,1100,0
PJT,7/2/2021 9:29:53 AM,12.5,12.5,12.1,12.1,1800,0
PJT,7/5/2021 9:34:58 AM,12,12,12,12,1300,0
PJT,7/6/2021 9:24:09 AM,12,12,12,12,2300,0
PJT,7/7/2021 9:31:40 AM,12,12,11.9,11.9,1200,0
PJT,7/8/2021 9:29:14 AM,11.9,11.9,11.9,11.9,1300,0
PJT,7/9/2021 1:31:35 PM,12,12,11.75,11.75,2700,0
PJT,7/12/2021 9:25:20 AM,12.5,12.5,11.8,12.2,7700,0
PJT,7/13/2021 9:47:03 AM,12.35,12.75,12.35,12.75,17400,0
PJT,7/14/2021 10:46:09 AM,12.75,12.8,12.5,12.5,11400,0
PJT,7/15/2021 9:56:12 AM,11.7,11.7,11.7,11.7,3000,0
PJT,7/16/2021 9:22:16 AM,12.3,12.5,12.3,12.5,24300,0
PJT,7/19/2021 9:15:08 AM,12.5,12.5,12.35,12.35,13400,0
PJT,7/20/2021 9:34:16 AM,12.75,12.75,12.5,12.6,8300,0
PJT,7/21/2021 9:15:06 AM,12.5,12.75,12.5,12.5,18200,0
PJT,7/22/2021 9:15:05 AM,12.75,13.2,12.75,13,34600,0
PJT,7/23/2021 9:15:03 AM,11.95,11.95,11.4,11.4,25600,0
PJT,7/26/2021 10:29:05 AM,11.5,11.5,11.4,11.4,3900,0
PJT,7/27/2021 9:35:43 AM,11.75,11.75,10.65,10.8,8400,0
PJT,7/28/2021 9:15:03 AM,10.8,10.8,10.2,10.8,15000,0
PJT,7/29/2021 9:24:01 AM,10.8,10.8,10.45,10.8,1900,0
PJT,7/30/2021 9:51:05 AM,10.8,10.9,10.8,10.9,43500,0
PJT,8/2/2021 9:15:04 AM,11.4,11.4,10.65,10.7,4200,0
PJT,8/3/2021 9:15:07 AM,10.7,10.7,10.5,10.6,9100,0
PJT,8/4/2021 9:25:22 AM,10.6,10.8,10.6,10.8,7600,0
PJT,8/5/2021 9:15:05 AM,10.8,10.8,10.6,10.8,18500,0
PJT,8/6/2021 9:37:03 AM,10.8,10.8,10.8,10.8,7300,0
PJT,8/9/2021 9:15:08 AM,10.7,10.8,10.7,10.8,7400,0
PJT,8/10/2021 9:15:08 AM,10.95,10.95,10.8,10.9,11700,0
PJT,8/11/2021 9:29:48 AM,11.1,11.65,11.1,11.65,74800,0
PJT,8/12/2021 9:15:09 AM,12.45,12.45,12.1,12.45,61500,0
PJT,8/13/2021 9:15:04 AM,12.5,13,12.2,12.4,30800,0
PJT,8/16/2021 9:32:39 AM,12.1,12.1,11.65,12.05,59900,0
PJT,8/17/2021 9:15:08 AM,12,12,11.3,11.6,16800,0
PJT,8/18/2021 9:18:36 AM,11.7,11.95,11.6,11.9,7400,0
PJT,8/19/2021 9:15:07 AM,11.85,11.85,11.4,11.5,7900,0
PJT,8/20/2021 9:15:08 AM,11.25,11.6,11.25,11.4,13400,0
PJT,8/23/2021 9:50:06 AM,11.4,11.4,11,11.15,27200,0
PJT,8/24/2021 9:15:05 AM,11.5,11.5,11,11.35,11700,0
PJT,8/25/2021 10:24:45 AM,11.1,11.4,10.9,11.4,5600,0
PJT,8/26/2021 9:29:52 AM,11.3,11.65,11.3,11.55,5900,0
PJT,8/27/2021 9:19:32 AM,11.5,11.5,11.35,11.35,800,0
PJT,8/30/2021 10:13:21 AM,11.35,11.45,11.3,11.35,17600,0
PJT,8/31/2021 9:16:40 AM,11.6,11.7,11.4,11.4,8000,0
PJT,9/1/2021 10:18:24 AM,11.45,11.55,11,11.55,24700,0
PJT,9/6/2021 9:15:10 AM,12.15,12.15,11.65,11.85,64900,0
PJT,9/7/2021 9:15:05 AM,12,12,11.5,11.7,27200,0
PJT,9/8/2021 9:15:05 AM,11.5,11.8,11.5,11.7,15200,0
PJT,9/9/2021 9:15:04 AM,11.7,12,11.4,11.75,37300,0
PJT,9/10/2021 9:18:20 AM,11.8,12.25,11.7,12.1,65000,0
PJT,9/13/2021 9:15:06 AM,12.1,12.3,11.95,12.15,20500,0
PJT,9/14/2021 9:15:11 AM,12.2,12.6,12.2,12.4,53800,0
PJT,9/15/2021 9:15:08 AM,12.6,12.6,12.1,12.15,42800,0
PJT,9/16/2021 9:15:08 AM,12.15,12.15,11.8,11.9,36500,0
PJT,9/17/2021 9:15:07 AM,11.7,12.1,11.7,12,26100,0
PJT,9/20/2021 9:15:03 AM,12.3,12.3,11.9,11.95,30200,0
PJT,9/21/2021 9:15:08 AM,11.7,12.1,11.7,11.95,34200,0
PJT,9/22/2021 9:20:55 AM,12,12.4,12,12.4,36500,0
PJT,9/23/2021 9:15:09 AM,13.2,13.2,12.6,12.75,54800,0
PJT,9/24/2021 9:15:03 AM,12.5,12.5,12.3,12.3,34800,0
PJT,9/27/2021 9:15:08 AM,12.9,12.9,12,12,15900,0
PJT,9/28/2021 9:15:11 AM,12,12.4,11.6,12,17900,0
PJT,9/29/2021 9:20:57 AM,12,12.5,12,12.2,7700,0
PJT,9/30/2021 9:34:15 AM,12.4,12.4,12,12.3,11600,0
PJT,10/1/2021 9:15:07 AM,12.3,12.3,11.8,12.2,25200,0
PJT,10/4/2021 9:48:39 AM,12.2,12.7,12.2,12.5,28300,0
PJT,10/5/2021 9:15:07 AM,12.55,13.35,12.4,13.25,103700,0
PJT,10/6/2021 9:15:08 AM,13.25,13.6,13.1,13.5,73300,0
PJT,10/7/2021 9:15:07 AM,13.5,13.5,12.9,13.2,20700,0
PJT,10/8/2021 9:15:06 AM,12.75,13.2,12.75,13.2,30800,0
PJT,10/11/2021 9:15:07 AM,12.85,13.35,12.75,12.9,18000,0
PJT,10/12/2021 9:15:07 AM,12.9,13,12.7,12.8,22600,0
PJT,10/13/2021 9:16:28 AM,12.8,12.9,12.7,12.85,11200,0
PJT,10/14/2021 9:55:18 AM,12.75,13.2,12.75,13.15,2700,0
PJT,10/15/2021 9:29:09 AM,13,13,12.8,12.8,26700,0
PJT,10/18/2021 9:26:24 AM,12.85,13,12.75,12.75,11000,0
PJT,10/19/2021 9:25:05 AM,12.75,13.1,12.7,12.7,10200,0
PJT,10/20/2021 9:19:16 AM,13.05,13.05,12.75,12.75,7200,0
PJT,10/21/2021 9:15:02 AM,12.85,12.9,12.6,12.8,7800,0
PJT,10/22/2021 9:32:27 AM,12.7,12.85,12.65,12.7,9200,0
PJT,10/25/2021 9:22:33 AM,12.7,12.9,12.6,12.75,6800,0
PJT,10/26/2021 9:59:30 AM,12.85,12.85,12.7,12.85,14900,0
PJT,10/27/2021 9:15:09 AM,12.9,13.3,12.9,13.1,33100,0
PJT,10/28/2021 9:15:10 AM,13.4,13.4,13.1,13.1,11800,0
PJT,10/29/2021 9:15:11 AM,13.2,13.2,12.85,13.2,15900,0
PJT,11/1/2021 9:15:14 AM,12.75,13.1,12.75,12.85,37100,0
PJT,11/2/2021 9:15:11 AM,12.75,12.8,12.3,12.8,25200,0
PJT,11/3/2021 9:47:50 AM,12.7,12.8,12.6,12.7,23700,0
PJT,11/4/2021 9:18:02 AM,12.6,12.8,12.6,12.8,15100,0
PJT,11/5/2021 10:03:43 AM,12.6,12.9,12.6,12.8,8000,0
PJT,11/8/2021 9:15:11 AM,12.8,12.8,12.55,12.75,12600,0
PJT,11/9/2021 9:15:11 AM,12.8,12.8,12.5,12.7,12800,0
PJT,11/10/2021 9:15:07 AM,12.7,12.8,12.55,12.75,31500,0
PJT,11/11/2021 9:15:06 AM,12.75,12.8,12.6,12.8,34800,0
PJT,11/12/2021 9:15:09 AM,12.75,12.8,12.6,12.8,15700,0
PJT,11/15/2021 9:26:23 AM,12.8,13.5,12.6,13.3,81400,0
PJT,11/16/2021 9:15:14 AM,13.2,13.2,12.8,13,22300,0
PJT,11/17/2021 9:15:07 AM,13,13,12.85,12.85,4300,0
PJT,11/18/2021 9:15:03 AM,12.8,12.95,12.65,12.7,35400,0
PJT,11/19/2021 9:15:04 AM,12.7,12.9,12.65,12.7,15600,0
PJT,11/22/2021 9:15:02 AM,12.7,12.7,12.5,12.5,15000,0
PJT,11/23/2021 9:25:46 AM,12.3,12.5,12.3,12.45,10500,0
PJT,11/24/2021 9:25:03 AM,12.45,12.7,12.35,12.7,12900,0
PJT,11/25/2021 9:59:29 AM,12.5,12.55,12.5,12.5,3600,0
PJT,11/26/2021 9:18:34 AM,12.5,12.5,12.4,12.45,13100,0
PJT,11/29/2021 9:15:04 AM,12.4,12.4,12,12.3,39600,0
PJT,11/30/2021 9:15:08 AM,12.3,12.4,12,12.3,24500,0
PJT,12/1/2021 9:15:07 AM,12.3,12.3,12,12.25,24300,0
PJT,12/2/2021 9:15:03 AM,12.3,12.55,12.3,12.5,29200,0
PJT,12/3/2021 9:15:02 AM,12.5,12.5,12.4,12.4,1400,0
PJT,12/6/2021 9:27:46 AM,12,12.35,12,12.1,12000,0
PJT,12/7/2021 9:23:52 AM,12.3,12.3,12,12,7100,0
PJT,12/8/2021 9:15:04 AM,12.4,12.4,11.85,12,6100,0
PJT,12/9/2021 9:18:35 AM,11.4,12.2,11.4,12,5200,0
PJT,12/10/2021 9:15:07 AM,12,12.3,11.9,12,7000,0
PJT,12/13/2021 9:20:20 AM,12,12.3,11.9,12.3,9400,0
PJT,12/14/2021 9:17:01 AM,12.1,12.2,12,12.2,9100,0
PJT,12/15/2021 9:15:07 AM,12.2,12.2,11.9,12.2,7100,0
PJT,12/16/2021 9:19:19 AM,12,12.05,11.9,12,10000,0
PJT,12/17/2021 9:15:10 AM,12,12,12,12,5000,0
PJT,12/20/2021 9:29:24 AM,12,12,11.7,11.9,9600,0
PJT,12/21/2021 9:15:07 AM,11.7,12,11.7,11.9,4700,0
PJT,12/22/2021 9:37:03 AM,11.9,12.05,11.1,11.9,18100,0
PJT,12/23/2021 9:15:05 AM,11.9,11.9,11.6,11.75,6000,0
PJT,12/24/2021 9:25:47 AM,11.8,11.9,11.8,11.85,6700,0
PJT,12/27/2021 9:20:28 AM,11.9,12,11.6,11.7,2800,0
PJT,12/28/2021 9:26:50 AM,11.7,12.05,11.7,12.05,13600,0
PJT,12/29/2021 9:15:04 AM,12.05,12.05,11.9,12.05,7300,0
PJT,12/30/2021 9:15:06 AM,12.2,12.2,11.9,12.05,6600,0
PJT,12/31/2021 9:15:09 AM,11.95,12.1,11.9,11.9,9100,0
PJT,1/4/2022 9:18:59 AM,12.05,12.25,12,12.15,4800,0
PJT,1/5/2022 9:15:05 AM,12.15,12.2,12.1,12.2,4400,0
PJT,1/6/2022 9:15:10 AM,12.35,12.35,12.2,12.35,15600,0
PJT,1/7/2022 9:15:11 AM,12.35,12.5,12.2,12.5,30300,0
PJT,1/10/2022 9:15:11 AM,12.5,12.5,12.2,12.45,5900,0
PJT,1/11/2022 10:47:48 AM,12.3,12.3,12.2,12.3,2200,0
PJT,1/12/2022 10:06:09 AM,12.25,12.25,11.95,11.95,2800,0
PJT,1/13/2022 9:32:18 AM,11.9,12.1,11.15,12,6600,0
PJT,1/14/2022 9:38:09 AM,11.65,12,11.65,11.85,1700,0
PJT,1/17/2022 9:15:07 AM,11.85,12.2,11.7,11.7,2800,0
PJT,1/18/2022 9:29:03 AM,11.55,11.6,11.5,11.5,13000,0
PJT,1/19/2022 9:40:03 AM,11.25,11.45,11.2,11.45,10500,0
PJT,1/20/2022 9:16:42 AM,11.4,12.15,11.4,11.9,1300,0
PJT,1/21/2022 9:15:07 AM,11.9,11.9,11.5,11.7,1200,0
PJT,1/24/2022 10:27:40 AM,11.6,11.7,11.35,11.35,1700,0
PJT,1/25/2022 9:18:18 AM,11.35,11.35,11.35,11.35,400,0
PJT,1/26/2022 2:26:49 PM,11.35,11.35,11.35,11.35,500,0
PJT,1/27/2022 9:33:37 AM,11.35,11.6,11.35,11.6,700,0
PJT,1/28/2022 9:15:10 AM,11.6,11.6,11.4,11.4,1600,0
PJT,2/7/2022 9:17:04 AM,11.4,11.6,11.4,11.55,2100,0
PJT,2/8/2022 10:38:03 AM,11.55,12,11.55,12,3500,0
PJT,2/9/2022 9:15:11 AM,12,12,11.9,12,14200,0
PJT,2/10/2022 1:28:39 PM,12.1,12.2,12.1,12.2,2500,0
PJT,2/11/2022 9:36:21 AM,12,12.25,12,12.25,6400,0
PJT,2/14/2022 9:15:12 AM,12.25,12.45,12.25,12.35,10100,0
PJT,2/15/2022 9:19:09 AM,12.5,12.5,12.3,12.45,12000,0
PJT,2/16/2022 9:15:10 AM,12.45,12.65,12.2,12.2,24000,0
PJT,2/17/2022 9:15:13 AM,12.2,12.8,12.2,12.6,11200,0
PJT,2/18/2022 9:15:12 AM,12.5,13.1,12.5,13,34100,0
PJT,2/21/2022 9:19:43 AM,13,13.9,13,13.9,258100,0
PJT,2/22/2022 9:15:17 AM,14.15,14.25,13.7,13.7,22400,0
PJT,2/23/2022 9:17:31 AM,13.8,14.2,13.75,13.95,40400,0
PJT,2/24/2022 9:15:10 AM,13.95,14.05,13.05,13.5,86600,0
PJT,2/25/2022 9:15:12 AM,12.75,13.95,12.75,13.05,15200,0
PJT,2/28/2022 9:15:11 AM,13.05,13.5,12.4,13,28100,0
PJT,3/1/2022 9:27:18 AM,12.55,13.85,12.55,13.6,62800,0
PJT,3/2/2022 9:15:15 AM,13.7,14.55,13.7,14.55,171000,0
PJT,3/3/2022 9:15:14 AM,15.4,15.4,14.85,15.25,70500,0
PJT,3/4/2022 9:15:14 AM,15.5,15.5,14.45,14.45,32000,0
PJT,3/7/2022 9:15:20 AM,14.7,15.25,13.9,14.5,109300,0
PJT,3/8/2022 9:15:16 AM,14.5,14.5,13.9,14.4,42200,0
PJT,3/9/2022 9:15:10 AM,13.9,15,13.7,14.7,81100,0
PJT,3/10/2022 9:15:33 AM,14.7,14.75,14.2,14.6,50200,0
PJT,3/11/2022 9:17:36 AM,14.3,14.5,14.3,14.3,18200,0
PJT,3/14/2022 9:15:16 AM,14.9,14.9,14.05,14.1,11900,0
PJT,3/15/2022 9:34:26 AM,14.1,14.4,13.5,14.2,11800,0
PJT,3/16/2022 9:53:09 AM,13.6,14.15,13.6,13.8,21600,0
PJT,3/17/2022 9:15:13 AM,13.8,14.25,13.65,13.65,6800,0
PJT,3/18/2022 9:15:14 AM,13.35,14.15,13.35,13.65,8300,0
PJT,3/21/2022 9:39:43 AM,13.65,13.7,13.4,13.5,18900,0
PJT,3/22/2022 9:15:16 AM,13.5,13.7,13.5,13.5,27400,0
PJT,3/23/2022 9:15:28 AM,13.4,13.5,13.4,13.4,22000,0
PJT,3/24/2022 9:23:54 AM,13.4,13.4,13.35,13.4,24600,0
PJT,3/25/2022 9:23:17 AM,13.4,13.5,13.35,13.4,2400,0
PJT,3/28/2022 9:15:18 AM,13.4,14,13.3,13.45,18700,0
PJT,3/29/2022 9:27:30 AM,13.45,13.45,13.1,13.45,6700,0
PJT,3/30/2022 9:31:53 AM,13.45,13.45,13.2,13.2,11900,0
PJT,3/31/2022 9:19:25 AM,13.15,13.5,12.8,13.5,14600,0
PJT,4/1/2022 9:34:00 AM,12.9,13.5,12.9,13.5,14800,0
PJT,4/4/2022 9:48:47 AM,13.5,13.6,13.3,13.3,5500,0
PJT,4/5/2022 10:08:36 AM,13.45,13.45,13,13.4,3800,0
PJT,4/6/2022 9:40:14 AM,13.1,13.4,13,13.1,6100,0
PJT,4/7/2022 9:15:45 AM,13.4,13.4,12.9,13.15,5200,0
PJT,4/8/2022 9:18:00 AM,12.7,13.35,12.7,13.2,3300,0
PJT,4/12/2022 9:25:12 AM,13,13,12.8,12.8,3300,0
PJT,4/13/2022 9:17:50 AM,12.9,12.9,12.2,12.75,10000,0
PJT,4/14/2022 9:48:34 AM,12.3,12.75,12.3,12.75,1000,0
PJT,4/15/2022 9:29:31 AM,12.6,12.7,12.3,12.65,15200,0
PJT,4/18/2022 9:15:14 AM,12.5,12.5,11.8,11.8,14000,0
PJT,4/19/2022 9:15:28 AM,11.95,11.95,11.7,11.7,8500,0
PJT,4/20/2022 9:17:32 AM,11.7,11.7,11,11.6,17100,0
PJT,4/21/2022 9:19:23 AM,11.6,11.95,10.9,11.9,20400,0
PJT,4/22/2022 9:17:33 AM,11.15,12,11.15,11.7,5200,0
PJT,4/25/2022 9:17:24 AM,12.35,12.45,10.9,11.4,4500,0
PJT,4/26/2022 9:15:15 AM,11.4,11.95,11.2,11.85,14200,0
PJT,4/27/2022 9:15:19 AM,11.85,11.9,11.2,11.55,6200,0
PJT,4/28/2022 11:10:46 AM,11.55,11.95,11.55,11.9,10500,0
PJT,4/29/2022 9:20:42 AM,11.3,12.7,11.3,12.35,16700,0
PJT,5/4/2022 9:15:20 AM,12.3,12.35,11.5,12,11700,0
PJT,5/5/2022 9:15:17 AM,11.35,12.2,11.35,12,4900,0
PJT,5/6/2022 11:10:36 AM,11.7,11.7,11.45,11.45,9400,0
PJT,5/9/2022 9:23:07 AM,11.4,11.4,11,11.2,1500,0
PJT,5/10/2022 9:16:11 AM,10.55,11.5,10.5,11.3,9400,0
PJT,5/11/2022 9:18:36 AM,12,12,10.7,11.5,1500,0
PJT,5/12/2022 9:28:54 AM,11,11.5,11,11.5,700,0
PJT,5/13/2022 9:15:17 AM,11,11,10.7,10.7,9500,0
PJT,5/16/2022 9:16:22 AM,11.4,11.4,9.96,11,1400,0
PJT,5/17/2022 9:26:27 AM,11.65,11.7,10.7,10.8,13800,0
PJT,5/18/2022 9:15:22 AM,11.55,11.55,10.9,11.35,16500,0
PJT,5/19/2022 9:20:11 AM,12.05,12.05,10.7,11.3,2200,0
PJT,5/20/2022 1:33:31 PM,10.75,11.5,10.75,11.5,4000,0
PJT,5/23/2022 10:16:31 AM,10.8,11.45,10.8,11,1000,0
PJT,5/24/2022 9:16:06 AM,11.6,11.7,10.25,11.4,52800,0
PJT,5/25/2022 9:22:07 AM,11.4,11.4,10.8,11.4,5500,0
PJT,5/26/2022 9:23:28 AM,10.9,11.4,10.85,11.4,2000,0
PJT,5/27/2022 9:17:14 AM,10.8,11.5,10.7,11.25,7800,0
PJT,5/30/2022 9:21:07 AM,11.3,11.3,10.9,11.3,5600,0
PJT,5/31/2022 9:16:20 AM,10.9,11.95,10.55,11.2,10600,0
PJT,6/1/2022 9:15:20 AM,11,11.95,10.65,11.4,8900,0
PJT,6/2/2022 9:16:42 AM,10.8,11.6,10.8,11.4,5300,0
PJT,6/3/2022 9:16:38 AM,11.35,11.9,10.8,11.6,4700,0
PJT,6/6/2022 9:16:36 AM,11.4,12.05,11,11.9,8000,0
PJT,6/7/2022 9:16:05 AM,11.2,12,11.1,11.85,4600,0
PJT,6/8/2022 9:15:03 AM,11.8,12,11.15,11.9,5200,0
PJT,6/9/2022 9:16:17 AM,11.2,12.6,11.15,12.6,107600,0
PJT,6/10/2022 9:15:03 AM,12.5,12.5,11.9,11.9,9900,0
PJT,6/13/2022 9:16:27 AM,11.3,12.45,11.25,11.3,8100,0
PJT,6/14/2022 9:18:26 AM,11.95,12,10.55,11.4,16700,0
PJT,6/15/2022 9:19:31 AM,10.9,11.7,10.7,11.4,5100,0
PJT,6/16/2022 9:18:40 AM,10.9,11.8,10.8,11.6,5600,0
PJT,6/17/2022 9:17:24 AM,11.15,11.5,10.8,11.35,22900,0
PJT,6/20/2022 9:20:00 AM,10.9,11.65,10.8,11.3,7100,0
PJT,6/21/2022 9:15:03 AM,10.9,11.75,10.7,11.3,5100,0
PJT,6/22/2022 9:17:20 AM,10.65,11.15,10.55,11,11600,0
PJT,6/23/2022 9:16:32 AM,10.45,10.9,10.3,10.6,6100,0
PJT,6/24/2022 9:33:38 AM,10.55,10.75,10.55,10.55,4800,0
PJT,6/27/2022 10:44:54 AM,10.5,10.55,9.96,10.15,15100,0
PJT,6/28/2022 9:15:05 AM,10.25,10.75,10.1,10.75,5500,0
PJT,6/29/2022 9:39:38 AM,10.75,10.85,10.6,10.85,6600,0
PJT,6/30/2022 10:37:33 AM,10.4,11,10.35,10.95,10600,0
PJT,7/1/2022 9:16:53 AM,10.55,11.35,10.4,10.65,9000,0
PJT,7/4/2022 9:38:18 AM,10.65,10.65,10.65,10.65,600,0
PJT,7/5/2022 9:29:53 AM,10.65,10.9,10.65,10.9,400,0
PJT,7/6/2022 10:21:04 AM,10.65,10.65,10.4,10.6,2400,0
PJT,7/7/2022 11:02:05 AM,10.6,10.6,10.6,10.6,200,0
PJT,7/8/2022 9:37:32 AM,10.9,10.9,10.9,10.9,100,0
PJT,7/11/2022 1:00:58 PM,10.8,10.85,10.8,10.85,600,0
PJT,7/12/2022 11:22:53 AM,10.4,10.85,10.4,10.65,1700,0
PJT,7/13/2022 11:13:21 AM,10.6,10.65,10.6,10.65,1500,0
PJT,7/14/2022 10:01:58 AM,10.7,10.75,10.5,10.5,3700,0
PJT,7/15/2022 9:15:07 AM,11.15,11.15,10.55,10.55,7300,0
PJT,7/18/2022 11:06:29 AM,10.65,10.75,10.65,10.75,400,0
PJT,7/19/2022 9:18:26 AM,10.7,10.9,10.7,10.75,3900,0
PJT,7/20/2022 9:15:07 AM,10.8,11.2,10.8,11.1,15000,0
PJT,7/21/2022 9:16:30 AM,11.1,11.2,11.1,11.1,2300,0
PJT,7/22/2022 1:26:58 PM,11.15,11.3,11.15,11.3,4800,0
PJT,7/25/2022 9:15:09 AM,11.3,11.65,11.3,11.65,7300,0
PJT,7/26/2022 9:21:42 AM,11.65,11.65,11.6,11.65,2700,0
PJT,7/27/2022 9:47:49 AM,11.4,11.8,11.4,11.65,3600,0
PJT,7/28/2022 1:04:18 PM,11.4,11.75,11.4,11.75,3700,0
PJT,7/29/2022 9:49:46 AM,11.75,11.75,11.5,11.5,9600,0
PJT,8/1/2022 9:15:09 AM,10.6,10.7,10.5,10.6,3700,0
PJT,8/2/2022 9:15:11 AM,11,11,10.8,10.95,1800,0
PJT,8/3/2022 10:17:31 AM,10.75,10.9,10.5,10.9,2500,0
PJT,8/4/2022 9:16:59 AM,10.4,11,10.4,10.95,3100,0
PJT,8/5/2022 2:45:09 PM,10.55,10.55,10.55,10.55,100,0
PJT,8/8/2022 9:16:20 AM,10.55,10.6,10.5,10.55,4100,0
PJT,8/9/2022 9:45:51 AM,10.6,10.85,10.5,10.85,4300,0
PJT,8/10/2022 1:35:55 PM,10.5,10.5,10.3,10.4,2700,0
PJT,8/11/2022 9:15:09 AM,10.4,10.5,10.3,10.5,3200,0
PJT,8/12/2022 9:52:59 AM,10.8,10.8,10.4,10.75,2400,0
PJT,8/15/2022 1:25:26 PM,10.65,10.7,10.65,10.7,700,0
PJT,8/16/2022 11:13:36 AM,10.65,10.65,10.6,10.6,2000,0
PJT,8/17/2022 11:08:35 AM,10.75,10.75,10.7,10.7,500,0
PJT,8/18/2022 2:12:56 PM,10.65,10.7,10.65,10.7,1200,0
PJT,8/19/2022 10:00:04 AM,10.65,10.65,10.3,10.55,2900,0
PJT,8/22/2022 1:00:12 PM,10.2,10.2,10.2,10.2,100,0
PJT,8/23/2022 9:21:54 AM,10.2,10.4,10.2,10.4,1200,0
PJT,8/24/2022 9:30:09 AM,10.4,10.4,10.05,10.4,10300,0
PJT,8/25/2022 10:32:15 AM,10.5,10.7,10.5,10.7,4000,0
PJT,8/26/2022 2:28:06 PM,10.2,10.2,10.2,10.2,100,0
PJT,8/29/2022 9:15:12 AM,10.6,10.6,10.1,10.2,4200,0
PJT,8/30/2022 9:34:15 AM,10.15,10.25,10.15,10.25,2500,0
PJT,8/31/2022 11:15:03 AM,10.25,10.25,10.2,10.2,400,0
PJT,9/5/2022 1:58:02 PM,10.2,10.2,10.2,10.2,100,0
PJT,9/6/2022 1:33:35 PM,10,10,10,10,100,0
PJT,9/7/2022 10:34:18 AM,10.05,10.4,10,10.4,1200,0
PJT,9/8/2022 9:49:18 AM,10.4,10.4,10.2,10.2,1200,0
PJT,9/9/2022 9:16:15 AM,10.2,10.35,10.1,10.35,1600,0
PJT,9/12/2022 9:15:03 AM,10.2,10.35,10.1,10.35,12000,0
