SID,12/20/2017 1:50:00 PM,18.29,18.29,18.29,18.29,400,0
SID,12/21/2017 9:25:00 AM,15.59,19.15,15.59,19.15,36900,0
SID,12/22/2017 2:00:00 PM,18.29,19.25,18.29,19.06,9800,0
SID,12/25/2017 10:35:00 AM,19.63,21.17,19.63,21.17,19900,0
SID,12/26/2017 9:10:00 AM,19.63,22.52,19.25,22.14,21400,0
SID,12/27/2017 10:45:00 AM,20.31,20.69,19.44,20.21,22000,0
SID,12/28/2017 10:05:00 AM,20.21,21.17,19.25,19.54,18000,0
SID,12/29/2017 10:10:00 AM,20.69,21.56,19.35,21.56,45000,0
SID,1/2/2018 9:20:00 AM,20.69,21.75,20.6,21.46,20900,0
SID,1/3/2018 9:30:00 AM,22.52,22.52,21.27,21.85,24200,0
SID,1/4/2018 9:05:00 AM,22.14,22.52,22.14,22.33,50200,0
SID,1/5/2018 10:25:00 AM,23.29,23.29,23,23.1,36900,0
SID,1/8/2018 9:30:00 AM,23.1,23.39,22.14,23.1,45300,0
SID,1/9/2018 9:35:00 AM,22.91,23,21.66,23,41500,0
SID,1/10/2018 10:30:00 AM,22.52,24.25,22.52,24.25,51900,0
SID,1/11/2018 9:35:00 AM,23.97,26.08,23.58,25.89,64200,0
SID,1/12/2018 9:10:00 AM,26.47,26.47,25.99,26.18,66200,0
SID,1/15/2018 9:50:00 AM,25.89,25.99,25.02,25.89,36700,0
SID,1/16/2018 9:25:00 AM,25.99,27.24,25.99,26.85,36400,0
SID,1/17/2018 10:15:00 AM,26.95,27.91,26.95,27.43,52400,0
SID,1/18/2018 9:15:00 AM,28.87,28.87,27.43,27.91,695300,0
SID,1/19/2018 1:05:00 PM,27.91,27.91,27.91,27.91,200,0
SID,1/22/2018 9:15:00 AM,26.95,26.95,25.99,25.99,1700,0
SID,1/24/2018 9:20:00 AM,27.91,27.91,24.06,24.06,2100,0
SID,1/25/2018 10:00:00 AM,26.08,26.08,23.1,23.1,2300,0
SID,1/29/2018 10:10:00 AM,20.02,20.5,19.83,20.5,7200,0
SID,1/30/2018 1:45:00 PM,20.12,20.12,20.12,20.12,200,0
SID,1/31/2018 11:25:00 AM,19.25,20.12,19.25,20.12,3400,0
SID,2/7/2018 11:10:00 AM,20.21,20.21,19.73,19.73,1100,0
SID,2/8/2018 9:30:00 AM,19.73,19.73,17.32,17.32,1100,0
SID,2/9/2018 10:35:00 AM,20.12,20.12,17.81,17.81,2800,0
SID,2/12/2018 1:55:00 PM,18,20.6,18,20.6,1600,0
SID,2/21/2018 11:05:00 AM,19.63,21.17,19.63,21.17,3900,0
SID,2/23/2018 1:00:00 PM,21.17,21.75,21.17,21.27,7200,0
SID,2/26/2018 9:00:00 AM,21.27,21.37,21.17,21.37,4200,0
SID,2/27/2018 2:00:00 PM,19.25,21.17,19.25,21.17,2300,0
SID,3/1/2018 9:20:00 AM,21.17,21.17,21.17,21.17,100,0
SID,3/2/2018 1:40:00 PM,21.17,21.17,21.17,21.17,200,0
SID,3/9/2018 1:35:00 PM,18.38,19.06,18.29,19.06,4300,0
SID,3/13/2018 2:55:00 PM,21.17,21.17,21.17,21.17,100,0
SID,3/14/2018 10:15:00 AM,21.08,21.08,18.29,18.29,1200,0
SID,3/15/2018 11:20:00 AM,18.29,18.29,18,18,3700,0
SID,3/20/2018 1:45:00 PM,18,18.09,18,18.09,12200,0
SID,3/21/2018 10:50:00 AM,18.09,18.09,18.09,18.09,500,0
SID,4/5/2018 1:00:00 PM,15.98,15.98,15.98,15.98,400,0
SID,4/6/2018 2:20:00 PM,16.36,16.36,16.36,16.36,400,0
SID,4/9/2018 2:55:00 PM,18.77,18.77,18.77,18.77,100,0
SID,4/10/2018 10:20:00 AM,16.36,17.32,16.36,17.32,1400,0
SID,4/12/2018 2:00:00 PM,15.88,15.88,15.88,15.88,4700,0
SID,4/13/2018 1:20:00 PM,16.84,16.84,16.84,16.84,200,0
SID,4/18/2018 2:50:00 PM,18.67,18.67,18.67,18.67,100,0
SID,4/19/2018 1:00:00 PM,16.36,16.36,16.36,16.36,1100,0
SID,4/20/2018 10:15:00 AM,16.36,17.13,16.36,17.13,1600,0
SID,4/23/2018 9:25:00 AM,16.36,16.36,16.36,16.36,100,0
SID,4/27/2018 1:05:00 PM,13.96,15.59,13.96,15.59,3700,0
SID,5/2/2018 9:00:00 AM,15.78,15.78,15.78,15.78,500,0
SID,5/8/2018 9:25:00 AM,16.17,16.17,16.17,16.17,100,0
SID,5/14/2018 1:35:00 PM,17.13,17.13,17.13,17.13,5000,0
SID,5/17/2018 2:40:00 PM,17.13,17.13,17.13,17.13,900,0
SID,5/21/2018 10:45:00 AM,17.13,17.13,17.13,17.13,100,0
SID,5/29/2018 9:15:00 AM,14.63,19.25,14.63,19.25,3200,0
SID,5/30/2018 1:50:00 PM,17.04,17.04,13.09,13.09,200,0
SID,6/5/2018 1:15:00 PM,16.84,16.84,16.84,16.84,100,0
SID,6/6/2018 10:45:00 AM,16.75,16.84,16.75,16.84,600,0
SID,6/21/2018 10:35:00 AM,14.05,14.05,14.05,14.05,1200,0
SID,6/26/2018 9:15:00 AM,15.78,15.78,15.59,15.59,1400,0
SID,7/5/2018 10:10:00 AM,14.53,14.53,14.53,14.53,600,0
SID,7/9/2018 9:05:00 AM,16.36,16.36,16.36,16.36,1900,0
SID,8/10/2018 1:20:00 PM,15.98,15.98,15.98,15.98,100,0
SID,9/4/2018 11:25:00 AM,18.29,18.29,18.29,18.29,200,0
SID,9/5/2018 9:55:00 AM,20.69,20.69,20.69,20.69,100,0
SID,9/6/2018 9:35:00 AM,20.69,20.69,20.69,20.69,4300,0
SID,9/7/2018 9:55:00 AM,23.77,23.77,23.77,23.77,100,0
SID,9/20/2018 10:35:00 AM,14.82,14.82,14.82,14.82,1600,0
SID,9/21/2018 9:35:00 AM,13.47,17.04,13.47,17.04,800,0
SID,9/25/2018 10:55:00 AM,15.11,17.32,14.63,17.32,4200,0
SID,9/26/2018 1:20:00 PM,15.01,17.32,15.01,17.32,1100,0
SID,10/1/2018 2:00:00 PM,14.44,14.44,14.44,14.44,200,0
SID,10/3/2018 11:20:00 AM,14.44,14.44,14.44,14.44,2000,0
SID,10/5/2018 1:10:00 PM,16.27,16.27,16.27,16.27,100,0
SID,10/10/2018 9:30:00 AM,15.4,15.4,14.44,14.44,500,0
SID,10/22/2018 9:15:00 AM,17.32,17.32,14.92,14.92,500,0
SID,10/24/2018 9:10:00 AM,15.78,15.78,15.78,15.78,600,0
SID,10/31/2018 10:20:00 AM,15.4,15.4,15.4,15.4,300,0
SID,11/5/2018 1:30:00 PM,15.88,15.88,15.88,15.88,500,0
SID,11/6/2018 10:40:00 AM,15.88,15.88,15.88,15.88,200,0
SID,11/7/2018 10:30:00 AM,14.44,14.92,14.44,14.63,1300,0
SID,11/16/2018 2:40:00 PM,14.53,14.53,14.53,14.53,900,0
SID,2/18/2019 9:40:00 AM,15.59,15.59,14.73,14.73,2300,0
SID,2/25/2019 1:15:00 PM,16.07,16.07,15.88,15.88,400,0
SID,3/14/2019 1:40:00 PM,15.88,18.09,15.5,18.09,2200,0
SID,3/22/2019 10:15:00 AM,15.4,15.4,15.4,15.4,500,0
SID,4/4/2019 1:35:00 PM,15.4,15.4,15.4,15.4,600,0
SID,4/11/2019 1:00:00 PM,15.4,15.4,15.4,15.4,400,0
SID,4/25/2019 9:55:00 AM,13.47,13.47,13.19,13.19,1000,0
SID,4/26/2019 2:55:00 PM,15.21,15.21,15.21,15.21,100,0
SID,5/7/2019 10:25:00 AM,13.28,13.28,13.09,13.09,500,0
SID,5/10/2019 1:50:00 PM,14.73,14.73,14.73,14.73,100,0
SID,5/13/2019 2:25:00 PM,13.96,13.96,13.96,13.96,600,0
SID,5/14/2019 9:50:00 AM,15.4,15.4,15.4,15.4,400,0
SID,5/15/2019 1:10:00 PM,15.4,15.4,15.4,15.4,100,0
SID,6/27/2019 9:40:00 AM,15.5,15.5,15.5,15.5,1000,0
SID,7/5/2019 10:55:00 AM,15.2,15.2,15.2,15.2,100,0
SID,7/8/2019 2:55:00 PM,15,15,14.5,14.5,2200,0
SID,7/9/2019 9:45:00 AM,15,15,15,15,100,0
SID,7/15/2019 11:05:00 AM,15.5,15.5,14,14,400,0
SID,7/17/2019 1:05:00 PM,14.6,14.6,14.6,14.6,100,0
SID,7/18/2019 10:55:00 AM,14.9,14.9,14.9,14.9,700,0
SID,7/19/2019 11:20:00 AM,14.8,14.8,14.8,14.8,100,0
SID,7/22/2019 11:15:00 AM,15,15,15,15,300,0
SID,7/24/2019 1:35:00 PM,14,14,14,14,400,0
SID,7/25/2019 9:10:00 AM,14.5,14.5,14.5,14.5,1000,0
SID,7/26/2019 9:20:00 AM,15,15,15,15,1000,0
SID,7/29/2019 10:10:00 AM,15,15,15,15,2000,0
SID,7/31/2019 1:45:00 PM,15,15,15,15,200,0
SID,8/2/2019 11:25:00 AM,15,15,15,15,300,0
SID,8/7/2019 2:05:00 PM,15,15,15,15,500,0
SID,8/8/2019 2:35:00 PM,15.4,15.4,15.4,15.4,500,0
SID,8/9/2019 10:05:00 AM,15.4,15.6,15,15,2800,0
SID,8/12/2019 1:35:00 PM,15.5,15.5,15.5,15.5,200,0
SID,8/13/2019 1:05:00 PM,15.5,15.5,15.5,15.5,300,0
SID,8/19/2019 1:25:00 PM,15.4,15.5,15.4,15.5,1100,0
SID,8/20/2019 1:00:00 PM,15.5,15.5,15.5,15.5,500,0
SID,8/27/2019 11:15:00 AM,16,16,16,16,100,0
SID,8/29/2019 1:20:00 PM,15.5,15.5,15.5,15.5,1000,0
SID,9/3/2019 10:10:00 AM,16.1,16.1,16.1,16.1,200,0
SID,9/5/2019 1:25:00 PM,16.1,16.5,16.1,16.5,300,0
SID,9/6/2019 9:05:00 AM,14.5,14.8,14.5,14.8,300,0
SID,9/9/2019 9:05:00 AM,16,16,16,16,400,0
SID,9/10/2019 9:05:00 AM,15.5,15.5,15.5,15.5,1200,0
SID,9/12/2019 9:05:00 AM,15.5,15.5,15.5,15.5,1100,0
SID,9/16/2019 2:50:00 PM,14,14,14,14,100,0
SID,9/17/2019 9:00:00 AM,14,14,11.9,11.9,3300,0
SID,9/18/2019 9:30:00 AM,10.5,13.8,10.3,13.8,3600,0
SID,9/19/2019 9:05:00 AM,13.5,13.5,13.5,13.5,200,0
SID,9/20/2019 9:00:00 AM,13.5,13.5,13,13,1100,0
SID,9/23/2019 10:45:00 AM,12,13,11.7,13,1600,0
SID,9/24/2019 9:25:00 AM,11,11,11,11,300,0
SID,9/25/2019 9:05:00 AM,12.4,12.7,12.4,12.7,1600,0
SID,9/26/2019 10:10:00 AM,11.5,11.5,11.5,11.5,200,0
SID,9/27/2019 9:35:00 AM,11.5,11.5,11.5,11.5,200,0
SID,10/1/2019 10:45:00 AM,13,13,13,13,100,0
SID,10/2/2019 9:10:00 AM,13.3,13.3,13.3,13.3,200,0
SID,10/3/2019 11:20:00 AM,12,12,12,12,100,0
SID,10/10/2019 10:45:00 AM,12.7,12.7,12.7,12.7,100,0
SID,10/15/2019 9:00:00 AM,12.5,12.5,12.5,12.5,700,0
SID,10/16/2019 1:00:00 PM,12.5,12.5,12.5,12.5,100,0
SID,10/18/2019 2:30:00 PM,13,13,13,13,400,0
SID,10/21/2019 9:15:00 AM,13,13,13,13,300,0
SID,10/22/2019 2:10:00 PM,12,12,12,12,1100,0
SID,10/23/2019 9:35:00 AM,12,12,12,12,1000,0
SID,10/24/2019 2:55:00 PM,13.2,13.2,13.2,13.2,100,0
SID,10/28/2019 9:50:00 AM,13.2,13.5,13.2,13.2,1200,0
SID,10/29/2019 1:00:00 PM,14.2,14.2,13.2,13.2,2000,0
SID,10/31/2019 2:55:00 PM,14.4,14.4,14.4,14.4,100,0
SID,11/6/2019 10:45:00 AM,14,14,14,14,200,0
SID,11/21/2019 9:35:00 AM,12.5,12.5,12.5,12.5,500,0
SID,11/26/2019 1:10:00 PM,12.9,12.9,12.9,12.9,200,0
SID,11/27/2019 2:50:00 PM,11.1,11.1,11.1,11.1,100,0
SID,11/28/2019 2:50:00 PM,12.5,12.5,12.5,12.5,100,0
SID,12/2/2019 2:55:00 PM,13.2,13.2,13.2,13.2,100,0
SID,12/3/2019 2:15:00 PM,13.8,13.8,13.8,13.8,100,0
SID,12/6/2019 1:15:00 PM,14.1,14.1,14.1,14.1,100,0
SID,12/9/2019 2:40:00 PM,12,12,12,12,100,0
SID,12/10/2019 1:00:00 PM,13.4,13.4,13.4,13.4,100,0
SID,12/12/2019 1:00:00 PM,11.5,12.7,11.5,12.7,1300,0
SID,12/13/2019 2:30:00 PM,12,12,12,12,100,0
SID,12/16/2019 2:25:00 PM,12.5,12.5,12.5,12.5,200,0
SID,12/17/2019 9:25:00 AM,11,11.1,11,11,3000,0
SID,12/18/2019 2:45:00 PM,12.3,12.3,12.3,12.3,100,0
SID,12/19/2019 2:30:00 PM,10.6,12.1,10.6,12.1,300,0
SID,12/20/2019 1:25:00 PM,12.1,12.1,12.1,12.1,100,0
SID,12/23/2019 1:35:00 PM,10.7,10.7,10.7,10.7,1400,0
SID,12/24/2019 1:25:00 PM,11.4,11.4,11.4,11.4,100,0
SID,12/26/2019 1:00:00 PM,11.3,11.3,11.3,11.3,200,0
SID,12/27/2019 2:30:00 PM,11.3,11.3,11.3,11.3,700,0
SID,12/31/2019 2:55:00 PM,11.7,11.7,11.7,11.7,100,0
SID,1/2/2020 10:00:00 AM,11.6,11.6,10.1,10.1,2300,0
SID,1/6/2020 9:00:00 AM,11.3,11.3,11.3,11.3,100,0
SID,1/7/2020 2:50:00 PM,10.4,10.4,10.4,10.4,100,0
SID,1/8/2020 11:25:00 AM,10.9,10.9,10.9,10.9,800,0
SID,1/9/2020 9:10:00 AM,11.7,11.7,11.7,11.7,100,0
SID,1/20/2020 9:15:00 AM,10.1,10.1,10.1,10.1,500,0
SID,1/21/2020 10:45:00 AM,10.9,10.9,10.9,10.9,500,0
SID,1/22/2020 2:55:00 PM,11.7,11.7,11.7,11.7,100,0
SID,1/30/2020 10:35:00 AM,11.5,11.5,10.9,10.9,200,0
SID,2/4/2020 2:35:00 PM,10.9,10.9,10.9,10.9,500,0
SID,2/10/2020 1:25:00 PM,9.7,9.7,9.7,9.7,100,0
SID,2/11/2020 2:50:00 PM,10.9,10.9,10.9,10.9,200,0
SID,2/13/2020 1:00:00 PM,10,10,10,10,600,0
SID,2/17/2020 9:30:00 AM,10.1,10.1,10.1,10.1,100,0
SID,2/18/2020 10:55:00 AM,10,10,10,10,1300,0
SID,2/21/2020 9:45:00 AM,10.1,10.1,10.1,10.1,500,0
SID,2/24/2020 9:30:00 AM,10.4,10.4,10.4,10.4,200,0
SID,2/25/2020 2:40:00 PM,9.6,9.6,9.6,9.6,1000,0
SID,2/27/2020 11:00:00 AM,10.8,10.8,10.8,10.8,1200,0
SID,2/28/2020 9:15:00 AM,11.5,11.5,11,11,300,0
SID,3/2/2020 9:15:00 AM,11.4,11.4,11.4,11.4,100,0
SID,3/4/2020 10:10:00 AM,11.4,11.4,11.4,11.4,200,0
SID,3/6/2020 1:40:00 PM,10.1,10.1,10,10,400,0
SID,3/9/2020 1:10:00 PM,11,11.1,10.9,11.1,1200,0
SID,3/10/2020 9:05:00 AM,11.2,11.2,10.9,10.9,800,0
SID,3/11/2020 11:15:00 AM,10.6,10.6,10.3,10.3,800,0
SID,3/12/2020 9:30:00 AM,10.6,10.6,10.3,10.3,300,0
SID,3/16/2020 10:00:00 AM,10.5,10.5,10.5,10.5,100,0
SID,3/17/2020 2:30:00 PM,11,11,10.5,10.5,400,0
SID,3/27/2020 10:15:00 AM,10.5,10.5,10.5,10.5,100,0
SID,3/31/2020 1:05:00 PM,9.2,9.2,9.2,9.2,100,0
SID,4/6/2020 11:20:00 AM,10,10.4,10,10.4,4200,0
SID,4/7/2020 9:35:00 AM,10,10,10,10,500,0
SID,4/13/2020 10:10:00 AM,11.3,11.5,11.3,11.3,1700,0
SID,4/14/2020 10:30:00 AM,11.4,12,11.4,12,2600,0
SID,4/15/2020 10:55:00 AM,12,12,12,12,800,0
SID,4/20/2020 1:00:00 PM,12.1,12.1,12.1,12.1,100,0
SID,4/27/2020 11:25:00 AM,12,12,12,12,100,0
SID,4/29/2020 1:50:00 PM,12.1,12.1,12.1,12.1,200,0
SID,5/6/2020 1:00:00 PM,10.5,10.5,10.5,10.5,1000,0
SID,5/7/2020 10:30:00 AM,10,10,10,10,1300,0
SID,5/8/2020 10:40:00 AM,10.6,10.6,10.6,10.6,100,0
SID,5/11/2020 2:45:00 PM,10.7,10.7,10.7,10.7,300,0
SID,5/12/2020 2:15:00 PM,10.9,10.9,10.2,10.2,1500,0
SID,5/13/2020 10:30:00 AM,10.3,10.3,10.3,10.3,200,0
SID,5/14/2020 10:45:00 AM,10.3,10.3,10.3,10.3,6500,0
SID,5/15/2020 10:40:00 AM,10.1,10.1,10.1,10.1,800,0
SID,5/18/2020 2:50:00 PM,10.8,10.8,10.8,10.8,800,0
SID,5/19/2020 1:50:00 PM,10.5,10.5,10.5,10.5,200,0
SID,5/20/2020 1:50:00 PM,11.4,11.4,11.4,11.4,100,0
SID,5/21/2020 10:50:00 AM,11,11,11,11,200,0
SID,5/25/2020 2:05:00 PM,10.4,10.4,10.4,10.4,400,0
SID,5/26/2020 9:50:00 AM,10.4,10.4,10.4,10.4,200,0
SID,5/27/2020 9:25:00 AM,10.4,10.4,10.4,10.4,5000,0
SID,5/28/2020 1:00:00 PM,10.4,10.4,10.4,10.4,100,0
SID,6/2/2020 9:15:00 AM,10.7,10.7,10.7,10.7,100,0
SID,6/3/2020 9:00:00 AM,10.2,11,10.2,11,6200,0
SID,6/4/2020 1:40:00 PM,10.8,10.8,10.8,10.8,100,0
SID,6/9/2020 10:35:00 AM,10.7,10.7,10.7,10.7,500,0
SID,6/10/2020 1:40:00 PM,10.8,10.8,10.8,10.8,2400,0
SID,6/11/2020 9:50:00 AM,10.7,10.7,10.7,10.7,100,0
SID,6/12/2020 9:30:00 AM,10,10,10,10,100,0
SID,6/15/2020 11:10:00 AM,10.5,10.5,10.5,10.5,100,0
SID,6/16/2020 9:30:00 AM,10.5,10.5,10.5,10.5,200,0
SID,6/18/2020 10:05:00 AM,10.1,10.2,10,10,1400,0
SID,6/19/2020 1:35:00 PM,10,10,10,10,300,0
SID,6/23/2020 11:00:00 AM,9.2,9.2,9.2,9.2,1000,0
SID,6/24/2020 9:45:00 AM,9.5,9.5,9.5,9.5,300,0
SID,6/26/2020 10:45:00 AM,10.6,10.6,10.6,10.6,100,0
SID,6/30/2020 9:25:00 AM,10,10,9.2,9.2,1400,0
SID,7/1/2020 9:30:00 AM,9,9,8.6,8.6,1100,0
SID,7/2/2020 10:15:00 AM,9.1,9.1,9.1,9.1,700,0
SID,7/8/2020 2:50:00 PM,9.6,9.6,9.6,9.6,100,0
SID,7/9/2020 9:35:00 AM,9.5,9.8,9.5,9.8,600,0
SID,7/10/2020 1:00:00 PM,9.7,9.7,9.7,9.7,1000,0
SID,7/13/2020 10:55:00 AM,9.4,9.4,9.4,9.4,100,0
SID,7/14/2020 11:05:00 AM,9.1,9.1,9.1,9.1,100,0
SID,7/16/2020 9:50:00 AM,8.2,8.2,8.2,8.2,900,0
SID,7/21/2020 1:25:00 PM,9.3,9.3,9.3,9.3,100,0
SID,7/23/2020 2:40:00 PM,8.9,8.9,8.9,8.9,600,0
SID,7/24/2020 1:00:00 PM,8.9,8.9,8.9,8.9,100,0
SID,7/27/2020 9:20:00 AM,7.8,7.8,7.7,7.7,300,0
SID,7/28/2020 1:45:00 PM,7.9,7.9,7.9,7.9,200,0
SID,7/29/2020 1:25:00 PM,8.1,8.1,8.1,8.1,100,0
SID,7/30/2020 9:30:00 AM,9.2,9.3,9.2,9.3,1100,0
SID,8/3/2020 9:55:00 AM,9.2,9.2,9.2,9.2,100,0
SID,8/4/2020 9:00:00 AM,9.9,11,9.9,11,200,0
SID,8/5/2020 10:20:00 AM,10.8,10.8,10.8,10.8,100,0
SID,8/6/2020 10:05:00 AM,10.7,10.7,9.8,10.3,1100,0
SID,8/7/2020 10:10:00 AM,10.6,10.6,10.6,10.6,400,0
SID,8/10/2020 9:50:00 AM,10.8,10.8,10.8,10.8,100,0
SID,8/12/2020 1:00:00 PM,10,10,10,10,100,0
SID,8/13/2020 2:25:00 PM,10.4,10.4,10.4,10.4,200,0
SID,8/14/2020 1:30:00 PM,10,10,10,10,100,0
SID,8/17/2020 2:40:00 PM,9.7,9.7,9.6,9.6,500,0
SID,8/18/2020 10:10:00 AM,9.6,9.6,9.6,9.6,100,0
SID,8/19/2020 9:55:00 AM,10.9,10.9,10.9,10.9,100,0
SID,8/20/2020 1:45:00 PM,10,10,10,10,200,0
SID,8/24/2020 10:00:00 AM,10,10,10,10,200,0
SID,8/26/2020 9:20:00 AM,10.5,10.8,9.5,10.8,11700,0
SID,8/27/2020 11:10:00 AM,10.8,10.8,9.8,9.8,1500,0
SID,8/28/2020 1:15:00 PM,10,10,10,10,7000,0
SID,9/1/2020 10:15:00 AM,10,10,10,10,500,0
SID,9/3/2020 11:00:00 AM,9.8,9.8,9.8,9.8,100,0
SID,9/7/2020 9:10:00 AM,11,11,11,11,6000,0
SID,9/8/2020 1:00:00 PM,9.8,9.8,9.8,9.8,3000,0
SID,9/11/2020 1:40:00 PM,10.2,10.2,10.2,10.2,100,0
SID,9/14/2020 10:10:00 AM,9.8,9.8,9.8,9.8,100,0
SID,9/15/2020 1:40:00 PM,10.4,10.4,10.4,10.4,400,0
SID,9/16/2020 1:50:00 PM,10.2,10.2,10.2,10.2,100,0
SID,9/18/2020 9:45:00 AM,10.2,10.2,10.2,10.2,100,0
SID,9/21/2020 10:10:00 AM,10.1,10.1,10.1,10.1,200,0
SID,9/22/2020 11:25:00 AM,9.8,9.8,9.8,9.8,1500,0
SID,9/24/2020 10:35:00 AM,9.8,9.8,9.8,9.8,1100,0
SID,9/25/2020 1:00:00 PM,9.8,9.8,9.8,9.8,100,0
SID,9/30/2020 1:00:00 PM,9.5,9.5,9.5,9.5,100,0
SID,10/6/2020 2:20:00 PM,10,10,10,10,100,0
SID,10/7/2020 10:20:00 AM,9.5,9.5,9.5,9.5,1000,0
SID,10/8/2020 9:55:00 AM,9.5,9.5,9.5,9.5,200,0
SID,10/12/2020 11:10:00 AM,9.3,9.3,9.2,9.2,1500,0
SID,10/13/2020 1:20:00 PM,9,9,9,9,9100,0
SID,10/15/2020 10:10:00 AM,9.1,9.1,9.1,9.1,800,0
SID,10/23/2020 10:00:00 AM,9.7,9.7,9.7,9.7,200,0
SID,10/27/2020 9:05:00 AM,9,9,9,9,100,0
SID,10/29/2020 11:10:00 AM,10,10,10,10,1500,0
SID,10/30/2020 9:00:00 AM,9.4,9.4,9.4,9.4,100,0
SID,11/2/2020 9:10:00 AM,10,10,10,10,100,0
SID,11/3/2020 9:10:00 AM,10.1,10.1,10,10,2300,0
SID,11/4/2020 9:20:00 AM,10.2,10.2,10.1,10.2,3900,0
SID,11/5/2020 9:20:00 AM,10.5,10.5,10.5,10.5,200,0
SID,11/6/2020 9:35:00 AM,10.5,10.5,10.5,10.5,300,0
SID,11/9/2020 1:40:00 PM,10.4,10.4,10.4,10.4,100,0
SID,11/10/2020 2:15:00 PM,10.5,10.5,10.5,10.5,100,0
SID,11/11/2020 9:15:00 AM,10.6,10.6,10.6,10.6,1000,0
SID,11/16/2020 9:50:00 AM,11.5,11.5,11,11.5,17000,0
SID,11/17/2020 9:00:00 AM,11.5,12,11.5,12,17600,0
SID,11/18/2020 10:55:00 AM,11.8,11.8,11.8,11.8,100,0
SID,11/19/2020 9:05:00 AM,11.9,11.9,11.9,11.9,100,0
SID,11/20/2020 9:40:00 AM,12.1,12.5,12.1,12.5,2300,0
SID,11/23/2020 1:55:00 PM,14,14.6,14,14.6,9500,0
SID,11/24/2020 1:20:00 PM,15.5,15.5,15.5,15.5,7200,0
SID,11/25/2020 2:00:00 PM,13.1,13.1,13.1,13.1,3000,0
SID,11/26/2020 9:25:00 AM,14.5,14.5,11.3,11.3,168200,0
SID,11/27/2020 1:25:00 PM,12.9,12.9,12.9,12.9,2000,0
SID,11/30/2020 9:40:00 AM,12.5,12.5,12.5,12.5,100,0
SID,12/1/2020 10:35:00 AM,12,12,12,12,2600,0
SID,12/3/2020 9:00:00 AM,12.5,12.5,12.5,12.5,500,0
SID,12/4/2020 10:00:00 AM,11.5,11.5,11.5,11.5,1900,0
SID,12/7/2020 11:06:35 AM,13.2,13.2,12.7,12.7,16500,0
SID,12/8/2020 9:38:05 AM,13.1,14.8,13.1,14.2,700,0
SID,12/9/2020 9:00:59 AM,13.9,13.9,13.6,13.6,1200,0
SID,12/10/2020 9:16:29 AM,13.3,13.3,12.5,12.5,4400,0
SID,12/11/2020 11:02:31 AM,12.7,12.9,12.7,12.9,7400,0
SID,12/14/2020 9:55:54 AM,12.9,13.2,12.9,13,4600,0
SID,12/15/2020 9:03:49 AM,13,13,13,13,2800,0
SID,12/16/2020 9:13:56 AM,13,13,12.7,12.9,5600,0
SID,12/17/2020 2:51:56 PM,13,13,13,13,200,0
SID,12/18/2020 9:52:14 AM,13.2,13.7,13,13,4300,0
SID,12/21/2020 9:11:23 AM,14,14,13.2,13.9,1900,0
SID,12/22/2020 9:15:02 AM,13,13,12.9,12.9,400,0
SID,12/23/2020 9:19:46 AM,13,13.9,12.7,13.5,9000,0
SID,12/24/2020 9:12:01 AM,13.5,13.5,13,13.2,6200,0
SID,12/25/2020 10:41:41 AM,13.2,13.2,13,13,8700,0
SID,12/28/2020 10:54:53 AM,13.8,13.9,13.4,13.4,600,0
SID,12/29/2020 9:24:31 AM,13.7,13.9,13.7,13.9,6000,0
SID,12/30/2020 10:03:42 AM,13.9,14.5,13.9,14.3,9300,0
SID,12/31/2020 9:13:18 AM,15,15.9,14.2,15.9,10200,0
SID,1/4/2021 10:48:13 AM,17.5,17.5,15.6,15.6,16600,0
SID,1/5/2021 10:04:04 AM,19.3,19.3,17.5,17.6,500,0
SID,1/6/2021 9:11:51 AM,18.5,18.5,17.4,17.4,2700,0
SID,1/7/2021 9:27:23 AM,18.1,18.1,18,18,300,0
SID,1/8/2021 9:17:41 AM,18,18.5,18,18.5,1300,0
SID,1/11/2021 10:49:43 AM,16.5,17.7,16.5,17.7,1500,0
SID,1/12/2021 9:19:40 AM,20,20,16.5,17,1700,0
SID,1/13/2021 9:38:18 AM,17.1,18.9,17,17.1,7600,0
SID,1/14/2021 11:08:47 AM,17.1,17.1,17.1,17.1,400,0
SID,1/15/2021 9:38:39 AM,17.1,17.1,17.1,17.1,300,0
SID,1/18/2021 9:13:39 AM,19.4,19.4,17.5,17.6,1000,0
SID,1/19/2021 11:29:40 AM,16,16,15.3,16,11300,0
SID,1/20/2021 11:06:34 AM,15.5,16.9,13.6,16.9,4500,0
SID,1/21/2021 11:02:54 AM,16.2,16.2,15,16,1500,0
SID,1/22/2021 2:04:15 PM,16.1,16.1,16.1,16.1,100,0
SID,1/25/2021 1:28:25 PM,16.1,16.1,16.1,16.1,1300,0
SID,1/27/2021 9:26:22 AM,18,18,15,15,400,0
SID,1/28/2021 9:11:30 AM,17.2,17.3,14.6,14.7,3000,0
SID,2/2/2021 1:55:18 PM,15.4,15.4,15.4,15.4,100,0
SID,2/3/2021 2:30:34 PM,13.8,13.8,13.8,13.8,100,0
SID,2/4/2021 9:18:48 AM,15.8,15.8,15.8,15.8,300,0
SID,2/8/2021 9:06:02 AM,15.8,17.4,15.8,17.4,200,0
SID,2/9/2021 9:10:24 AM,17.4,17.4,17.4,17.4,2500,0
SID,2/17/2021 10:49:13 AM,17.2,17.2,17.2,17.2,600,0
SID,2/18/2021 9:53:40 AM,17,17,16.5,17,600,0
SID,2/23/2021 2:47:13 PM,16.5,16.5,16.5,16.5,100,0
SID,2/25/2021 10:54:59 AM,15,15,14.9,14.9,1600,0
SID,2/26/2021 9:28:15 AM,15,15,14.8,15,4800,0
SID,3/1/2021 10:05:15 AM,15,15,14.5,15,2300,0
SID,3/2/2021 1:50:14 PM,14.7,14.9,14.7,14.9,1900,0
SID,3/3/2021 2:17:08 PM,14.8,14.8,14.8,14.8,100,0
SID,3/4/2021 9:57:46 AM,14.8,14.8,14.5,14.5,2200,0
SID,3/5/2021 9:27:56 AM,14.5,14.5,14.2,14.2,3300,0
SID,3/8/2021 10:15:11 AM,14.1,14.1,14.1,14.1,1100,0
SID,3/9/2021 10:18:46 AM,14.2,15.5,14.1,15,2700,0
SID,3/10/2021 9:12:26 AM,15.1,15.2,15.1,15.2,2100,0
SID,3/11/2021 9:34:11 AM,15.1,15.2,15.1,15.2,4800,0
SID,3/12/2021 9:44:02 AM,15.9,15.9,15.7,15.8,1300,0
SID,3/15/2021 9:04:33 AM,15.8,15.8,15.7,15.7,17100,0
SID,3/16/2021 9:27:03 AM,15.7,15.7,15.7,15.7,100,0
SID,3/17/2021 1:46:49 PM,15.7,15.7,15,15,2800,0
SID,3/18/2021 11:05:56 AM,15.3,15.3,15,15.3,5100,0
SID,3/19/2021 9:15:06 AM,14.4,15,14.4,15,200,0
SID,3/22/2021 9:30:08 AM,14.3,15,14.3,15,4400,0
SID,3/23/2021 9:46:48 AM,15.1,15.1,14.5,15,8400,0
SID,3/24/2021 10:07:48 AM,15,15.5,14.5,15,7700,0
SID,3/26/2021 9:38:14 AM,14.5,14.5,14.5,14.5,200,0
SID,3/29/2021 10:51:27 AM,15.3,15.3,15.3,15.3,300,0
SID,3/30/2021 9:45:48 AM,14.5,14.6,14.5,14.6,3100,0
SID,3/31/2021 9:30:25 AM,15.4,15.4,15,15.4,8700,0
SID,4/1/2021 9:48:17 AM,15.2,15.5,14.8,15.3,3500,0
SID,4/2/2021 9:05:53 AM,16.5,16.5,16,16,400,0
SID,4/5/2021 9:19:58 AM,14,16,14,15.4,6000,0
SID,4/7/2021 9:04:46 AM,14.2,15,14.2,14.6,2600,0
SID,4/8/2021 1:02:33 PM,15,15,15,15,6000,0
SID,4/9/2021 10:15:35 AM,15,15.6,15,15.6,2200,0
SID,4/12/2021 1:26:09 PM,15.5,15.5,15.4,15.4,200,0
SID,4/14/2021 9:22:13 AM,14.1,15.1,14.1,14.7,8400,0
SID,4/15/2021 10:37:14 AM,14.4,14.4,14.4,14.4,800,0
SID,4/16/2021 10:14:34 AM,14.5,14.5,14,14,6600,0
SID,4/20/2021 9:51:12 AM,14.2,14.2,14.2,14.2,100,0
SID,4/22/2021 1:05:39 PM,14.5,14.5,14.5,14.5,1500,0
SID,4/23/2021 2:03:54 PM,14.5,14.5,14.5,14.5,100,0
SID,4/26/2021 9:16:15 AM,14,14,14,14,100,0
SID,4/28/2021 9:32:42 AM,13.1,14.8,13.1,14.8,200,0
SID,4/29/2021 9:27:26 AM,13,13,13,13,100,0
SID,5/5/2021 1:53:56 PM,13.6,13.6,13.6,13.6,100,0
SID,5/7/2021 9:17:12 AM,11.9,12.1,11.9,12.1,300,0
SID,5/10/2021 10:20:53 AM,13.8,13.8,13.8,13.8,600,0
SID,5/11/2021 9:03:32 AM,13.8,13.8,13.5,13.5,1300,0
SID,5/12/2021 9:45:55 AM,13,13.5,13,13.5,600,0
SID,5/13/2021 10:49:57 AM,14.3,14.3,12.5,12.5,1000,0
SID,5/14/2021 10:21:51 AM,12.5,13.5,12.5,12.6,500,0
SID,5/17/2021 9:38:34 AM,12.5,12.5,12.5,12.5,100,0
SID,5/18/2021 2:41:55 PM,13.5,13.5,12.6,12.6,2100,0
SID,5/19/2021 10:09:43 AM,12.6,12.6,12.5,12.5,6100,0
SID,5/20/2021 2:23:23 PM,14,14,12.5,12.5,200,0
SID,5/21/2021 9:18:46 AM,12.5,12.5,12.5,12.5,400,0
SID,5/24/2021 2:53:34 PM,12.6,12.6,12.6,12.6,500,0
SID,5/25/2021 1:47:43 PM,13,13,13,13,1000,0
SID,5/26/2021 2:05:21 PM,12.8,12.8,12.8,12.8,300,0
SID,5/27/2021 10:34:08 AM,12.8,12.8,12.7,12.7,2000,0
SID,5/28/2021 9:26:06 AM,12.8,12.8,12.8,12.8,300,0
SID,5/31/2021 9:50:54 AM,13.6,14.6,13.1,13.1,24500,0
SID,6/1/2021 10:58:30 AM,15,15,13.6,13.6,2500,0
SID,6/2/2021 9:55:42 AM,12.8,12.8,12.8,12.8,100,0
SID,6/3/2021 9:02:12 AM,12.8,13.4,12.8,13,8000,0
SID,6/7/2021 1:33:18 PM,13.4,13.4,13.4,13.4,5100,0
SID,6/8/2021 1:00:16 PM,13,13.3,13,13.3,4500,0
SID,6/9/2021 9:54:23 AM,13.2,13.3,13.2,13.3,2300,0
SID,6/10/2021 1:00:18 PM,13.3,13.4,13.3,13.4,2000,0
SID,6/11/2021 1:43:09 PM,13.4,13.4,13.4,13.4,100,0
SID,6/14/2021 9:51:28 AM,13.5,13.6,13.5,13.6,1600,0
SID,6/15/2021 9:39:07 AM,13.6,13.6,13.6,13.6,800,0
SID,6/17/2021 9:12:17 AM,12,12,12,12,100,0
SID,6/18/2021 9:31:14 AM,13,13.5,13,13.3,1800,0
SID,6/21/2021 9:39:28 AM,13.5,13.5,13.3,13.3,5100,0
SID,6/23/2021 9:29:36 AM,12.5,12.9,12.5,12.9,1300,0
SID,6/24/2021 9:37:18 AM,12.9,14.4,12.9,13,8700,0
SID,6/25/2021 10:26:30 AM,13.1,13.1,13.1,13.1,200,0
SID,6/29/2021 9:22:46 AM,13.2,13.7,13.2,13.7,16700,0
SID,6/30/2021 11:18:00 AM,13.6,13.6,13.6,13.6,3600,0
SID,7/1/2021 9:15:08 AM,13.8,14,13.7,13.9,8600,0
SID,7/2/2021 9:24:42 AM,14,14.1,14,14,2600,0
SID,7/5/2021 9:34:24 AM,14.5,14.5,13.9,13.9,4300,0
SID,7/6/2021 9:28:38 AM,13.8,13.9,13.8,13.9,3300,0
SID,7/7/2021 10:47:22 AM,13.5,14.1,13.5,14,11400,0
SID,7/8/2021 9:22:49 AM,14,15.7,14,15.7,43300,0
SID,7/9/2021 9:01:46 AM,16.8,16.9,16.8,16.9,67500,0
SID,7/12/2021 9:03:22 AM,19,19.4,18,18.5,77900,0
SID,7/13/2021 9:02:47 AM,18.7,18.7,15.9,16,31800,0
SID,7/14/2021 9:52:10 AM,16.8,16.8,15.4,15.4,2700,0
SID,7/15/2021 9:02:31 AM,15.4,15.7,13.4,14.9,29700,0
SID,7/16/2021 9:31:02 AM,14.9,15.3,14.9,15,8900,0
SID,7/19/2021 9:49:36 AM,14.8,14.8,14,14.5,19400,0
SID,7/20/2021 9:55:04 AM,14.5,14.5,14.2,14.5,2700,0
SID,7/21/2021 9:37:28 AM,14.3,15,14.3,15,4700,0
SID,7/30/2021 9:08:10 AM,14.8,14.8,13.9,14.5,22300,0
SID,8/6/2021 9:19:31 AM,14.1,14.1,13,13,41700,0
SID,8/13/2021 9:01:09 AM,13.3,14.1,13.3,14,39800,0
SID,8/20/2021 9:18:31 AM,14,15.7,14,14.5,31800,0
SID,8/27/2021 9:36:18 AM,14.3,14.6,14.2,14.6,23500,0
SID,9/10/2021 9:02:56 AM,14.5,14.7,14.4,14.5,37100,0
SID,9/17/2021 9:02:28 AM,14.6,14.9,14.5,14.9,14500,0
SID,9/24/2021 9:22:43 AM,14.8,15.2,14.7,14.9,5800,0
SID,10/1/2021 9:53:15 AM,14.9,15.1,14.6,15.1,19500,0
SID,10/8/2021 9:16:51 AM,15,17,15,17,40000,0
SID,10/15/2021 9:38:59 AM,17,17.6,16.7,16.7,21900,0
SID,10/22/2021 9:47:25 AM,16.4,17.3,16.2,16.2,89100,0
SID,10/29/2021 9:46:45 AM,16.6,18,16.3,18,18800,0
SID,11/5/2021 9:25:47 AM,17.9,17.9,16.6,17,21000,0
SID,11/9/2021 2:16:33 PM,16.5,16.5,16.4,16.4,4100,0
SID,11/10/2021 9:13:20 AM,16.4,17.6,16.4,17.6,27600,0
SID,11/11/2021 9:07:40 AM,18.1,18.2,17.1,17.1,20500,0
SID,11/12/2021 10:48:22 AM,17.1,17.5,17.1,17.5,9300,0
SID,11/15/2021 9:28:01 AM,17.2,17.5,17.2,17.4,31700,0
SID,11/16/2021 9:15:38 AM,17.2,17.4,17.2,17.4,14900,0
SID,11/17/2021 9:29:30 AM,17.4,17.4,17.2,17.3,8500,0
SID,11/18/2021 9:01:42 AM,17.8,17.8,17.2,17.2,10800,0
SID,11/19/2021 9:01:28 AM,17,17.8,17,17.5,1300,0
SID,11/22/2021 2:01:12 PM,16.5,16.8,16.5,16.8,400,0
SID,11/23/2021 10:47:49 AM,16.5,16.5,16.2,16.2,5800,0
SID,11/24/2021 1:00:05 PM,17.8,17.8,16,17,800,0
SID,11/25/2021 10:58:08 AM,16.5,17.2,16.5,17.2,900,0
SID,11/26/2021 9:10:00 AM,17.2,17.5,16.1,17.2,1700,0
SID,11/29/2021 9:46:19 AM,16.8,16.8,16.7,16.7,6100,0
SID,11/30/2021 9:34:04 AM,16.8,16.8,16.7,16.7,8000,0
SID,12/1/2021 9:26:36 AM,16.7,16.7,16.7,16.7,1000,0
SID,12/2/2021 1:35:34 PM,16.7,16.7,16.7,16.7,100,0
SID,12/3/2021 9:33:55 AM,15.8,17.8,15.8,17.5,19200,0
SID,12/6/2021 2:41:09 PM,16,16,16,16,600,0
SID,12/8/2021 9:20:06 AM,16.9,16.9,15.1,16,5500,0
SID,12/9/2021 9:30:34 AM,16.4,16.4,15.2,16,2300,0
SID,12/10/2021 9:27:21 AM,15.5,15.6,15.5,15.6,1000,0
SID,12/13/2021 9:00:31 AM,15.6,15.7,15.5,15.7,2100,0
SID,12/14/2021 1:37:17 PM,16.8,16.8,16.3,16.5,2800,0
SID,12/15/2021 9:10:10 AM,19,19,16.9,19,44100,0
SID,12/16/2021 9:07:13 AM,19,20.2,18.3,20.2,78800,0
SID,12/17/2021 9:01:25 AM,22.2,22.4,22.2,22.4,22500,0
SID,12/20/2021 9:09:09 AM,23.9,23.9,21.2,22,32800,0
SID,12/21/2021 9:23:44 AM,20.9,22,19.5,19.7,27700,0
SID,12/22/2021 10:04:48 AM,19.5,20.1,18,20,32200,0
SID,12/23/2021 9:43:02 AM,22,22,21.4,21.4,1000,0
SID,12/24/2021 10:11:31 AM,21,21.4,18.8,18.9,2300,0
SID,12/27/2021 9:04:36 AM,20.9,20.9,17.6,17.6,16600,0
SID,12/28/2021 9:24:02 AM,18.2,19.9,17.5,17.9,3700,0
SID,12/29/2021 9:23:28 AM,18,19.9,18,18.5,2500,0
SID,12/30/2021 9:20:19 AM,19,19,18,18.9,5100,0
SID,12/31/2021 10:02:09 AM,18.7,18.8,18.7,18.8,3600,0
SID,1/4/2022 9:01:53 AM,18.7,19.8,18.7,19.6,2400,0
SID,1/5/2022 10:17:20 AM,18,18.5,18,18.5,1100,0
SID,1/6/2022 9:09:26 AM,18.1,18.9,18.1,18.8,11200,0
SID,1/7/2022 10:51:11 AM,18.5,20,18.5,19.5,12600,0
SID,1/10/2022 9:02:04 AM,19.4,19.6,19.3,19.6,6300,0
SID,1/11/2022 9:40:48 AM,21,21,18.6,18.6,15300,0
SID,1/12/2022 9:24:20 AM,18.6,18.8,18.6,18.7,12600,0
SID,1/13/2022 9:18:52 AM,21.5,21.5,18.3,18.3,19400,0
SID,1/14/2022 9:40:32 AM,19,19,19,19,200,0
SID,1/17/2022 1:38:15 PM,19,19,19,19,700,0
SID,1/18/2022 9:51:19 AM,21.3,21.3,21.3,21.3,500,0
SID,1/19/2022 9:00:11 AM,21.2,21.2,20.4,20.4,1400,0
SID,1/20/2022 2:34:26 PM,18.5,18.5,18.5,18.5,300,0
SID,1/21/2022 9:25:09 AM,18.5,18.5,18,18,2300,0
SID,1/24/2022 9:24:44 AM,16.8,17.8,16.8,17.8,7100,0
SID,1/25/2022 9:19:59 AM,17.7,18.8,17.7,18.8,1300,0
SID,1/26/2022 2:58:16 PM,18.3,18.3,18.3,18.3,200,0
SID,1/27/2022 9:25:12 AM,16,19.3,16,18,1900,0
SID,1/28/2022 1:53:38 PM,16.9,18.1,16.9,18.1,2600,0
SID,2/7/2022 9:49:09 AM,19.3,19.3,17.4,18.3,12700,0
SID,2/8/2022 9:54:36 AM,17.1,20,16.9,18.5,29900,0
SID,2/9/2022 10:23:20 AM,17.5,19.3,17.4,17.4,22500,0
SID,2/10/2022 10:11:30 AM,18.3,18.3,17.5,17.5,6200,0
SID,2/11/2022 9:03:15 AM,18.2,18.2,16.4,16.4,1600,0
SID,2/14/2022 10:55:59 AM,17.5,17.5,16.8,16.8,6400,0
SID,2/15/2022 2:20:44 PM,16.6,17,16.6,17,300,0
SID,2/16/2022 9:50:47 AM,17.1,17.4,17.1,17.2,7200,0
SID,2/17/2022 9:44:42 AM,18.3,18.3,17.4,17.4,2600,0
SID,2/21/2022 10:42:09 AM,17.4,17.4,17.1,17.1,5200,0
SID,2/22/2022 9:07:58 AM,18.3,18.3,16.7,17.7,4400,0
SID,2/23/2022 9:22:23 AM,17.9,17.9,16.8,16.9,13600,0
SID,2/24/2022 9:20:33 AM,16.8,16.8,16.3,16.3,23800,0
SID,2/25/2022 9:32:11 AM,17.9,17.9,17.9,17.9,100,0
SID,3/2/2022 9:10:04 AM,17.9,17.9,16.2,16.2,1400,0
SID,3/3/2022 10:54:03 AM,16.1,16.1,16.1,16.1,2400,0
SID,3/4/2022 10:26:14 AM,16.3,16.5,16.3,16.5,5100,0
SID,3/7/2022 10:12:39 AM,16.3,16.9,16.3,16.9,1000,0
SID,3/8/2022 9:22:51 AM,16.1,16.2,15.1,16.2,15800,0
SID,3/9/2022 9:20:49 AM,15.4,16,15.2,16,2100,0
SID,3/10/2022 10:33:15 AM,15.7,15.9,15.7,15.7,8600,0
SID,3/11/2022 10:42:36 AM,15.9,15.9,15.9,15.9,1700,0
SID,3/15/2022 9:53:23 AM,16,16.3,15.5,16.2,1300,0
SID,3/16/2022 10:22:57 AM,16,16,16,16,2400,0
SID,3/18/2022 9:13:09 AM,15.5,15.5,15.5,15.5,400,0
SID,3/21/2022 10:12:44 AM,16.3,16.3,16.2,16.2,900,0
SID,3/22/2022 9:00:11 AM,15.5,16.5,15.5,16.5,5100,0
SID,3/23/2022 9:19:41 AM,16.1,16.1,16.1,16.1,2200,0
SID,3/24/2022 1:48:32 PM,16.9,16.9,16.9,16.9,200,0
SID,3/25/2022 9:01:38 AM,17,19.4,17,17.5,29100,0
SID,3/28/2022 9:40:57 AM,17.7,18,17.5,18,2000,0
SID,3/29/2022 9:17:08 AM,19,19,18.7,18.7,1600,0
SID,3/30/2022 10:03:22 AM,18,18,16.8,16.8,3900,0
SID,3/31/2022 9:24:48 AM,16.9,16.9,16.5,16.5,3900,0
SID,4/1/2022 9:53:15 AM,17.3,17.9,17.3,17.7,3800,0
SID,4/4/2022 9:00:48 AM,17.7,17.7,16.9,17.4,8900,0
SID,4/5/2022 10:06:04 AM,17,17,17,17,200,0
SID,4/6/2022 9:58:36 AM,17.5,17.5,16.7,16.7,600,0
SID,4/8/2022 10:07:31 AM,17.9,17.9,16.4,16.4,5000,0
SID,4/12/2022 9:29:01 AM,16.9,16.9,15.9,15.9,1700,0
SID,4/13/2022 9:36:41 AM,15.6,15.6,15.6,15.6,3800,0
SID,4/14/2022 2:05:47 PM,16.3,16.3,16.3,16.3,100,0
SID,4/15/2022 9:17:30 AM,16.3,16.4,16.3,16.4,200,0
SID,4/18/2022 11:16:58 AM,16.2,16.2,15.6,15.6,300,0
SID,4/20/2022 9:09:34 AM,15.7,15.7,15.6,15.7,800,0
SID,4/21/2022 10:25:02 AM,15.6,16,15.6,16,6700,0
SID,4/22/2022 9:15:34 AM,16,16.3,16,16.1,3100,0
SID,4/25/2022 9:16:15 AM,16.2,16.8,16.2,16.2,2500,0
SID,4/26/2022 9:04:41 AM,14.2,14.2,14.2,14.2,5100,0
SID,4/27/2022 9:13:05 AM,14.3,16.3,14.3,16.3,6800,0
SID,4/28/2022 11:27:17 AM,15.2,16.3,15.2,16.3,1200,0
SID,4/29/2022 9:42:14 AM,16.9,17.8,16.9,17.5,8900,0
SID,5/5/2022 9:00:12 AM,15,18.6,15,18.2,48200,0
SID,5/6/2022 9:24:55 AM,16.1,18,16.1,17.5,2100,0
SID,5/9/2022 9:05:26 AM,15.3,15.3,15.3,15.3,2500,0
SID,5/10/2022 9:01:57 AM,13.3,13.3,13.3,13.3,12100,0
SID,5/11/2022 9:27:07 AM,15.1,15.1,13.7,13.9,44100,0
SID,5/12/2022 9:59:51 AM,13.8,14.7,13.7,14.5,7600,0
SID,5/13/2022 9:05:58 AM,14.8,14.8,14.5,14.5,3100,0
SID,5/16/2022 9:03:13 AM,15.8,15.8,12.5,14.8,62100,0
SID,5/17/2022 1:47:57 PM,13.9,14,12.7,12.8,20300,0
SID,5/18/2022 1:09:09 PM,12.2,12.5,12.2,12.5,22200,0
SID,5/19/2022 9:39:42 AM,13.9,14.2,13.9,14.2,6300,0
SID,5/20/2022 9:01:47 AM,15.5,15.5,12.5,13,18200,0
SID,5/23/2022 9:50:48 AM,14.8,14.8,12.8,12.8,12400,0
SID,5/24/2022 1:23:34 PM,12.6,12.6,12.6,12.6,600,0
SID,5/25/2022 9:08:43 AM,13.9,13.9,12.8,13.9,20700,0
SID,5/26/2022 9:34:48 AM,13,13,12.6,12.6,20400,0
SID,5/27/2022 9:14:45 AM,13.6,13.6,12.1,12.5,14600,0
SID,5/30/2022 9:45:14 AM,12.8,13.4,12.8,12.8,2400,0
SID,5/31/2022 9:08:26 AM,14.3,14.3,12.6,13.4,33800,0
SID,6/1/2022 11:07:23 AM,13,13,13,13,300,0
SID,6/2/2022 9:02:46 AM,14.2,14.2,12.6,13,15600,0
SID,6/3/2022 9:06:50 AM,13.3,13.3,12.3,13.3,20100,0
SID,6/6/2022 1:17:41 PM,12.3,12.3,12.3,12.3,400,0
SID,6/7/2022 9:37:53 AM,13.3,13.3,12.4,13.1,22800,0
SID,6/8/2022 9:06:25 AM,13.8,13.8,12.4,12.8,21600,0
SID,6/10/2022 9:37:42 AM,14.3,14.3,14.1,14.1,10600,0
SID,6/13/2022 9:06:59 AM,14.2,14.2,12.8,13.5,31600,0
SID,6/14/2022 9:51:03 AM,13.5,13.5,12.5,12.5,1300,0
SID,6/15/2022 10:49:02 AM,12.5,12.5,12.3,12.3,8000,0
SID,6/16/2022 9:02:05 AM,13.6,13.6,12.1,12.1,33200,0
SID,6/17/2022 9:00:13 AM,12,13.3,12,12.2,12300,0
SID,6/20/2022 1:20:11 PM,12,12.6,11.7,12.6,2400,0
SID,6/21/2022 9:09:24 AM,11.1,12.7,11.1,11.1,49200,0
SID,6/22/2022 9:35:03 AM,11.8,12,11.8,11.8,5800,0
SID,6/24/2022 9:21:50 AM,12,12,10.9,11.9,39000,0
SID,6/27/2022 9:24:59 AM,12.5,12.5,11.2,11.5,31500,0
SID,6/28/2022 1:42:48 PM,11.7,11.7,11.7,11.7,2000,0
SID,6/29/2022 9:25:46 AM,12.3,12.3,11,11.1,33700,0
SID,7/1/2022 9:02:32 AM,12.2,12.2,12,12,1800,0
SID,7/4/2022 9:15:22 AM,12.2,12.2,11.2,11.2,33300,0
SID,7/5/2022 9:30:35 AM,11,11,11,11,2000,0
SID,7/6/2022 9:19:23 AM,11.4,11.4,10.4,11.4,28400,0
SID,7/7/2022 9:06:16 AM,10.1,11.5,10.1,11.4,23600,0
SID,7/8/2022 2:18:17 PM,11.4,11.5,11.4,11.5,1800,0
SID,7/11/2022 9:09:22 AM,10.3,11.8,10.3,11.5,31000,0
SID,7/12/2022 2:31:33 PM,11.4,11.4,11.4,11.4,100,0
SID,7/13/2022 1:41:37 PM,11.1,11.1,11.1,11.1,400,0
SID,7/14/2022 10:08:04 AM,11,11,11,11,1000,0
SID,7/15/2022 1:52:13 PM,11.2,11.2,11.2,11.2,500,0
SID,7/19/2022 9:14:43 AM,10.4,10.4,10.4,10.4,14300,0
SID,7/20/2022 1:12:55 PM,10.6,11.3,10.6,11.3,600,0
SID,7/21/2022 9:43:34 AM,10.7,10.7,10.7,10.7,100,0
SID,7/22/2022 10:59:06 AM,11.4,11.4,11.4,11.4,1000,0
SID,7/26/2022 10:05:25 AM,11.5,11.5,11.4,11.4,200,0
SID,7/27/2022 9:11:09 AM,11.4,11.4,10.1,10.1,33900,0
SID,7/28/2022 9:19:17 AM,11.5,11.5,11.5,11.5,1100,0
SID,8/1/2022 9:00:35 AM,11.5,12.5,11.5,11.5,1900,0
SID,8/2/2022 9:21:58 AM,11.6,12.9,11.6,12.9,1100,0
SID,8/3/2022 9:06:21 AM,12.8,12.8,11.1,12.8,30400,0
SID,8/4/2022 10:21:02 AM,12.7,12.8,12.7,12.8,300,0
SID,8/8/2022 9:27:06 AM,12.7,12.7,11.3,12.7,30300,0
SID,8/9/2022 9:21:14 AM,12.7,12.7,12.7,12.7,100,0
SID,8/10/2022 2:52:27 PM,12.7,12.7,12.7,12.7,200,0
SID,8/11/2022 2:13:33 PM,12.7,12.7,12.7,12.7,100,0
SID,8/12/2022 9:10:02 AM,13.4,13.4,11.2,11.2,32400,0
SID,8/15/2022 9:16:10 AM,12.9,12.9,11.3,12,93700,0
SID,8/16/2022 9:09:21 AM,12.7,12.9,12.7,12.9,25300,0
SID,8/17/2022 10:32:05 AM,12.9,13.5,12.9,13.5,7100,0
SID,8/18/2022 9:08:49 AM,11.8,13,11.8,12,24500,0
SID,8/19/2022 9:38:46 AM,12.1,13.6,12.1,13.6,25600,0
SID,8/22/2022 9:22:14 AM,14.4,14.5,13.2,14.5,33400,0
SID,8/23/2022 9:57:53 AM,14.2,15.7,14.2,15.5,4700,0
SID,8/24/2022 9:02:30 AM,15.7,15.7,13.8,15.3,27100,0
SID,8/25/2022 9:09:52 AM,13.6,15.6,13.6,14.5,16000,0
SID,8/26/2022 9:59:44 AM,14,15.7,14,15.6,5800,0
SID,8/29/2022 9:04:03 AM,15,15,14.1,14.1,12200,0
SID,8/30/2022 9:47:58 AM,13.3,14.9,13.3,14.9,6500,0
SID,8/31/2022 9:21:20 AM,15.9,15.9,13.5,15.5,36700,0
SID,9/5/2022 1:35:53 PM,15.1,15.1,14,14,1400,0
SID,9/6/2022 9:16:52 AM,16.1,16.1,13.1,14.9,21900,0
SID,9/7/2022 9:07:00 AM,14.8,14.9,14.8,14.8,1300,0
SID,9/8/2022 10:25:19 AM,13.6,13.6,13.6,13.6,300,0
SID,9/9/2022 9:04:05 AM,12.7,15.3,12.7,15.3,13800,0
SID,9/12/2022 9:11:08 AM,12.6,12.8,12.6,12.8,5000,0
