SJF,12/19/2017 9:15:00 AM,13.74,13.87,13.66,13.7,159830,0
SJF,12/20/2017 9:15:00 AM,13.66,13.87,13.62,13.83,175840,0
SJF,12/21/2017 9:15:00 AM,13.83,13.95,13.74,13.87,164800,0
SJF,12/22/2017 9:15:00 AM,13.83,14.03,13.83,13.99,173810,0
SJF,12/25/2017 9:15:00 AM,13.83,13.99,13.7,13.91,147290,0
SJF,12/26/2017 9:15:00 AM,13.91,13.99,13.83,13.83,128360,0
SJF,12/27/2017 9:15:00 AM,13.83,13.87,13.62,13.66,120350,0
SJF,12/28/2017 9:15:00 AM,13.62,13.66,13.49,13.62,107040,0
SJF,12/29/2017 9:15:00 AM,13.66,13.66,13.58,13.62,112510,0
SJF,1/2/2018 9:15:00 AM,13.62,13.74,13.62,13.74,150560,0
SJF,1/3/2018 9:15:00 AM,13.78,13.91,13.74,13.83,143960,0
SJF,1/4/2018 9:15:00 AM,13.78,13.83,13.7,13.74,132250,0
SJF,1/5/2018 9:15:00 AM,13.7,13.87,13.7,13.83,115790,0
SJF,1/8/2018 9:15:00 AM,13.74,13.87,13.66,13.87,223870,0
SJF,1/9/2018 9:15:00 AM,13.87,14.08,13.83,13.99,205740,0
SJF,1/10/2018 9:15:00 AM,14.03,14.2,14.03,14.12,225690,0
SJF,1/11/2018 9:15:00 AM,14.16,14.2,13.95,14.08,206920,0
SJF,1/12/2018 9:15:00 AM,13.99,14.08,13.87,13.95,190580,0
SJF,1/15/2018 9:15:00 AM,13.91,13.99,13.74,13.95,170500,0
SJF,1/16/2018 9:15:00 AM,13.83,13.99,13.74,13.91,170620,0
SJF,1/17/2018 9:15:00 AM,13.91,13.95,13.83,13.83,161960,0
SJF,1/18/2018 9:15:00 AM,13.74,13.74,13.58,13.7,142530,0
SJF,1/19/2018 9:15:00 AM,13.66,13.74,13.62,13.7,156010,0
SJF,1/22/2018 9:10:00 AM,13.7,13.99,13.7,13.95,178400,0
SJF,1/25/2018 9:10:00 AM,13.99,14.12,13.99,14.03,166930,0
SJF,1/26/2018 9:15:00 AM,14.08,14.12,13.91,14.03,161450,0
SJF,1/29/2018 9:15:00 AM,13.95,14.12,13.91,13.91,174650,0
SJF,1/30/2018 9:15:00 AM,13.78,13.91,13.74,13.83,177240,0
SJF,1/31/2018 9:15:00 AM,13.83,13.83,13.45,13.45,159070,0
SJF,2/1/2018 9:15:00 AM,13.45,13.49,13.24,13.24,167220,0
SJF,2/2/2018 9:15:00 AM,13.16,13.24,13.03,13.12,169420,0
SJF,2/5/2018 9:15:00 AM,13.08,13.08,12.87,12.91,142390,0
SJF,2/6/2018 9:15:00 AM,12.74,12.78,12.58,12.74,132290,0
SJF,2/7/2018 9:15:00 AM,12.74,12.83,12.7,12.83,140890,0
SJF,2/8/2018 9:15:00 AM,12.78,12.87,12.74,12.74,132910,0
SJF,2/9/2018 9:15:00 AM,12.7,12.78,12.58,12.74,147270,0
SJF,2/12/2018 9:15:00 AM,12.74,12.83,12.7,12.83,134210,0
SJF,2/13/2018 9:15:00 AM,12.83,12.95,12.78,12.91,146500,0
SJF,2/21/2018 9:15:00 AM,12.91,12.99,12.87,12.95,131350,0
SJF,2/22/2018 9:15:00 AM,12.91,13.03,12.91,12.99,133700,0
SJF,2/23/2018 9:15:00 AM,12.91,13.03,12.91,13.03,132760,0
SJF,2/26/2018 9:15:00 AM,12.91,13.03,12.91,12.91,126570,0
SJF,2/27/2018 9:15:00 AM,12.91,12.99,12.87,12.91,125250,0
SJF,2/28/2018 9:10:00 AM,12.83,12.95,12.83,12.91,121050,0
SJF,3/1/2018 9:15:00 AM,12.91,12.91,12.78,12.83,123010,0
SJF,3/2/2018 9:10:00 AM,12.87,12.87,12.74,12.87,128300,0
SJF,3/5/2018 9:15:00 AM,12.83,12.91,12.83,12.83,121570,0
SJF,3/6/2018 9:15:00 AM,12.83,12.91,12.78,12.91,125080,0
SJF,3/7/2018 9:10:00 AM,12.91,13.03,12.87,12.95,153870,0
SJF,3/8/2018 9:15:00 AM,12.91,13.03,12.91,12.99,126940,0
SJF,3/9/2018 9:15:00 AM,12.99,13.03,12.91,12.91,125690,0
SJF,3/12/2018 9:15:00 AM,12.83,12.91,12.78,12.78,125940,0
SJF,3/13/2018 9:15:00 AM,12.74,12.83,12.66,12.7,115540,0
SJF,3/14/2018 9:15:00 AM,12.66,12.74,12.66,12.7,102090,0
SJF,3/15/2018 9:10:00 AM,12.7,12.74,12.62,12.74,102790,0
SJF,3/16/2018 9:15:00 AM,12.74,12.78,12.7,12.78,103830,0
SJF,3/19/2018 9:15:00 AM,12.78,12.83,12.7,12.74,109440,0
SJF,3/20/2018 9:15:00 AM,12.7,12.78,12.66,12.74,101980,0
SJF,3/21/2018 9:15:00 AM,12.74,12.78,12.7,12.74,100670,0
SJF,3/22/2018 9:15:00 AM,12.66,12.74,12.58,12.66,117060,0
SJF,3/23/2018 9:15:00 AM,12.58,12.66,12.53,12.62,98190,0
SJF,3/26/2018 9:10:00 AM,12.62,12.7,12.58,12.66,110630,0
SJF,3/27/2018 9:15:00 AM,12.66,12.7,12.62,12.66,108330,0
SJF,3/28/2018 9:15:00 AM,12.66,12.7,12.62,12.62,102280,0
SJF,3/29/2018 9:15:00 AM,12.62,12.66,12.58,12.62,99340,0
SJF,3/30/2018 9:10:00 AM,12.62,12.66,12.53,12.62,98930,0
SJF,4/2/2018 9:15:00 AM,12.66,12.66,12.58,12.66,96420,0
SJF,4/3/2018 9:15:00 AM,12.58,12.7,12.53,12.62,101040,0
SJF,4/4/2018 9:15:00 AM,12.62,12.66,12.49,12.58,97340,0
SJF,4/5/2018 9:15:00 AM,12.62,12.62,12.49,12.58,96530,0
SJF,4/6/2018 9:15:00 AM,12.58,12.66,12.53,12.58,96160,0
SJF,4/9/2018 9:15:00 AM,12.58,12.66,12.53,12.66,99730,0
SJF,4/10/2018 9:10:00 AM,12.66,12.66,12.58,12.62,97050,0
SJF,4/11/2018 9:15:00 AM,12.58,12.66,12.49,12.53,94380,0
SJF,4/12/2018 9:15:00 AM,12.53,12.53,12.45,12.53,94170,0
SJF,4/13/2018 9:15:00 AM,12.53,12.58,12.37,12.37,92560,0
SJF,4/16/2018 9:15:00 AM,12.37,12.37,12.24,12.37,92800,0
SJF,4/17/2018 9:15:00 AM,12.37,12.37,12.24,12.37,96860,0
SJF,4/18/2018 9:15:00 AM,12.33,12.41,12.29,12.29,92480,0
SJF,4/19/2018 9:15:00 AM,12.29,12.33,12.24,12.33,96580,0
SJF,4/20/2018 9:15:00 AM,12.29,12.37,12.24,12.37,94000,0
SJF,4/23/2018 9:10:00 AM,12.37,12.41,12.29,12.41,101710,0
SJF,4/24/2018 9:10:00 AM,12.45,12.49,12.37,12.41,93030,0
SJF,4/26/2018 9:10:00 AM,12.41,12.41,12.33,12.37,92190,0
SJF,4/27/2018 9:15:00 AM,12.33,12.41,12.29,12.41,94850,0
SJF,5/2/2018 9:10:00 AM,12.41,12.41,12.33,12.37,90890,0
SJF,5/3/2018 9:15:00 AM,12.33,12.37,12.29,12.37,91310,0
SJF,5/4/2018 9:15:00 AM,12.37,12.41,12.29,12.37,92680,0
SJF,5/7/2018 9:15:00 AM,12.37,12.41,12.37,12.41,94890,0
SJF,5/8/2018 9:15:00 AM,12.33,12.45,12.33,12.41,91420,0
SJF,5/9/2018 9:15:00 AM,12.41,12.45,12.37,12.37,92330,0
SJF,5/10/2018 9:15:00 AM,12.37,12.41,12.29,12.29,152090,0
SJF,5/11/2018 9:15:00 AM,12.29,12.37,12.24,12.33,150790,0
SJF,5/14/2018 9:15:00 AM,12.08,12.91,12.08,12.7,390770,0
SJF,5/15/2018 9:15:00 AM,12.74,13.16,12.7,12.99,459550,0
SJF,5/16/2018 9:15:00 AM,13.03,13.2,12.99,13.16,494930,0
SJF,5/17/2018 9:15:00 AM,13.16,13.66,13.03,13.49,507180,0
SJF,5/18/2018 9:15:00 AM,13.49,14.33,13.49,14.33,425120,0
SJF,5/21/2018 9:15:00 AM,14.33,14.91,13.91,13.91,581390,0
SJF,5/22/2018 9:10:00 AM,13.78,13.99,13.08,13.08,173550,0
SJF,5/23/2018 9:10:00 AM,13.08,13.08,12.7,12.91,326830,0
SJF,5/24/2018 9:15:00 AM,12.87,12.95,12.62,12.74,315520,0
SJF,5/25/2018 9:15:00 AM,12.7,13.62,12.37,13.49,479750,0
SJF,5/28/2018 9:10:00 AM,13.49,14.33,13.45,14.16,407530,0
SJF,5/29/2018 9:15:00 AM,14.24,15.12,14.2,15.12,705800,0
SJF,5/30/2018 9:15:00 AM,15.12,15.57,14.99,15.49,868890,0
SJF,5/31/2018 9:15:00 AM,15.57,15.95,15.28,15.41,461740,0
SJF,6/1/2018 9:15:00 AM,15.41,16.41,14.7,16.41,883900,0
SJF,6/4/2018 9:15:00 AM,16.41,17.53,16.41,17.24,783090,0
SJF,6/5/2018 9:15:00 AM,17.24,17.66,17.2,17.66,467220,0
SJF,6/6/2018 9:15:00 AM,17.66,18.24,16.49,16.49,494220,0
SJF,6/7/2018 9:15:00 AM,16.41,16.41,15.82,16.12,412760,0
SJF,6/8/2018 9:15:00 AM,15.82,16.32,15.49,15.49,402260,0
SJF,6/11/2018 9:15:00 AM,15.41,15.82,15.33,15.57,446220,0
SJF,6/12/2018 9:15:00 AM,15.53,15.53,14.99,15.24,443350,0
SJF,6/13/2018 9:15:00 AM,15.24,15.57,15.08,15.28,508500,0
SJF,6/14/2018 9:15:00 AM,15.28,15.41,14.99,15.08,608560,0
SJF,6/15/2018 9:15:00 AM,15.08,15.49,14.91,14.95,534610,0
SJF,6/18/2018 9:15:00 AM,15.16,15.33,14.53,14.66,524410,0
SJF,6/19/2018 9:15:00 AM,14.62,14.74,14.45,14.74,419730,0
SJF,6/20/2018 9:15:00 AM,14.78,15.74,14.7,15.74,971730,0
SJF,6/21/2018 9:15:00 AM,15.78,16.82,15.78,16.82,1357280,0
SJF,6/22/2018 9:15:00 AM,16.87,17.99,16.87,17.99,1064060,0
SJF,6/25/2018 9:15:00 AM,17.91,19.16,17.32,19.16,952980,0
SJF,6/26/2018 9:15:00 AM,18.91,20.07,18.16,19.91,838260,0
SJF,6/27/2018 9:15:00 AM,19.41,20.07,18.74,19.82,488730,0
SJF,6/28/2018 9:15:00 AM,19.74,19.91,19.16,19.91,377610,0
SJF,6/29/2018 9:15:00 AM,19.78,20.66,19.16,20.66,418130,0
SJF,7/2/2018 9:15:00 AM,20.7,20.82,19.24,19.24,274450,0
SJF,7/3/2018 9:15:00 AM,19.07,19.07,17.91,17.91,96750,0
SJF,7/4/2018 9:15:00 AM,16.74,17.07,16.66,16.66,45990,0
SJF,7/5/2018 9:15:00 AM,15.82,15.82,15.49,15.57,271310,0
SJF,7/6/2018 9:15:00 AM,15.57,15.78,14.62,15.66,326760,0
SJF,7/9/2018 9:15:00 AM,15.49,16.16,15.49,15.82,309360,0
SJF,7/10/2018 9:15:00 AM,15.82,15.91,15.49,15.74,222660,0
SJF,7/11/2018 9:15:00 AM,15.66,15.74,15.08,15.49,207730,0
SJF,7/12/2018 9:15:00 AM,15.24,15.33,14.74,14.91,199480,0
SJF,7/13/2018 9:15:00 AM,14.91,15.24,14.83,15.24,359680,0
SJF,7/16/2018 9:15:00 AM,15.24,16.24,15.24,15.99,580510,0
SJF,7/17/2018 9:15:00 AM,16.07,16.57,15.74,16.57,422920,0
SJF,7/18/2018 9:15:00 AM,16.66,17.24,16.57,16.74,413140,0
SJF,7/19/2018 9:15:00 AM,16.49,16.49,15.57,15.57,418590,0
SJF,7/20/2018 9:15:00 AM,15.8,16,15.15,15.4,115180,0
SJF,7/23/2018 9:15:00 AM,15.4,15.7,15.2,15.4,217260,0
SJF,7/24/2018 9:15:00 AM,15.4,16.45,15.3,16.45,291870,0
SJF,7/25/2018 9:15:00 AM,16.8,17.6,16.45,17.6,159090,0
SJF,7/26/2018 9:15:00 AM,18.8,18.8,18.7,18.8,280480,0
SJF,7/27/2018 9:15:00 AM,19.4,20.1,18.8,18.8,361700,0
SJF,7/30/2018 9:15:00 AM,20.1,20.1,20,20.1,470340,0
SJF,7/31/2018 9:15:00 AM,20.6,21.4,19.2,21.4,605370,0
SJF,8/1/2018 9:15:00 AM,21.2,21.7,19.95,20.2,441540,0
SJF,8/2/2018 9:15:00 AM,20.1,20.9,19.8,20.9,380840,0
SJF,8/3/2018 9:15:00 AM,20.9,22,20.9,22,457720,0
SJF,8/6/2018 9:15:00 AM,22.5,22.7,22.1,22.2,447810,0
SJF,8/7/2018 9:15:00 AM,22.1,22.7,21.8,22.7,351500,0
SJF,8/8/2018 9:15:00 AM,22.8,23.8,22.8,23.1,682510,0
SJF,8/9/2018 9:15:00 AM,23.5,24,23.3,24,364870,0
SJF,8/10/2018 9:15:00 AM,24.1,25.1,23.6,25.1,610810,0
SJF,8/13/2018 9:15:00 AM,24.8,26,24.4,26,188770,0
SJF,8/14/2018 9:15:00 AM,26.3,26.4,25,26.4,489950,0
SJF,8/15/2018 9:15:00 AM,26.6,26.6,25.2,25.4,214350,0
SJF,8/16/2018 9:15:00 AM,24.8,25.2,23.9,25.2,265130,0
SJF,8/17/2018 9:15:00 AM,25.2,25.4,24.1,24.8,208420,0
SJF,8/20/2018 9:15:00 AM,24.5,24.6,23.1,23.6,324670,0
SJF,8/21/2018 9:15:00 AM,23.6,25,23,25,208190,0
SJF,8/22/2018 9:15:00 AM,25,26.2,24.9,25.9,182100,0
SJF,8/23/2018 9:15:00 AM,26.1,27.7,26.1,27.7,203070,0
SJF,8/24/2018 9:15:00 AM,28,28.3,27.5,28,117240,0
SJF,8/27/2018 9:15:00 AM,28.1,28.8,27.4,27.4,90710,0
SJF,8/28/2018 9:15:00 AM,27.6,27.9,25.6,25.6,308720,0
SJF,8/29/2018 9:15:00 AM,23.85,23.85,23.85,23.85,150840,0
SJF,8/30/2018 9:15:00 AM,22.2,23.85,22.2,23.7,157940,0
SJF,8/31/2018 9:15:00 AM,23.6,24.4,23.5,24,174880,0
SJF,9/4/2018 9:15:00 AM,23.7,24.4,23.5,23.6,134380,0
SJF,9/5/2018 9:15:00 AM,23.1,23.7,22.5,22.5,122160,0
SJF,9/6/2018 9:15:00 AM,21.2,21.9,20.95,20.95,120680,0
SJF,9/7/2018 9:15:00 AM,19.5,21,19.5,20.9,559120,0
SJF,9/10/2018 9:15:00 AM,19.7,20,19.45,19.45,465040,0
SJF,9/11/2018 9:10:00 AM,18.1,19.6,18.1,19.6,706950,0
SJF,9/12/2018 9:15:00 AM,19.6,20.95,19.3,20.95,1074080,0
SJF,9/13/2018 9:15:00 AM,21.2,21.5,20.5,21.15,1064330,0
SJF,9/14/2018 9:10:00 AM,20.8,22.6,20.8,22.6,1574320,0
SJF,9/17/2018 9:15:00 AM,22.8,23,21.9,22.8,1765590,0
SJF,9/18/2018 9:15:00 AM,23.05,23.05,21.3,23,1782090,0
SJF,9/19/2018 9:10:00 AM,23.2,23.45,22,23.2,1888070,0
SJF,9/20/2018 9:10:00 AM,22.9,23.2,22.15,22.7,1587990,0
SJF,9/21/2018 9:10:00 AM,22.45,22.5,21.15,21.15,1923680,0
SJF,9/24/2018 9:10:00 AM,20.3,21.9,19.8,21.8,2392590,0
SJF,9/25/2018 9:10:00 AM,22.1,23.3,21.7,23.3,1481820,0
SJF,9/26/2018 9:10:00 AM,23.5,24.9,22.9,24.9,1843080,0
SJF,9/27/2018 9:10:00 AM,24.9,24.95,23.5,23.5,1462750,0
SJF,9/28/2018 9:10:00 AM,21.9,23.5,21.9,21.9,2553590,0
SJF,10/1/2018 9:10:00 AM,21.3,22,20.95,21.9,1550900,0
SJF,10/2/2018 9:10:00 AM,21.9,22.1,20.95,21.6,1226410,0
SJF,10/3/2018 9:10:00 AM,21.65,21.75,20.1,20.5,2918600,0
SJF,10/4/2018 9:10:00 AM,20.5,20.6,19.1,19.1,2601470,0
SJF,10/5/2018 9:10:00 AM,17.8,18.3,17.8,17.8,2489860,0
SJF,10/8/2018 9:10:00 AM,16.6,18.4,16.6,18.4,2107860,0
SJF,10/9/2018 9:10:00 AM,18.5,19,18.45,18.75,1235710,0
SJF,10/10/2018 9:10:00 AM,18.6,18.6,17.45,17.45,1308480,0
SJF,10/11/2018 9:10:00 AM,16.25,16.25,16.25,16.25,408280,0
SJF,10/12/2018 9:10:00 AM,15.15,15.8,15.15,15.15,2742540,0
SJF,10/15/2018 9:10:00 AM,14.1,14.1,14.1,14.1,659600,0
SJF,10/16/2018 9:10:00 AM,13.15,13.5,13.15,13.15,1875990,0
SJF,10/17/2018 9:10:00 AM,12.4,13.5,12.3,13.15,675180,0
SJF,10/18/2018 9:10:00 AM,13.2,13.3,12.25,12.5,536900,0
SJF,10/19/2018 9:10:00 AM,12.1,12.2,11.65,11.9,691370,0
SJF,10/22/2018 9:10:00 AM,12,12,11.1,11.3,404740,0
SJF,10/23/2018 9:10:00 AM,11.2,11.2,10.55,10.6,642580,0
SJF,10/24/2018 9:10:00 AM,10.3,10.6,9.91,10.6,597160,0
SJF,10/25/2018 9:10:00 AM,10,10.9,9.86,10.9,451320,0
SJF,10/26/2018 9:10:00 AM,10.4,10.6,10.15,10.4,1022370,0
SJF,10/29/2018 9:10:00 AM,10.4,10.5,10.1,10.25,540820,0
SJF,10/30/2018 9:10:00 AM,10.5,10.8,10.35,10.4,430440,0
SJF,10/31/2018 9:10:00 AM,10.2,10.7,10.1,10.5,182040,0
SJF,11/1/2018 9:10:00 AM,10.3,10.5,10.1,10.3,240400,0
SJF,11/2/2018 9:10:00 AM,10.3,11,10,11,854580,0
SJF,11/5/2018 9:10:00 AM,11.1,11.4,10.9,11,399490,0
SJF,11/6/2018 9:10:00 AM,11,11.75,10.7,11.75,413810,0
SJF,11/7/2018 9:10:00 AM,11.8,12.55,11.75,12.55,717990,0
SJF,11/8/2018 9:10:00 AM,12.6,13,12,12.1,600980,0
SJF,11/9/2018 9:10:00 AM,11.9,12.1,11.6,11.9,436210,0
SJF,11/12/2018 9:10:00 AM,11.7,12,11.1,12,412750,0
SJF,11/13/2018 9:10:00 AM,11.8,12.7,11.25,12.55,678400,0
SJF,11/14/2018 9:10:00 AM,12.4,13,12.4,12.6,522000,0
SJF,11/15/2018 9:10:00 AM,12.6,12.8,12.45,12.5,395150,0
SJF,11/16/2018 9:10:00 AM,12.6,12.8,12.4,12.6,433050,0
SJF,11/19/2018 9:10:00 AM,12.6,12.85,12.5,12.7,403230,0
SJF,11/20/2018 9:10:00 AM,12.7,12.85,12.45,12.55,328790,0
SJF,11/21/2018 9:10:00 AM,12.5,12.6,12.3,12.4,341470,0
SJF,11/22/2018 9:10:00 AM,12.4,12.5,12.2,12.4,373980,0
SJF,11/23/2018 9:10:00 AM,12.4,12.5,12.1,12.3,315390,0
SJF,11/26/2018 9:10:00 AM,12.1,12.2,11.7,11.9,306510,0
SJF,11/27/2018 9:10:00 AM,11.75,12,11.75,11.9,258960,0
SJF,11/28/2018 9:10:00 AM,11.9,11.9,11.7,11.7,210080,0
SJF,11/29/2018 9:10:00 AM,11.8,11.95,11.4,11.4,219570,0
SJF,11/30/2018 9:10:00 AM,11.45,11.55,11.2,11.5,219340,0
SJF,12/3/2018 9:10:00 AM,11.5,11.6,11.2,11.3,186660,0
SJF,12/4/2018 9:10:00 AM,11.4,11.4,11.1,11.15,215850,0
SJF,12/5/2018 9:10:00 AM,11.05,11.15,10.9,11,194290,0
SJF,12/6/2018 9:10:00 AM,11,11.4,11,11.15,192260,0
SJF,12/7/2018 9:10:00 AM,11.25,11.4,11.1,11.25,193960,0
SJF,12/10/2018 9:10:00 AM,11.25,11.3,11.15,11.2,197310,0
SJF,12/11/2018 9:10:00 AM,11.2,11.25,11,11,196690,0
SJF,12/12/2018 9:10:00 AM,11.1,11.3,11,11.3,184010,0
SJF,12/13/2018 9:10:00 AM,11.3,11.5,11,11.3,192030,0
SJF,12/14/2018 9:10:00 AM,11.35,11.35,11,11.1,214610,0
SJF,12/17/2018 9:10:00 AM,11.15,11.2,10.45,10.45,214540,0
SJF,12/18/2018 9:10:00 AM,10.2,10.35,9.8,9.89,173180,0
SJF,12/19/2018 9:10:00 AM,9.95,10,9.2,9.2,297070,0
SJF,12/20/2018 9:10:00 AM,8.56,9.4,8.56,9.2,586720,0
SJF,12/21/2018 9:10:00 AM,9.15,9.2,9,9.19,110880,0
SJF,12/24/2018 9:10:00 AM,9.2,9.3,9.15,9.2,109660,0
SJF,12/25/2018 9:10:00 AM,9.2,9.2,8.7,9.15,190520,0
SJF,12/26/2018 9:10:00 AM,9.1,9.15,8.51,9.05,179420,0
SJF,12/27/2018 9:10:00 AM,8.5,8.9,8.42,8.65,536560,0
SJF,12/28/2018 9:10:00 AM,8.7,8.8,8.06,8.65,181720,0
SJF,1/2/2019 9:10:00 AM,8.05,8.66,8.05,8.05,54630,0
SJF,1/3/2019 9:10:00 AM,7.49,7.49,7.49,7.49,47230,0
SJF,1/4/2019 9:10:00 AM,6.97,6.97,6.97,6.97,156180,0
SJF,1/7/2019 9:10:00 AM,6.49,6.49,6.49,6.49,118030,0
SJF,1/8/2019 9:10:00 AM,6.04,6.04,6.04,6.04,68850,0
SJF,1/9/2019 9:10:00 AM,5.62,5.62,5.62,5.62,28090,0
SJF,1/10/2019 9:10:00 AM,5.23,6.01,5.23,6.01,3876010,0
SJF,1/11/2019 9:10:00 AM,6.43,6.43,6.42,6.43,2155830,0
SJF,1/14/2019 9:10:00 AM,6.5,6.88,6.43,6.88,1743720,0
SJF,1/15/2019 9:10:00 AM,6.4,6.44,6.4,6.4,3148820,0
SJF,1/16/2019 9:10:00 AM,5.96,5.96,5.96,5.96,479550,0
SJF,1/17/2019 9:10:00 AM,5.55,5.55,5.55,5.55,784710,0
SJF,1/18/2019 9:10:00 AM,5.17,5.7,5.17,5.4,4606240,0
SJF,1/21/2019 9:10:00 AM,5.45,5.63,5.2,5.39,2662310,0
SJF,1/22/2019 9:10:00 AM,5.4,5.4,5.02,5.1,1479630,0
SJF,1/23/2019 9:10:00 AM,4.8,5.17,4.75,5.17,2156310,0
SJF,1/24/2019 9:10:00 AM,5.17,5.19,4.9,4.9,815140,0
SJF,1/25/2019 9:10:00 AM,4.8,4.97,4.6,4.6,432230,0
SJF,1/28/2019 9:10:00 AM,4.37,4.6,4.28,4.28,802690,0
SJF,1/29/2019 9:10:00 AM,4.03,4.29,3.99,4.11,1226270,0
SJF,1/30/2019 9:10:00 AM,4.1,4.33,4,4.3,520320,0
SJF,1/31/2019 9:10:00 AM,4.3,4.5,4.2,4.25,513060,0
SJF,2/1/2019 9:10:00 AM,4.16,4.48,4.11,4.48,238530,0
SJF,2/11/2019 9:10:00 AM,4.47,4.47,4.17,4.4,333930,0
SJF,2/12/2019 9:10:00 AM,4.47,4.47,4.25,4.4,339500,0
SJF,2/13/2019 9:10:00 AM,4.27,4.38,4.2,4.24,287720,0
SJF,2/14/2019 9:10:00 AM,4.24,4.29,4.15,4.17,349370,0
SJF,2/15/2019 9:10:00 AM,4.15,4.4,4.15,4.27,228260,0
SJF,2/18/2019 9:10:00 AM,4.3,4.38,4.27,4.29,433250,0
SJF,2/19/2019 9:10:00 AM,4.36,4.36,4.16,4.16,365390,0
SJF,2/20/2019 9:10:00 AM,4.16,4.23,4.14,4.15,292530,0
SJF,2/21/2019 9:10:00 AM,4.2,4.2,4.06,4.07,313810,0
SJF,2/22/2019 9:10:00 AM,4.07,4.11,3.95,3.95,707060,0
SJF,2/25/2019 9:10:00 AM,3.98,4.07,3.96,4.01,307150,0
SJF,2/26/2019 9:10:00 AM,4.07,4.07,4,4.02,376500,0
SJF,2/27/2019 9:10:00 AM,4.06,4.06,4,4,192020,0
SJF,2/28/2019 9:10:00 AM,4,4.05,3.99,4,563670,0
SJF,3/1/2019 9:10:00 AM,3.98,4.02,3.98,4.01,286700,0
SJF,3/4/2019 9:15:00 AM,4.02,4.18,4,4.15,467430,0
SJF,3/5/2019 9:10:00 AM,4.16,4.39,4.16,4.39,1274920,0
SJF,3/6/2019 9:10:00 AM,4.69,4.69,4.45,4.58,820320,0
SJF,3/7/2019 9:10:00 AM,4.59,4.6,4.38,4.41,570800,0
SJF,3/8/2019 9:10:00 AM,4.23,4.45,4.23,4.45,486960,0
SJF,3/11/2019 9:10:00 AM,4.48,4.48,4.3,4.4,193370,0
SJF,3/12/2019 9:10:00 AM,4.5,4.5,4.25,4.29,270450,0
SJF,3/13/2019 9:10:00 AM,4.26,4.26,4.1,4.12,436440,0
SJF,3/14/2019 9:10:00 AM,4.12,4.12,4,4.11,632290,0
SJF,3/15/2019 9:10:00 AM,4.06,4.2,4.03,4.13,233880,0
SJF,3/18/2019 9:10:00 AM,4.18,4.2,4.07,4.1,179620,0
SJF,3/19/2019 9:10:00 AM,4.08,4.12,4.05,4.09,463800,0
SJF,3/20/2019 9:10:00 AM,4.07,4.1,4.01,4.05,264250,0
SJF,3/21/2019 9:10:00 AM,4.07,4.13,4,4.1,756970,0
SJF,3/22/2019 9:10:00 AM,4.12,4.12,4.03,4.05,129780,0
SJF,3/25/2019 9:10:00 AM,4.01,4.08,4.01,4.01,232690,0
SJF,3/26/2019 9:10:00 AM,4.01,4.07,4,4.01,171560,0
SJF,3/27/2019 9:10:00 AM,4.05,4.05,4,4.03,138080,0
SJF,3/28/2019 9:10:00 AM,4.03,4.04,4.01,4.03,146420,0
SJF,3/29/2019 9:10:00 AM,4.06,4.06,4.01,4.01,120740,0
SJF,4/1/2019 9:15:00 AM,4.05,4.06,4,4.01,259680,0
SJF,4/2/2019 9:10:00 AM,4,4.02,4,4,305590,0
SJF,4/3/2019 9:20:00 AM,4.01,4.2,4.01,4.19,625150,0
SJF,4/4/2019 9:10:00 AM,4.2,4.25,4.11,4.17,296300,0
SJF,4/5/2019 9:10:00 AM,4.18,4.2,4.05,4.11,279540,0
SJF,4/8/2019 9:15:00 AM,4.1,4.1,4,4.04,432210,0
SJF,4/9/2019 9:10:00 AM,4.05,4.19,4.02,4.16,1695050,0
SJF,4/10/2019 9:10:00 AM,4.17,4.18,4.08,4.15,875320,0
SJF,4/11/2019 9:10:00 AM,4.15,4.17,4.09,4.12,433450,0
SJF,4/12/2019 9:10:00 AM,4.18,4.18,4.07,4.14,597320,0
SJF,4/16/2019 9:10:00 AM,4.13,4.13,4.02,4.11,555170,0
SJF,4/17/2019 9:10:00 AM,4.13,4.13,4.04,4.04,454010,0
SJF,4/18/2019 9:10:00 AM,4.03,4.12,4.02,4.05,408440,0
SJF,4/19/2019 9:10:00 AM,4.05,4.07,4.03,4.06,324870,0
SJF,4/22/2019 9:10:00 AM,4.02,4.05,4,4,370080,0
SJF,4/23/2019 9:10:00 AM,4.02,4.06,3.98,4.06,608270,0
SJF,4/24/2019 9:10:00 AM,4.07,4.07,4.02,4.06,271890,0
SJF,4/25/2019 9:10:00 AM,4,4.06,4,4.03,130780,0
SJF,4/26/2019 9:10:00 AM,4.01,4.06,4.01,4.04,305930,0
SJF,5/2/2019 9:10:00 AM,4.06,4.32,4.06,4.32,2483250,0
SJF,5/3/2019 9:10:00 AM,4.36,4.42,4.16,4.16,2368410,0
SJF,5/6/2019 9:10:00 AM,4.16,4.18,4.06,4.14,950700,0
SJF,5/7/2019 9:10:00 AM,4.21,4.21,4.05,4.14,619800,0
SJF,5/8/2019 9:10:00 AM,4.02,4.1,4,4.04,771690,0
SJF,5/9/2019 9:10:00 AM,4.1,4.1,4.04,4.08,378740,0
SJF,5/10/2019 9:10:00 AM,4.03,4.1,4.03,4.04,395340,0
SJF,5/13/2019 9:10:00 AM,4.04,4.09,4,4.05,1127260,0
SJF,5/14/2019 9:10:00 AM,4.05,4.07,4,4.05,1068770,0
SJF,5/15/2019 9:10:00 AM,4.08,4.08,4.01,4.06,352420,0
SJF,5/16/2019 9:10:00 AM,4.06,4.08,4.01,4.01,688600,0
SJF,5/17/2019 9:10:00 AM,4.05,4.08,4.02,4.04,969640,0
SJF,5/20/2019 9:10:00 AM,4.04,4.1,4.02,4.05,717100,0
SJF,5/21/2019 9:10:00 AM,4.05,4.08,4.02,4.05,491360,0
SJF,5/22/2019 9:10:00 AM,4.05,4.06,4.01,4.05,868060,0
SJF,5/23/2019 9:10:00 AM,4.05,4.05,4,4,648740,0
SJF,5/24/2019 9:10:00 AM,4,4.03,3.81,3.81,578410,0
SJF,5/27/2019 9:10:00 AM,3.81,3.89,3.61,3.84,779080,0
SJF,5/28/2019 9:10:00 AM,3.83,3.86,3.65,3.65,831220,0
SJF,5/29/2019 9:10:00 AM,3.7,3.7,3.5,3.5,668510,0
SJF,5/30/2019 9:10:00 AM,3.4,3.5,3.29,3.29,1181320,0
SJF,5/31/2019 9:10:00 AM,3.22,3.3,3.1,3.17,710320,0
SJF,6/3/2019 9:10:00 AM,3.25,3.26,3.14,3.18,368670,0
SJF,6/4/2019 9:10:00 AM,3.2,3.3,3.2,3.21,144260,0
SJF,6/5/2019 9:10:00 AM,3.3,3.3,3.19,3.19,270890,0
SJF,6/6/2019 9:10:00 AM,3.19,3.22,3.08,3.09,271070,0
SJF,6/7/2019 9:10:00 AM,3.13,3.13,3.05,3.07,214630,0
SJF,6/10/2019 9:10:00 AM,3.06,3.2,3.06,3.09,205650,0
SJF,6/11/2019 9:10:00 AM,3.08,3.11,2.99,2.99,316780,0
SJF,6/12/2019 9:10:00 AM,2.91,3,2.84,2.91,668460,0
SJF,6/13/2019 9:10:00 AM,2.91,2.91,2.85,2.91,377940,0
SJF,6/14/2019 9:10:00 AM,2.9,2.99,2.84,2.95,273170,0
SJF,6/17/2019 9:10:00 AM,2.95,3.15,2.95,3.13,862460,0
SJF,6/18/2019 9:10:00 AM,3.1,3.2,3.1,3.14,585130,0
SJF,6/19/2019 9:10:00 AM,3.14,3.15,3,3.02,192640,0
SJF,6/20/2019 9:10:00 AM,3.02,3.1,3,3,135640,0
SJF,6/21/2019 9:10:00 AM,2.99,2.99,2.88,2.92,627730,0
SJF,6/24/2019 9:10:00 AM,2.9,2.95,2.8,2.86,850620,0
SJF,6/25/2019 9:10:00 AM,2.8,2.95,2.8,2.95,551980,0
SJF,6/26/2019 9:10:00 AM,2.75,2.95,2.75,2.93,293980,0
SJF,6/27/2019 9:10:00 AM,2.82,2.88,2.8,2.81,488440,0
SJF,6/28/2019 9:10:00 AM,2.81,2.85,2.7,2.72,316610,0
SJF,7/1/2019 9:10:00 AM,2.73,2.86,2.7,2.86,959430,0
SJF,7/2/2019 9:10:00 AM,2.89,3.06,2.87,3.06,2673680,0
SJF,7/3/2019 9:10:00 AM,3.22,3.27,3.2,3.27,2703440,0
SJF,7/4/2019 9:10:00 AM,3.4,3.49,3.38,3.49,1202420,0
SJF,7/5/2019 9:10:00 AM,3.7,3.73,3.65,3.73,2480340,0
SJF,7/8/2019 9:10:00 AM,3.99,3.99,3.98,3.99,1334980,0
SJF,7/9/2019 9:10:00 AM,4.26,4.26,3.99,4.04,5361980,0
SJF,7/10/2019 9:10:00 AM,3.77,3.98,3.76,3.76,1086130,0
SJF,7/11/2019 9:10:00 AM,3.5,3.95,3.5,3.8,2690300,0
SJF,7/12/2019 9:10:00 AM,3.6,3.79,3.54,3.54,2071260,0
SJF,7/15/2019 9:15:00 AM,3.55,3.58,3.33,3.38,610900,0
SJF,7/16/2019 9:15:00 AM,3.3,3.3,3.14,3.18,1835710,0
SJF,7/17/2019 9:15:00 AM,3.15,3.4,3.05,3.4,1680400,0
SJF,7/18/2019 9:15:00 AM,3.58,3.63,3.42,3.63,2093960,0
SJF,7/19/2019 9:15:00 AM,3.46,3.6,3.4,3.4,692150,0
SJF,7/22/2019 9:15:00 AM,3.25,3.36,3.16,3.2,981290,0
SJF,7/23/2019 9:15:00 AM,3.17,3.35,3.06,3.23,466370,0
SJF,7/24/2019 9:15:00 AM,3.22,3.27,3.2,3.2,271660,0
SJF,7/25/2019 9:15:00 AM,3.2,3.2,3.14,3.18,285000,0
SJF,7/26/2019 9:15:00 AM,3.17,3.19,3.07,3.14,611470,0
SJF,7/29/2019 9:15:00 AM,3.1,3.2,3.07,3.1,211400,0
SJF,7/30/2019 9:15:00 AM,3.08,3.13,3,3.04,535030,0
SJF,7/31/2019 9:15:00 AM,3.02,3.07,2.9,2.95,506890,0
SJF,8/1/2019 9:15:00 AM,2.85,3.1,2.85,3.04,339440,0
SJF,8/2/2019 9:15:00 AM,3.05,3.05,2.94,2.96,465780,0
SJF,8/5/2019 9:15:00 AM,2.91,3.01,2.91,2.96,370010,0
SJF,8/6/2019 9:15:00 AM,2.92,2.95,2.89,2.91,832820,0
SJF,8/7/2019 9:15:00 AM,2.89,2.94,2.88,2.9,715900,0
SJF,8/8/2019 9:15:00 AM,2.9,2.9,2.86,2.88,294660,0
SJF,8/9/2019 9:15:00 AM,2.87,3.05,2.86,2.95,407730,0
SJF,8/12/2019 9:15:00 AM,2.95,2.99,2.88,2.92,206870,0
SJF,8/13/2019 9:15:00 AM,2.92,2.97,2.89,2.97,434150,0
SJF,8/14/2019 9:15:00 AM,2.97,3,2.93,2.94,302220,0
SJF,8/15/2019 9:15:00 AM,2.92,2.93,2.89,2.89,465630,0
SJF,8/16/2019 9:15:00 AM,2.89,3,2.89,2.98,533570,0
SJF,8/19/2019 9:20:00 AM,2.98,2.98,2.92,2.94,218960,0
SJF,8/20/2019 9:15:00 AM,2.94,2.96,2.91,2.92,544740,0
SJF,8/21/2019 9:15:00 AM,2.9,2.93,2.87,2.9,613360,0
SJF,8/22/2019 9:15:00 AM,2.87,2.89,2.84,2.85,288460,0
SJF,8/23/2019 9:15:00 AM,2.83,2.9,2.83,2.87,107000,0
SJF,8/26/2019 9:15:00 AM,2.82,2.85,2.8,2.82,290490,0
SJF,8/27/2019 9:15:00 AM,2.84,2.84,2.75,2.77,535080,0
SJF,8/28/2019 9:15:00 AM,2.74,2.77,2.7,2.73,807950,0
SJF,8/29/2019 9:15:00 AM,2.72,2.79,2.7,2.73,321500,0
SJF,8/30/2019 9:15:00 AM,2.71,2.74,2.71,2.72,318800,0
SJF,9/3/2019 9:15:00 AM,2.71,2.84,2.69,2.71,409390,0
SJF,9/4/2019 9:15:00 AM,2.69,2.75,2.69,2.69,173380,0
SJF,9/5/2019 9:15:00 AM,2.72,2.74,2.67,2.68,323950,0
SJF,9/6/2019 9:15:00 AM,2.64,2.69,2.62,2.63,356760,0
SJF,9/9/2019 9:15:00 AM,2.65,2.65,2.57,2.58,315070,0
SJF,9/10/2019 9:15:00 AM,2.58,2.58,2.4,2.44,797440,0
SJF,9/11/2019 9:15:00 AM,2.44,2.47,2.37,2.45,477130,0
SJF,9/12/2019 9:15:00 AM,2.45,2.53,2.45,2.46,189400,0
SJF,9/13/2019 9:15:00 AM,2.44,2.52,2.42,2.42,159680,0
SJF,9/16/2019 9:15:00 AM,2.44,2.44,2.35,2.38,294450,0
SJF,9/17/2019 9:15:00 AM,2.37,2.41,2.35,2.38,355000,0
SJF,9/18/2019 9:15:00 AM,2.38,2.4,2.37,2.38,69370,0
SJF,9/19/2019 9:15:00 AM,2.38,2.55,2.38,2.55,405820,0
SJF,9/20/2019 9:15:00 AM,2.72,2.72,2.72,2.72,164600,0
SJF,9/23/2019 9:15:00 AM,2.91,2.91,2.55,2.56,3128550,0
SJF,9/24/2019 9:15:00 AM,2.56,2.58,2.5,2.57,314870,0
SJF,9/25/2019 9:15:00 AM,2.55,2.7,2.53,2.66,535610,0
SJF,9/26/2019 9:15:00 AM,2.69,2.69,2.59,2.62,277790,0
SJF,9/27/2019 9:15:00 AM,2.58,2.66,2.58,2.58,281330,0
SJF,9/30/2019 9:15:00 AM,2.58,2.65,2.58,2.58,436010,0
SJF,10/1/2019 9:15:00 AM,2.57,2.62,2.53,2.55,264970,0
SJF,10/2/2019 9:15:00 AM,2.5,2.6,2.5,2.52,302010,0
SJF,10/3/2019 9:15:00 AM,2.47,2.5,2.38,2.42,718330,0
SJF,10/4/2019 9:15:00 AM,2.4,2.45,2.4,2.43,264720,0
SJF,10/7/2019 9:15:00 AM,2.46,2.51,2.42,2.42,256140,0
SJF,10/8/2019 9:15:00 AM,2.42,2.46,2.39,2.4,307220,0
SJF,10/9/2019 9:15:00 AM,2.39,2.43,2.37,2.4,327270,0
SJF,10/10/2019 9:15:00 AM,2.4,2.43,2.38,2.41,324700,0
SJF,10/11/2019 9:15:00 AM,2.4,2.42,2.4,2.42,90760,0
SJF,10/14/2019 9:15:00 AM,2.43,2.45,2.4,2.43,288000,0
SJF,10/15/2019 9:15:00 AM,2.49,2.49,2.4,2.41,203810,0
SJF,10/16/2019 9:15:00 AM,2.41,2.43,2.39,2.39,85990,0
SJF,10/17/2019 9:15:00 AM,2.42,2.42,2.39,2.4,171020,0
SJF,10/18/2019 9:15:00 AM,2.4,2.43,2.38,2.38,447830,0
SJF,10/21/2019 9:15:00 AM,2.36,2.42,2.36,2.41,294590,0
SJF,10/22/2019 9:15:00 AM,2.4,2.42,2.38,2.42,260680,0
SJF,10/23/2019 9:15:00 AM,2.42,2.42,2.37,2.38,283800,0
SJF,10/24/2019 9:15:00 AM,2.4,2.4,2.37,2.4,179180,0
SJF,10/25/2019 9:15:00 AM,2.4,2.41,2.39,2.39,248730,0
SJF,10/28/2019 9:15:00 AM,2.42,2.42,2.37,2.38,278150,0
SJF,10/29/2019 9:15:00 AM,2.39,2.4,2.38,2.38,360630,0
SJF,10/30/2019 9:15:00 AM,2.39,2.39,2.26,2.35,241150,0
SJF,10/31/2019 9:15:00 AM,2.33,2.37,2.19,2.28,1150910,0
SJF,11/1/2019 9:15:00 AM,2.18,2.21,2.16,2.2,653980,0
SJF,11/4/2019 9:15:00 AM,2.19,2.19,2.13,2.14,1031480,0
SJF,11/5/2019 9:15:00 AM,2.12,2.25,2.12,2.23,287360,0
SJF,11/6/2019 9:15:00 AM,2.22,2.28,2.22,2.26,404780,0
SJF,11/7/2019 9:15:00 AM,2.26,2.26,2.15,2.21,186370,0
SJF,11/8/2019 9:15:00 AM,2.2,2.23,2.18,2.22,192010,0
SJF,11/11/2019 9:15:00 AM,2.23,2.23,2.19,2.21,856730,0
SJF,11/12/2019 9:15:00 AM,2.21,2.24,2.2,2.22,442460,0
SJF,11/13/2019 9:20:00 AM,2.23,2.23,2.19,2.22,637990,0
SJF,11/14/2019 9:15:00 AM,2.23,2.23,2.19,2.2,447580,0
SJF,11/15/2019 9:15:00 AM,2.2,2.35,2.18,2.35,912130,0
SJF,11/18/2019 9:15:00 AM,2.49,2.51,2.41,2.51,1058580,0
SJF,11/19/2019 9:15:00 AM,2.67,2.67,2.35,2.4,1021740,0
SJF,11/20/2019 9:15:00 AM,2.4,2.46,2.36,2.41,655990,0
SJF,11/21/2019 9:15:00 AM,2.34,2.4,2.3,2.3,758580,0
SJF,11/22/2019 9:15:00 AM,2.28,2.3,2.23,2.23,587170,0
SJF,11/25/2019 9:15:00 AM,2.33,2.33,2.24,2.25,304240,0
SJF,11/26/2019 9:15:00 AM,2.3,2.3,2.23,2.24,243350,0
SJF,11/27/2019 9:15:00 AM,2.25,2.27,2.2,2.21,299580,0
SJF,11/28/2019 9:15:00 AM,2.23,2.24,2.2,2.21,183810,0
SJF,11/29/2019 9:15:00 AM,2.23,2.24,2.18,2.24,599890,0
SJF,12/2/2019 9:15:00 AM,2.18,2.34,2.18,2.22,258740,0
SJF,12/3/2019 9:15:00 AM,2.29,2.29,2.19,2.19,414450,0
SJF,12/4/2019 9:15:00 AM,2.19,2.25,2.19,2.2,64820,0
SJF,12/5/2019 9:15:00 AM,2.23,2.23,2.15,2.18,462950,0
SJF,12/6/2019 9:15:00 AM,2.21,2.21,2.16,2.18,281010,0
SJF,12/9/2019 9:15:00 AM,2.17,2.2,2.15,2.2,159600,0
SJF,12/10/2019 9:15:00 AM,2.18,2.28,2.18,2.23,410580,0
SJF,12/11/2019 9:15:00 AM,2.25,2.25,2.21,2.23,156070,0
SJF,12/12/2019 9:15:00 AM,2.25,2.26,2.21,2.25,113850,0
SJF,12/13/2019 9:15:00 AM,2.23,2.25,2.19,2.2,296650,0
SJF,12/16/2019 9:15:00 AM,2.22,2.23,2.19,2.2,228730,0
SJF,12/17/2019 9:15:00 AM,2.19,2.34,2.19,2.34,1298910,0
SJF,12/18/2019 9:15:00 AM,2.33,2.33,2.22,2.26,222810,0
SJF,12/19/2019 9:15:00 AM,2.26,2.27,2.22,2.25,197850,0
SJF,12/20/2019 9:20:00 AM,2.2,2.24,2.2,2.23,506860,0
SJF,12/23/2019 9:15:00 AM,2.26,2.27,2.21,2.24,244010,0
SJF,12/24/2019 9:15:00 AM,2.24,2.25,2.2,2.23,199020,0
SJF,12/25/2019 9:15:00 AM,2.23,2.24,2.2,2.21,248470,0
SJF,12/26/2019 9:15:00 AM,2.21,2.27,2.2,2.22,387080,0
SJF,12/27/2019 9:15:00 AM,2.26,2.26,2.21,2.24,187920,0
SJF,12/30/2019 9:20:00 AM,2.22,2.24,2.19,2.19,276340,0
SJF,12/31/2019 9:15:00 AM,2.22,2.22,2.12,2.21,928070,0
SJF,1/2/2020 9:15:00 AM,2.19,2.21,2.1,2.15,644020,0
SJF,1/3/2020 9:15:00 AM,2.18,2.18,2.1,2.15,581080,0
SJF,1/6/2020 9:15:00 AM,2.1,2.14,2.08,2.1,218560,0
SJF,1/7/2020 9:15:00 AM,2.08,2.14,2.07,2.1,1565280,0
SJF,1/8/2020 9:15:00 AM,2.1,2.1,1.96,1.96,865760,0
SJF,1/9/2020 9:15:00 AM,2,2,1.93,1.96,388220,0
SJF,1/10/2020 9:15:00 AM,1.88,1.95,1.8,1.81,531160,0
SJF,1/13/2020 9:15:00 AM,1.81,1.84,1.8,1.8,150670,0
SJF,1/14/2020 9:15:00 AM,1.8,1.82,1.78,1.79,283750,0
SJF,1/15/2020 9:15:00 AM,1.77,1.78,1.66,1.66,655220,0
SJF,1/16/2020 9:15:00 AM,1.67,1.67,1.56,1.57,1358540,0
SJF,1/17/2020 9:20:00 AM,1.63,1.64,1.58,1.61,160450,0
SJF,1/20/2020 9:15:00 AM,1.6,1.64,1.57,1.58,155740,0
SJF,1/21/2020 9:15:00 AM,1.56,1.61,1.53,1.6,285110,0
SJF,1/22/2020 9:25:00 AM,1.6,1.66,1.58,1.66,660060,0
SJF,1/30/2020 9:15:00 AM,1.72,1.77,1.7,1.77,843060,0
SJF,1/31/2020 9:15:00 AM,1.86,1.89,1.85,1.89,1610390,0
SJF,2/3/2020 9:15:00 AM,1.95,1.95,1.76,1.76,1174900,0
SJF,2/4/2020 9:15:00 AM,1.7,1.75,1.64,1.64,638060,0
SJF,2/5/2020 9:15:00 AM,1.56,1.68,1.54,1.66,877610,0
SJF,2/6/2020 9:15:00 AM,1.66,1.81,1.65,1.81,730630,0
SJF,2/7/2020 9:15:00 AM,1.79,1.8,1.67,1.76,187990,0
SJF,2/10/2020 9:15:00 AM,1.7,1.78,1.68,1.68,421120,0
SJF,2/11/2020 9:15:00 AM,1.65,1.73,1.65,1.7,227660,0
SJF,2/12/2020 9:15:00 AM,1.7,1.73,1.67,1.72,291250,0
SJF,2/13/2020 9:15:00 AM,1.7,1.73,1.69,1.73,187530,0
SJF,2/14/2020 9:15:00 AM,1.71,1.73,1.69,1.72,192260,0
SJF,2/17/2020 9:15:00 AM,1.72,1.79,1.72,1.79,285360,0
SJF,2/18/2020 9:15:00 AM,1.8,1.83,1.72,1.74,244680,0
SJF,2/19/2020 9:15:00 AM,1.72,1.79,1.72,1.76,80650,0
SJF,2/20/2020 9:15:00 AM,1.77,1.8,1.72,1.77,587800,0
SJF,2/21/2020 9:15:00 AM,1.78,1.79,1.73,1.75,72600,0
SJF,2/24/2020 9:15:00 AM,1.75,1.75,1.63,1.63,780640,0
SJF,2/25/2020 9:15:00 AM,1.53,1.63,1.53,1.63,385570,0
SJF,2/26/2020 9:15:00 AM,1.59,1.66,1.59,1.62,140900,0
SJF,2/27/2020 9:15:00 AM,1.62,1.62,1.59,1.61,159980,0
SJF,2/28/2020 9:15:00 AM,1.59,1.61,1.55,1.6,448830,0
SJF,3/2/2020 9:15:00 AM,1.59,1.6,1.55,1.57,127620,0
SJF,3/3/2020 9:15:00 AM,1.56,1.65,1.56,1.64,204360,0
SJF,3/4/2020 9:15:00 AM,1.64,1.65,1.58,1.65,535600,0
SJF,3/5/2020 9:15:00 AM,1.67,1.67,1.61,1.61,300210,0
SJF,3/6/2020 9:15:00 AM,1.62,1.65,1.59,1.61,342000,0
SJF,3/9/2020 9:15:00 AM,1.56,1.56,1.51,1.51,740850,0
SJF,3/10/2020 9:15:00 AM,1.45,1.54,1.42,1.5,658230,0
SJF,3/11/2020 9:15:00 AM,1.54,1.54,1.42,1.43,388820,0
SJF,3/12/2020 9:15:00 AM,1.4,1.4,1.35,1.35,758550,0
SJF,3/13/2020 9:15:00 AM,1.29,1.3,1.26,1.29,603480,0
SJF,3/16/2020 9:20:00 AM,1.32,1.38,1.3,1.37,658200,0
SJF,3/17/2020 9:15:00 AM,1.32,1.41,1.32,1.41,521430,0
SJF,3/18/2020 9:15:00 AM,1.48,1.5,1.47,1.5,901790,0
SJF,3/19/2020 9:15:00 AM,1.55,1.55,1.4,1.42,894300,0
SJF,3/20/2020 9:15:00 AM,1.4,1.48,1.35,1.37,184250,0
SJF,3/23/2020 9:15:00 AM,1.28,1.34,1.27,1.28,859040,0
SJF,3/24/2020 9:15:00 AM,1.26,1.29,1.24,1.28,331230,0
SJF,3/25/2020 9:15:00 AM,1.29,1.34,1.26,1.31,496580,0
SJF,3/26/2020 9:15:00 AM,1.26,1.33,1.25,1.27,255520,0
SJF,3/27/2020 9:15:00 AM,1.25,1.26,1.2,1.22,152830,0
SJF,3/30/2020 9:15:00 AM,1.2,1.2,1.16,1.18,677180,0
SJF,3/31/2020 9:15:00 AM,1.17,1.24,1.14,1.16,410740,0
SJF,4/1/2020 9:15:00 AM,1.2,1.24,1.15,1.22,325250,0
SJF,4/3/2020 9:15:00 AM,1.23,1.3,1.22,1.29,261880,0
SJF,4/6/2020 9:15:00 AM,1.27,1.31,1.25,1.28,222050,0
SJF,4/7/2020 9:15:00 AM,1.28,1.29,1.22,1.27,364260,0
SJF,4/8/2020 9:15:00 AM,1.27,1.29,1.25,1.28,419700,0
SJF,4/9/2020 9:15:00 AM,1.27,1.31,1.27,1.28,368170,0
SJF,4/10/2020 9:15:00 AM,1.26,1.3,1.25,1.29,195610,0
SJF,4/13/2020 9:15:00 AM,1.29,1.3,1.22,1.28,311640,0
SJF,4/14/2020 9:15:00 AM,1.29,1.29,1.23,1.27,532380,0
SJF,4/15/2020 9:15:00 AM,1.29,1.29,1.24,1.26,493740,0
SJF,4/16/2020 9:15:00 AM,1.27,1.29,1.24,1.29,426590,0
SJF,4/17/2020 9:15:00 AM,1.28,1.35,1.28,1.35,463010,0
SJF,4/20/2020 9:15:00 AM,1.44,1.44,1.44,1.44,179580,0
SJF,4/21/2020 9:15:00 AM,1.54,1.54,1.5,1.54,2790320,0
SJF,4/22/2020 9:15:00 AM,1.54,1.64,1.54,1.64,1931560,0
SJF,4/23/2020 9:15:00 AM,1.73,1.75,1.67,1.67,1198950,0
SJF,4/24/2020 9:15:00 AM,1.56,1.64,1.55,1.58,1002560,0
SJF,4/27/2020 9:15:00 AM,1.55,1.63,1.52,1.56,853170,0
SJF,4/28/2020 9:15:00 AM,1.58,1.6,1.55,1.59,396420,0
SJF,4/29/2020 9:15:00 AM,1.61,1.73,1.61,1.73,2259000,0
SJF,5/4/2020 9:15:00 AM,1.8,1.85,1.73,1.85,2292510,0
SJF,5/5/2020 9:15:00 AM,1.87,1.9,1.8,1.86,726790,0
SJF,5/6/2020 9:15:00 AM,1.81,1.83,1.76,1.77,964330,0
SJF,5/7/2020 9:15:00 AM,1.77,1.84,1.77,1.82,395290,0
SJF,5/8/2020 9:15:00 AM,1.85,1.85,1.8,1.83,572910,0
SJF,5/11/2020 9:15:00 AM,1.85,1.95,1.84,1.95,808410,0
SJF,5/12/2020 9:15:00 AM,1.95,2.06,1.92,1.96,965690,0
SJF,5/13/2020 9:20:00 AM,2,2.1,1.93,2.03,416940,0
SJF,5/14/2020 9:15:00 AM,2,2.08,1.99,1.99,1147280,0
SJF,5/15/2020 9:15:00 AM,1.96,1.97,1.83,1.83,1486380,0
SJF,5/18/2020 9:15:00 AM,1.77,1.95,1.77,1.95,663400,0
SJF,5/19/2020 9:15:00 AM,2.04,2.04,1.91,1.95,206000,0
SJF,5/20/2020 9:15:00 AM,1.92,1.94,1.88,1.88,286520,0
SJF,5/21/2020 9:15:00 AM,1.89,1.96,1.85,1.85,412580,0
SJF,5/22/2020 9:15:00 AM,1.91,1.91,1.82,1.84,167310,0
SJF,5/25/2020 9:15:00 AM,1.83,1.93,1.77,1.92,772290,0
SJF,5/26/2020 9:15:00 AM,1.93,1.93,1.88,1.9,291820,0
SJF,5/27/2020 9:15:00 AM,1.9,1.93,1.87,1.87,846650,0
SJF,5/28/2020 9:15:00 AM,1.87,1.91,1.87,1.9,350480,0
SJF,5/29/2020 9:15:00 AM,1.91,1.92,1.86,1.91,439790,0
SJF,6/1/2020 9:15:00 AM,1.99,2.05,1.99,2.05,2783270,0
SJF,6/2/2020 9:15:00 AM,2.17,2.18,1.97,1.97,929090,0
SJF,6/3/2020 9:15:00 AM,2,2.14,1.93,2.09,1699880,0
SJF,6/4/2020 9:15:00 AM,2.13,2.22,2.06,2.18,1880940,0
SJF,6/5/2020 9:20:00 AM,2.21,2.35,2.2,2.35,3535260,0
SJF,6/8/2020 9:15:00 AM,2.51,2.51,2.51,2.51,536680,0
SJF,6/9/2020 9:15:00 AM,2.68,2.68,2.68,2.68,275230,0
SJF,6/10/2020 9:15:00 AM,2.86,2.86,2.86,2.86,199460,0
SJF,6/11/2020 9:15:00 AM,3.06,3.06,2.68,2.98,1.016721e+007,0
SJF,6/12/2020 9:15:00 AM,2.78,3.18,2.78,3.18,4046270,0
SJF,6/15/2020 9:15:00 AM,3.4,3.4,3.39,3.4,1778500,0
SJF,6/16/2020 9:15:00 AM,3.63,3.63,3.34,3.51,7514260,0
SJF,6/17/2020 9:15:00 AM,3.27,3.4,3.27,3.27,1414130,0
SJF,6/18/2020 9:15:00 AM,3.05,3.05,3.05,3.05,429970,0
SJF,6/19/2020 9:15:00 AM,2.84,3.26,2.84,3.13,8678540,0
SJF,6/22/2020 9:15:00 AM,3.24,3.32,2.9,3.32,7237170,0
SJF,6/23/2020 9:15:00 AM,3.52,3.52,3.09,3.16,3404730,0
SJF,6/24/2020 9:15:00 AM,3.03,3.1,2.96,2.96,3154250,0
SJF,6/25/2020 9:15:00 AM,2.76,2.92,2.76,2.83,3645320,0
SJF,6/26/2020 10:00:00 AM,2.9,2.9,2.74,2.78,4919830,0
SJF,6/29/2020 9:15:00 AM,2.73,2.73,2.59,2.59,2473330,0
SJF,6/30/2020 9:15:00 AM,2.41,2.5,2.41,2.41,2556610,0
SJF,7/1/2020 9:15:00 AM,2.25,2.43,2.25,2.34,5822440,0
SJF,7/2/2020 9:15:00 AM,2.31,2.36,2.27,2.3,1970790,0
SJF,7/3/2020 9:15:00 AM,2.28,2.28,2.14,2.16,3992710,0
SJF,7/6/2020 9:15:00 AM,2.14,2.2,2.05,2.16,1565050,0
SJF,7/7/2020 9:15:00 AM,2.19,2.3,2.16,2.3,1324990,0
SJF,7/8/2020 9:15:00 AM,2.46,2.46,2.46,2.46,980610,0
SJF,7/9/2020 9:15:00 AM,2.63,2.63,2.46,2.63,4600420,0
SJF,7/10/2020 9:15:00 AM,2.63,2.78,2.61,2.68,3907520,0
SJF,7/13/2020 9:15:00 AM,2.68,2.7,2.51,2.51,4332830,0
SJF,7/14/2020 9:15:00 AM,2.45,2.45,2.34,2.37,4195240,0
SJF,7/15/2020 9:15:00 AM,2.47,2.54,2.37,2.43,7688340,0
SJF,7/16/2020 9:15:00 AM,2.43,2.43,2.3,2.42,3797390,0
SJF,7/17/2020 9:15:00 AM,2.41,2.43,2.32,2.4,3391270,0
SJF,7/20/2020 9:15:00 AM,2.38,2.38,2.24,2.25,5880150,0
SJF,7/21/2020 9:15:00 AM,2.3,2.3,2.13,2.13,2310990,0
SJF,7/22/2020 9:15:00 AM,2.13,2.22,2.08,2.1,2551480,0
SJF,7/23/2020 9:15:00 AM,2.11,2.13,2.07,2.09,1187190,0
SJF,7/24/2020 9:15:00 AM,2.09,2.09,1.95,1.95,3962640,0
SJF,7/27/2020 9:15:00 AM,1.82,1.82,1.82,1.82,536000,0
SJF,7/28/2020 9:15:00 AM,1.7,1.88,1.7,1.79,3811480,0
SJF,7/29/2020 9:15:00 AM,1.71,1.71,1.67,1.67,2297070,0
SJF,7/30/2020 9:15:00 AM,1.65,1.72,1.61,1.62,1454090,0
SJF,7/31/2020 9:15:00 AM,1.51,1.59,1.51,1.53,2899890,0
SJF,8/3/2020 9:15:00 AM,1.46,1.62,1.46,1.62,1231110,0
SJF,8/4/2020 9:15:00 AM,1.73,1.73,1.72,1.73,1041400,0
SJF,8/5/2020 9:15:00 AM,1.78,1.85,1.73,1.85,3712790,0
SJF,8/6/2020 9:15:00 AM,1.8,1.96,1.8,1.89,1805700,0
SJF,8/7/2020 9:15:00 AM,1.85,1.91,1.8,1.85,1352060,0
SJF,8/10/2020 9:15:00 AM,1.88,1.97,1.83,1.96,2388870,0
SJF,8/11/2020 9:15:00 AM,1.98,2.04,1.95,1.97,1516960,0
SJF,8/12/2020 9:15:00 AM,1.96,2.02,1.94,1.98,1066370,0
SJF,8/13/2020 9:15:00 AM,1.98,2,1.95,1.97,1002110,0
SJF,8/14/2020 9:15:00 AM,1.98,1.98,1.85,1.86,2130010,0
SJF,8/17/2020 9:15:00 AM,1.85,1.87,1.75,1.85,1507360,0
SJF,8/18/2020 9:15:00 AM,1.86,1.87,1.84,1.87,468130,0
SJF,8/19/2020 9:15:00 AM,1.86,1.92,1.85,1.91,963260,0
SJF,8/20/2020 9:15:00 AM,1.92,1.93,1.86,1.89,1009310,0
SJF,8/21/2020 9:15:00 AM,1.88,1.92,1.86,1.9,1654750,0
SJF,8/24/2020 9:15:00 AM,1.88,1.96,1.88,1.94,1351210,0
SJF,8/25/2020 9:15:00 AM,1.98,1.98,1.93,1.93,882870,0
SJF,8/26/2020 9:15:00 AM,1.91,1.94,1.88,1.9,1234030,0
SJF,8/27/2020 9:15:00 AM,1.87,1.92,1.83,1.9,1175230,0
SJF,8/28/2020 9:15:00 AM,1.92,2.03,1.9,2.03,2553560,0
SJF,8/31/2020 9:15:00 AM,2.17,2.17,2.03,2.13,2796790,0
SJF,9/1/2020 9:15:00 AM,2.1,2.14,2,2.1,1435600,0
SJF,9/3/2020 9:15:00 AM,2.05,2.22,2.03,2.22,3102010,0
SJF,9/4/2020 9:15:00 AM,2.26,2.37,2.22,2.37,4747480,0
SJF,9/7/2020 9:15:00 AM,2.5,2.53,2.46,2.53,3667170,0
SJF,9/8/2020 9:15:00 AM,2.54,2.54,2.36,2.4,3384690,0
SJF,9/9/2020 9:15:00 AM,2.25,2.4,2.25,2.39,2301430,0
SJF,9/10/2020 9:15:00 AM,2.39,2.55,2.37,2.55,2091930,0
SJF,9/11/2020 9:15:00 AM,2.56,2.7,2.5,2.57,2448360,0
SJF,9/14/2020 9:15:00 AM,2.55,2.63,2.45,2.49,2128780,0
SJF,9/15/2020 9:15:00 AM,2.51,2.52,2.36,2.4,2973230,0
SJF,9/16/2020 9:15:00 AM,2.35,2.47,2.35,2.43,1156060,0
SJF,9/17/2020 9:15:00 AM,2.4,2.46,2.26,2.35,2270710,0
SJF,9/18/2020 9:15:00 AM,2.35,2.44,2.25,2.42,1697430,0
SJF,9/21/2020 9:15:00 AM,2.5,2.55,2.43,2.43,2014190,0
SJF,9/22/2020 9:15:00 AM,2.45,2.46,2.32,2.4,1936530,0
SJF,9/23/2020 9:15:00 AM,2.43,2.46,2.36,2.4,1566300,0
SJF,9/24/2020 9:15:00 AM,2.39,2.49,2.35,2.4,1666970,0
SJF,9/25/2020 9:15:00 AM,2.4,2.44,2.36,2.37,1157950,0
SJF,9/28/2020 9:15:00 AM,2.36,2.41,2.36,2.38,824560,0
SJF,9/29/2020 9:15:00 AM,2.35,2.38,2.26,2.28,2008340,0
SJF,9/30/2020 9:15:00 AM,2.27,2.35,2.22,2.31,1806880,0
SJF,10/1/2020 9:15:00 AM,2.35,2.36,2.28,2.31,737210,0
SJF,10/2/2020 9:15:00 AM,2.3,2.33,2.26,2.29,1712940,0
SJF,10/5/2020 9:15:00 AM,2.26,2.37,2.26,2.33,1517120,0
SJF,10/6/2020 9:30:00 AM,2.35,2.38,2.31,2.36,1664450,0
SJF,10/7/2020 9:15:00 AM,2.36,2.45,2.35,2.41,2948890,0
SJF,10/8/2020 9:25:00 AM,2.48,2.48,2.41,2.43,1382770,0
SJF,10/9/2020 9:20:00 AM,2.43,2.43,2.43,2.43,64090,0
SJF,10/12/2020 9:15:00 AM,2.35,2.37,2.31,2.32,1545540,0
SJF,10/13/2020 11:05:00 AM,2.3,2.32,2.29,2.32,639810,0
SJF,10/14/2020 9:15:00 AM,2.29,2.3,2.28,2.29,143980,0
SJF,10/15/2020 9:15:00 AM,2.32,2.32,2.26,2.26,650950,0
SJF,10/16/2020 9:15:00 AM,2.24,2.24,2.16,2.22,1837540,0
SJF,10/19/2020 9:15:00 AM,2.16,2.17,2.16,2.17,51780,0
SJF,10/21/2020 9:15:00 AM,2.14,2.2,2.14,2.15,692710,0
SJF,10/22/2020 9:50:00 AM,2.1,2.11,2.05,2.09,1464320,0
SJF,10/23/2020 9:15:00 AM,2.1,2.19,2.09,2.14,841500,0
SJF,10/26/2020 9:15:00 AM,2.19,2.19,2.11,2.11,626610,0
SJF,10/27/2020 9:15:00 AM,2.1,2.14,2.06,2.07,582960,0
SJF,10/28/2020 9:15:00 AM,2.06,2.07,2.02,2.03,481640,0
SJF,10/29/2020 9:15:00 AM,1.93,1.98,1.91,1.95,636210,0
SJF,10/30/2020 9:15:00 AM,2,2,1.96,1.98,460240,0
SJF,11/2/2020 9:15:00 AM,1.97,1.99,1.97,1.99,238530,0
SJF,11/3/2020 9:15:00 AM,2.2,2.2,2.14,2.16,497060,0
SJF,11/4/2020 9:15:00 AM,2.11,2.16,2.11,2.16,383510,0
SJF,11/5/2020 9:15:00 AM,2.05,2.13,2.05,2.09,364060,0
SJF,11/6/2020 9:15:00 AM,2.1,2.1,2,2.06,914620,0
SJF,11/9/2020 9:15:00 AM,2.04,2.11,2.04,2.04,788050,0
SJF,11/10/2020 9:15:00 AM,2.05,2.09,2.05,2.05,463470,0
SJF,11/11/2020 9:15:00 AM,2.08,2.08,2,2.02,792020,0
SJF,11/12/2020 9:15:00 AM,2.06,2.06,1.99,2.01,595390,0
SJF,11/13/2020 9:05:00 AM,2,2,2,2,0,0
SJF,11/16/2020 9:15:00 AM,2,2.07,2,2.03,365390,0
SJF,11/17/2020 9:15:00 AM,2.02,2.04,2.01,2.04,532990,0
SJF,11/18/2020 9:15:00 AM,2.02,2.04,2,2.01,486610,0
SJF,11/19/2020 9:15:00 AM,2,2.05,1.99,2.02,777520,0
SJF,11/20/2020 9:15:00 AM,2.04,2.15,2.01,2.12,1462620,0
SJF,11/23/2020 9:15:00 AM,2.15,2.15,2.07,2.08,509460,0
SJF,11/24/2020 9:15:00 AM,2.07,2.11,2.05,2.08,690780,0
SJF,11/25/2020 9:15:00 AM,2.09,2.1,2.05,2.06,658480,0
SJF,11/26/2020 9:15:00 AM,2.1,2.1,2.05,2.07,393550,0
SJF,11/27/2020 9:15:00 AM,2.06,2.09,2.05,2.07,407070,0
SJF,11/30/2020 9:15:00 AM,2.07,2.07,2.04,2.04,447520,0
SJF,12/1/2020 9:15:00 AM,1.98,2.03,1.98,2.03,810330,0
SJF,12/3/2020 9:15:00 AM,2.05,2.13,2.02,2.08,774390,0
SJF,12/4/2020 9:15:00 AM,2.12,2.12,2.07,2.07,832480,0
SJF,12/7/2020 9:15:18 AM,2.08,2.21,2.08,2.21,4862460,0
SJF,12/8/2020 9:15:19 AM,2.34,2.36,2.2,2.29,4241690,0
SJF,12/9/2020 9:15:25 AM,2.34,2.34,2.2,2.27,2270550,0
SJF,12/10/2020 9:15:32 AM,2.21,2.24,2.17,2.18,2135150,0
SJF,12/11/2020 9:15:15 AM,2.15,2.19,2.11,2.14,1529170,0
SJF,12/14/2020 9:15:46 AM,2.15,2.18,2.12,2.15,1086640,0
SJF,12/15/2020 9:15:44 AM,2.15,2.23,2.13,2.16,1619640,0
SJF,12/16/2020 9:15:35 AM,2.21,2.25,2.17,2.22,2678270,0
SJF,12/17/2020 9:15:22 AM,2.25,2.37,2.25,2.37,6587980,0
SJF,12/18/2020 9:15:21 AM,2.48,2.48,2.37,2.37,3711140,0
SJF,12/21/2020 9:15:36 AM,2.37,2.48,2.31,2.43,2757310,0
SJF,12/22/2020 9:15:13 AM,2.4,2.6,2.39,2.6,4930880,0
SJF,12/23/2020 9:15:17 AM,2.68,2.78,2.58,2.58,3913140,0
SJF,12/24/2020 9:15:33 AM,2.58,2.61,2.4,2.47,3499750,0
SJF,12/25/2020 9:15:27 AM,2.47,2.5,2.31,2.4,3115100,0
SJF,12/28/2020 9:15:38 AM,2.49,2.49,2.38,2.47,1933870,0
SJF,12/29/2020 9:15:19 AM,2.47,2.47,2.39,2.46,1962740,0
SJF,12/30/2020 9:15:23 AM,2.45,2.63,2.43,2.52,3265920,0
SJF,12/31/2020 9:15:29 AM,2.59,2.6,2.5,2.5,1755480,0
SJF,1/4/2021 9:15:16 AM,2.53,2.55,2.42,2.5,2361600,0
SJF,1/5/2021 9:15:12 AM,2.5,2.6,2.48,2.52,2211100,0
SJF,1/6/2021 9:15:17 AM,2.56,2.59,2.51,2.52,1486300,0
SJF,1/7/2021 9:15:16 AM,2.52,2.6,2.5,2.59,2922600,0
SJF,1/8/2021 9:15:47 AM,2.64,2.77,2.63,2.74,6361900,0
SJF,1/11/2021 9:15:32 AM,2.74,2.85,2.65,2.7,3698900,0
SJF,1/12/2021 9:15:18 AM,2.7,2.74,2.64,2.7,3629400,0
SJF,1/13/2021 9:15:26 AM,2.71,2.88,2.7,2.86,7401800,0
SJF,1/14/2021 9:15:21 AM,2.92,2.97,2.84,2.9,2947000,0
SJF,1/15/2021 9:15:33 AM,2.95,3.1,2.93,3.09,3679200,0
SJF,1/18/2021 9:15:27 AM,3.1,3.3,2.9,3.29,6146800,0
SJF,1/19/2021 9:15:37 AM,3.29,3.3,3.06,3.06,3885200,0
SJF,1/20/2021 9:15:36 AM,2.85,3.02,2.85,2.91,5417200,0
SJF,1/21/2021 9:15:28 AM,3,3.05,2.83,3,3106000,0
SJF,1/22/2021 9:15:30 AM,3,3.05,2.91,3,4197700,0
SJF,1/25/2021 9:15:36 AM,2.98,3.02,2.9,3,3077000,0
SJF,1/26/2021 9:15:19 AM,2.96,2.98,2.79,2.79,3108700,0
SJF,1/27/2021 9:15:09 AM,2.7,2.79,2.6,2.6,4199200,0
SJF,1/28/2021 9:15:35 AM,2.42,2.5,2.42,2.42,1223700,0
SJF,1/29/2021 9:15:33 AM,2.26,2.41,2.26,2.3,3028200,0
SJF,2/1/2021 9:15:26 AM,2.14,2.35,2.14,2.14,1970800,0
SJF,2/2/2021 9:15:18 AM,2.06,2.28,2.01,2.28,1999500,0
SJF,2/3/2021 9:15:28 AM,2.3,2.43,2.2,2.43,1489300,0
SJF,2/4/2021 9:15:19 AM,2.49,2.49,2.3,2.38,927900,0
SJF,2/5/2021 9:15:15 AM,2.35,2.47,2.33,2.44,1431300,0
SJF,2/8/2021 9:15:25 AM,2.44,2.48,2.3,2.35,883600,0
SJF,2/9/2021 9:15:21 AM,2.35,2.46,2.28,2.39,914900,0
SJF,2/17/2021 9:15:31 AM,2.4,2.55,2.4,2.54,1286500,0
SJF,2/18/2021 9:15:26 AM,2.55,2.55,2.46,2.52,663400,0
SJF,2/19/2021 9:15:38 AM,2.5,2.5,2.46,2.49,701400,0
SJF,2/22/2021 9:15:29 AM,2.49,2.51,2.45,2.45,933300,0
SJF,2/23/2021 9:15:12 AM,2.45,2.55,2.42,2.55,1284700,0
SJF,2/24/2021 9:15:09 AM,2.6,2.61,2.47,2.49,1740500,0
SJF,2/25/2021 9:15:12 AM,2.54,2.55,2.48,2.55,1219700,0
SJF,2/26/2021 9:15:21 AM,2.52,2.56,2.51,2.55,625500,0
SJF,3/1/2021 9:15:16 AM,2.56,2.65,2.55,2.6,926500,0
SJF,3/2/2021 9:15:24 AM,2.65,2.65,2.54,2.6,782400,0
SJF,3/3/2021 9:15:15 AM,2.6,2.78,2.59,2.78,4369000,0
SJF,3/4/2021 9:15:28 AM,2.8,2.85,2.65,2.8,1612600,0
SJF,3/5/2021 9:15:27 AM,2.75,2.8,2.65,2.77,1095100,0
SJF,3/8/2021 9:15:31 AM,2.79,2.81,2.7,2.79,1902100,0
SJF,3/9/2021 9:15:29 AM,2.82,2.9,2.73,2.84,1975100,0
SJF,3/10/2021 9:15:38 AM,2.85,2.87,2.78,2.78,1026100,0
SJF,3/11/2021 9:15:33 AM,2.77,2.81,2.76,2.8,1368800,0
SJF,3/12/2021 9:15:33 AM,2.8,2.86,2.79,2.85,1838700,0
SJF,3/15/2021 9:15:27 AM,2.82,2.99,2.82,2.99,2759700,0
SJF,3/16/2021 9:15:40 AM,3,3,2.88,2.97,2016100,0
SJF,3/17/2021 9:15:36 AM,2.92,2.96,2.89,2.89,2171600,0
SJF,3/18/2021 9:15:36 AM,2.9,2.92,2.88,2.91,1893800,0
SJF,3/19/2021 9:15:39 AM,2.89,2.91,2.82,2.84,1200100,0
SJF,3/22/2021 9:15:38 AM,2.85,2.86,2.81,2.84,1264000,0
SJF,3/23/2021 9:15:42 AM,2.85,2.99,2.84,2.93,1774300,0
SJF,3/24/2021 9:15:53 AM,2.9,2.96,2.74,2.85,2131600,0
SJF,3/25/2021 9:15:51 AM,2.88,2.9,2.81,2.87,1056600,0
SJF,3/26/2021 9:15:42 AM,2.82,2.88,2.7,2.81,1223100,0
SJF,3/29/2021 9:15:47 AM,2.86,3,2.86,3,4942000,0
SJF,3/30/2021 9:15:14 AM,3.15,3.15,3.02,3.08,3289700,0
SJF,3/31/2021 9:15:16 AM,3.13,3.2,3.05,3.12,4068900,0
SJF,4/1/2021 9:15:11 AM,3.13,3.15,3.06,3.13,2032000,0
SJF,4/2/2021 9:15:29 AM,3.16,3.3,3.15,3.19,3061400,0
SJF,4/5/2021 9:15:44 AM,3.22,3.41,3.17,3.41,4968800,0
SJF,4/6/2021 9:15:15 AM,3.41,3.64,3.41,3.64,3959100,0
SJF,4/7/2021 9:15:27 AM,3.64,3.89,3.64,3.88,3581800,0
SJF,4/8/2021 9:15:18 AM,3.79,3.87,3.61,3.7,4862900,0
SJF,4/9/2021 9:15:15 AM,3.65,3.95,3.5,3.86,4767500,0
SJF,4/12/2021 9:15:26 AM,4,4.13,3.9,4.13,3979800,0
SJF,4/13/2021 9:15:22 AM,4.41,4.41,4.13,4.3,7883500,0
SJF,4/14/2021 9:15:12 AM,4.15,4.6,4.01,4.58,5762500,0
SJF,4/15/2021 9:15:12 AM,4.86,4.9,4.6,4.9,5051900,0
SJF,4/16/2021 9:15:18 AM,5,5.1,4.56,4.6,4514500,0
SJF,4/19/2021 9:15:12 AM,4.3,4.5,4.28,4.28,5648500,0
SJF,4/20/2021 9:15:29 AM,3.99,4.14,3.99,4,5147900,0
SJF,4/22/2021 9:15:23 AM,3.86,4.2,3.72,3.84,3255300,0
SJF,4/23/2021 9:15:25 AM,3.7,4.1,3.7,4.1,2376900,0
SJF,4/26/2021 9:15:25 AM,4.1,4.3,4.06,4.14,2893900,0
SJF,4/27/2021 9:15:22 AM,4.05,4.12,3.9,4,1473700,0
SJF,4/28/2021 9:15:20 AM,3.9,4.2,3.9,4.03,1254600,0
SJF,4/29/2021 9:15:18 AM,4,4.14,3.91,3.92,1636800,0
SJF,5/4/2021 9:15:20 AM,3.65,3.76,3.65,3.65,2882700,0
SJF,5/5/2021 9:15:12 AM,3.46,3.89,3.46,3.78,1619100,0
SJF,5/6/2021 9:15:10 AM,3.7,3.84,3.65,3.65,1260400,0
SJF,5/7/2021 9:15:23 AM,3.65,3.65,3.4,3.4,1965600,0
SJF,5/10/2021 9:15:18 AM,3.39,3.57,3.24,3.48,1782700,0
SJF,5/11/2021 9:15:25 AM,3.5,3.5,3.44,3.44,1079200,0
SJF,5/12/2021 9:15:24 AM,3.44,3.67,3.41,3.66,971200,0
SJF,5/13/2021 9:15:23 AM,3.61,3.64,3.55,3.56,1240500,0
SJF,5/14/2021 9:15:18 AM,3.56,3.63,3.5,3.55,1132200,0
SJF,5/17/2021 9:15:17 AM,3.55,3.59,3.51,3.57,676800,0
SJF,5/18/2021 9:15:17 AM,3.57,3.79,3.57,3.7,1852100,0
SJF,5/19/2021 9:15:21 AM,3.7,3.89,3.5,3.66,1273400,0
SJF,5/20/2021 9:15:27 AM,3.67,3.82,3.55,3.7,2591600,0
SJF,5/21/2021 9:15:28 AM,3.7,3.86,3.62,3.74,2001300,0
SJF,5/24/2021 9:15:28 AM,3.89,3.89,3.76,3.83,1043700,0
SJF,5/25/2021 9:15:22 AM,3.81,3.87,3.75,3.8,1482200,0
SJF,5/26/2021 9:15:16 AM,3.72,3.79,3.68,3.69,1616500,0
SJF,5/27/2021 9:15:22 AM,3.63,3.81,3.63,3.68,1838900,0
SJF,5/28/2021 9:16:54 AM,3.65,3.82,3.65,3.79,1471700,0
SJF,5/31/2021 9:16:10 AM,3.8,3.8,3.7,3.75,1571900,0
SJF,6/1/2021 9:15:34 AM,3.7,3.74,3.66,3.7,976400,0
SJF,6/2/2021 9:15:27 AM,3.63,3.69,3.63,3.69,1218800,0
SJF,6/3/2021 9:15:20 AM,3.79,3.94,3.71,3.94,1706000,0
SJF,6/4/2021 9:15:36 AM,4.2,4.2,3.94,4.03,1495600,0
SJF,6/7/2021 9:15:25 AM,4.1,4.1,3.85,3.9,1221000,0
SJF,6/8/2021 9:15:32 AM,3.8,4.1,3.8,3.85,2044400,0
SJF,6/9/2021 9:15:38 AM,3.9,3.95,3.8,3.88,1177100,0
SJF,6/10/2021 9:15:23 AM,3.88,3.99,3.84,3.9,898500,0
SJF,6/11/2021 9:15:24 AM,3.9,4.08,3.82,3.98,1483200,0
SJF,6/14/2021 9:15:35 AM,3.98,4.25,3.98,4.2,4163600,0
SJF,6/15/2021 9:15:33 AM,4.2,4.4,4.2,4.2,1756900,0
SJF,6/16/2021 9:15:33 AM,4.2,4.35,4.2,4.25,1970300,0
SJF,6/17/2021 9:15:51 AM,4.16,4.32,4.1,4.3,1438500,0
SJF,6/18/2021 9:15:33 AM,4.4,4.45,4.28,4.3,1240900,0
SJF,6/21/2021 9:15:18 AM,4.28,4.28,4.13,4.15,1356600,0
SJF,6/22/2021 9:15:13 AM,4.15,4.25,4.14,4.16,1148100,0
SJF,6/23/2021 9:15:08 AM,4.16,4.18,3.99,4,1690200,0
SJF,6/24/2021 9:15:16 AM,4,4.01,3.93,3.95,1003000,0
SJF,6/25/2021 9:15:13 AM,3.95,4.07,3.92,3.94,916500,0
SJF,6/28/2021 9:15:23 AM,3.94,4,3.91,3.91,1016400,0
SJF,6/29/2021 9:15:32 AM,3.9,3.93,3.81,3.83,1858000,0
SJF,6/30/2021 9:15:22 AM,3.83,3.83,3.65,3.67,1866300,0
SJF,7/1/2021 9:15:22 AM,3.67,3.76,3.66,3.74,1139400,0
SJF,7/2/2021 9:15:22 AM,3.74,3.89,3.74,3.74,814700,0
SJF,7/5/2021 9:15:10 AM,3.76,3.77,3.64,3.67,1109900,0
SJF,7/6/2021 9:15:09 AM,3.67,3.7,3.63,3.63,1005800,0
SJF,7/7/2021 9:15:12 AM,3.6,3.62,3.45,3.54,822100,0
SJF,7/8/2021 9:15:06 AM,3.65,3.65,3.53,3.6,979300,0
SJF,7/9/2021 9:15:09 AM,3.6,3.65,3.35,3.5,996100,0
SJF,7/12/2021 9:15:27 AM,3.49,3.49,3.26,3.26,929100,0
SJF,7/13/2021 9:15:08 AM,3.26,3.45,3.04,3.45,1136800,0
SJF,7/14/2021 9:15:09 AM,3.56,3.56,3.21,3.25,841000,0
SJF,7/15/2021 9:15:08 AM,3.3,3.35,3.22,3.35,270500,0
SJF,7/16/2021 9:15:05 AM,3.29,3.31,3.2,3.2,326500,0
SJF,7/19/2021 9:15:10 AM,3.03,3.19,2.98,2.98,1132300,0
SJF,7/20/2021 9:15:06 AM,3,3.08,2.9,3.08,449000,0
SJF,7/21/2021 9:15:08 AM,3.08,3.1,3.01,3.07,238400,0
SJF,7/22/2021 9:15:06 AM,3.07,3.22,3.04,3.19,534900,0
SJF,7/23/2021 9:15:04 AM,3.1,3.2,3.1,3.11,298900,0
SJF,7/26/2021 9:15:09 AM,3.15,3.27,3.15,3.18,798000,0
SJF,7/27/2021 9:15:06 AM,3.4,3.4,3.4,3.4,471700,0
SJF,7/28/2021 9:15:07 AM,3.63,3.63,3.63,3.63,422000,0
SJF,7/29/2021 9:15:08 AM,3.88,3.88,3.63,3.65,4250400,0
SJF,7/30/2021 9:15:11 AM,3.5,3.65,3.5,3.58,796900,0
SJF,8/2/2021 9:15:04 AM,3.68,3.68,3.58,3.59,628200,0
SJF,8/3/2021 9:15:08 AM,3.54,3.78,3.44,3.73,2071700,0
SJF,8/4/2021 9:15:08 AM,3.8,3.8,3.65,3.68,811300,0
SJF,8/5/2021 9:15:05 AM,3.68,3.93,3.5,3.93,2618400,0
SJF,8/6/2021 9:15:06 AM,3.97,4.17,3.89,3.9,1493900,0
SJF,8/9/2021 9:15:09 AM,3.88,3.93,3.76,3.85,961700,0
SJF,8/10/2021 9:15:11 AM,3.85,4.11,3.81,4.11,3265300,0
SJF,8/11/2021 9:15:09 AM,4.39,4.39,4.3,4.32,4642900,0
SJF,8/12/2021 9:15:09 AM,4.44,4.44,4.18,4.35,1590500,0
SJF,8/13/2021 9:15:05 AM,4.29,4.45,4.06,4.22,2600300,0
SJF,8/16/2021 9:15:10 AM,4.2,4.39,4.2,4.29,1575400,0
SJF,8/17/2021 9:15:09 AM,4.3,4.33,4.2,4.29,866300,0
SJF,8/18/2021 9:15:06 AM,4.29,4.29,4.16,4.18,1477100,0
SJF,8/19/2021 9:15:08 AM,4.17,4.2,4,4.06,1586500,0
SJF,8/20/2021 9:15:08 AM,4.1,4.27,3.85,4.14,3269700,0
SJF,8/23/2021 9:15:14 AM,4.14,4.14,3.86,4,2877300,0
SJF,8/24/2021 9:15:06 AM,4,4.08,3.77,3.85,1092500,0
SJF,8/25/2021 9:15:08 AM,3.7,3.85,3.68,3.8,1199800,0
SJF,8/26/2021 9:15:08 AM,3.86,3.87,3.75,3.75,898400,0
SJF,8/27/2021 9:15:07 AM,3.75,3.95,3.75,3.94,1362000,0
SJF,8/30/2021 9:15:06 AM,3.95,4.21,3.9,4.21,2092700,0
SJF,8/31/2021 9:15:09 AM,4.45,4.5,4.28,4.5,5275800,0
SJF,9/1/2021 9:15:07 AM,4.65,4.8,4.5,4.67,2680100,0
SJF,9/6/2021 9:15:09 AM,4.49,4.99,4.42,4.87,4256400,0
SJF,9/7/2021 9:15:05 AM,4.8,4.9,4.53,4.53,2980600,0
SJF,9/8/2021 9:15:06 AM,4.5,4.84,4.46,4.84,4220400,0
SJF,9/9/2021 9:15:08 AM,5.17,5.17,4.9,5.17,5295400,0
SJF,9/10/2021 9:15:07 AM,5.53,5.53,5.52,5.53,2609400,0
SJF,9/13/2021 9:15:06 AM,5.91,5.91,5.6,5.91,1.45008e+007,0
SJF,9/14/2021 9:15:11 AM,6.32,6.32,6.32,6.32,3390400,0
SJF,9/15/2021 9:15:09 AM,6.76,6.76,6.76,6.76,1768200,0
SJF,9/16/2021 9:15:08 AM,7.23,7.23,6.29,6.77,1.3908e+007,0
SJF,9/17/2021 9:15:08 AM,6.3,6.77,6.3,6.41,6671700,0
SJF,9/20/2021 9:15:07 AM,6.85,6.85,6.8,6.85,3694200,0
SJF,9/21/2021 9:15:08 AM,6.9,7.32,6.8,7.32,8965100,0
SJF,9/22/2021 9:15:09 AM,7.83,7.83,7.83,7.83,1673300,0
SJF,9/23/2021 9:15:10 AM,8.37,8.37,7.3,8,1.14083e+007,0
SJF,9/24/2021 9:15:07 AM,7.47,8,7.44,7.44,8470800,0
SJF,9/27/2021 9:15:08 AM,6.92,7.75,6.92,6.93,4340900,0
SJF,9/28/2021 9:15:11 AM,6.45,7.41,6.45,7.41,6218500,0
SJF,9/29/2021 9:15:08 AM,7.45,7.6,7.3,7.35,2585300,0
SJF,9/30/2021 9:15:05 AM,7.35,7.7,7,7.45,2097500,0
SJF,10/1/2021 9:15:06 AM,7.35,7.56,7.35,7.44,2599700,0
SJF,10/4/2021 9:15:03 AM,7.54,7.9,7.38,7.63,3734200,0
SJF,10/5/2021 9:15:09 AM,7.9,8.16,7.73,8.16,2593600,0
SJF,10/6/2021 9:15:07 AM,8.73,8.73,8.73,8.73,1246200,0
SJF,10/7/2021 9:15:07 AM,9.34,9.34,8.73,8.98,8435300,0
SJF,10/8/2021 9:15:06 AM,8.4,8.96,8.4,8.6,4496300,0
SJF,10/11/2021 9:15:07 AM,8.79,8.9,8.58,8.6,2579700,0
SJF,10/12/2021 9:15:09 AM,8.6,9.2,8.3,8.95,3783100,0
SJF,10/13/2021 9:15:05 AM,8.95,9.19,8.95,9.04,1718000,0
SJF,10/14/2021 9:15:08 AM,9,9.16,9,9.05,1681300,0
SJF,10/15/2021 9:15:02 AM,9,9.1,8.89,9,2417300,0
SJF,10/18/2021 9:15:08 AM,9.3,9.3,8.95,8.96,2278600,0
SJF,10/19/2021 9:15:09 AM,8.8,9.2,8.8,8.98,2147200,0
SJF,10/20/2021 9:15:07 AM,9,9.25,8.8,9,3506200,0
SJF,10/21/2021 9:15:03 AM,8.98,8.99,8.89,8.95,2607800,0
SJF,10/22/2021 9:15:06 AM,8.99,8.99,8.69,8.75,2710200,0
SJF,10/25/2021 9:15:11 AM,8.62,8.68,8.3,8.3,4663900,0
SJF,10/26/2021 9:15:12 AM,8,8.7,8,8.61,2257400,0
SJF,10/27/2021 9:15:09 AM,8.88,9.21,8.8,9.03,4085200,0
SJF,10/28/2021 9:15:10 AM,9.02,9.02,8.85,8.95,1751800,0
SJF,10/29/2021 9:15:11 AM,8.95,9.3,8.8,9.2,3918900,0
SJF,11/1/2021 9:15:15 AM,9.84,9.84,9.57,9.84,3984100,0
SJF,11/2/2021 9:15:12 AM,10.5,10.5,10.1,10.5,4801800,0
SJF,11/3/2021 9:15:12 AM,11.1,11.2,10.1,10.45,7814000,0
SJF,11/4/2021 9:15:08 AM,10.4,10.8,10,10.6,2953000,0
SJF,11/5/2021 9:15:12 AM,10.6,11.05,10.6,10.9,2200500,0
SJF,11/8/2021 9:15:11 AM,10.9,11.3,10.5,11,4295600,0
SJF,11/9/2021 9:15:12 AM,11,11,10.7,10.8,2383000,0
SJF,11/10/2021 9:15:11 AM,10.9,11.55,10.6,11.55,3871200,0
SJF,11/11/2021 9:15:12 AM,12.3,12.35,11.55,12.35,4370400,0
SJF,11/12/2021 9:15:10 AM,13.2,13.2,13,13.2,3266900,0
SJF,11/15/2021 9:25:32 AM,14.1,14.1,13.7,14.1,3661500,0
SJF,11/16/2021 9:15:14 AM,14.2,15.05,13.5,15.05,6678300,0
SJF,11/17/2021 9:15:08 AM,15.6,16.1,15.5,16.1,3358000,0
SJF,11/18/2021 9:15:08 AM,17.2,17.2,17.2,17.2,1051800,0
SJF,11/19/2021 9:15:06 AM,18.4,18.4,17.2,18.4,7563100,0
SJF,11/22/2021 9:15:04 AM,19.65,19.65,17.2,18.5,5981800,0
SJF,11/23/2021 9:15:07 AM,18.1,19.75,17.25,19.75,4624600,0
SJF,11/24/2021 9:15:09 AM,21.1,21.1,20.5,21.1,2573900,0
SJF,11/25/2021 9:15:08 AM,22.55,22.55,22.5,22.55,2702100,0
SJF,11/26/2021 9:15:10 AM,24.1,24.1,22.6,24.1,1.08033e+007,0
SJF,11/29/2021 9:15:11 AM,22.45,24.6,22.45,22.45,7798600,0
SJF,11/30/2021 9:15:08 AM,20.9,20.9,20.9,20.9,495000,0
SJF,12/1/2021 9:15:08 AM,19.45,19.45,19.45,19.45,149700,0
SJF,12/2/2021 9:15:06 AM,18.1,18.1,18.1,18.1,129300,0
SJF,12/3/2021 9:15:07 AM,16.85,16.85,16.85,16.85,362000,0
SJF,12/6/2021 9:15:09 AM,15.7,15.7,15.7,15.7,109400,0
SJF,12/7/2021 9:15:07 AM,14.65,14.65,14.65,14.65,86200,0
SJF,12/8/2021 9:15:08 AM,13.65,13.65,13.65,13.65,114400,0
SJF,12/9/2021 9:15:10 AM,12.7,12.7,12.7,12.7,263000,0
SJF,12/10/2021 9:15:07 AM,11.85,13.35,11.85,11.85,2.37167e+007,0
SJF,12/13/2021 9:15:07 AM,12.2,12.65,12.05,12.65,1360100,0
SJF,12/14/2021 9:15:08 AM,13.5,13.5,13.5,13.5,948200,0
SJF,12/15/2021 9:15:07 AM,13,14.2,12.6,13,1.36977e+007,0
SJF,12/16/2021 9:15:07 AM,12.1,12.8,12.1,12.2,5619900,0
SJF,12/17/2021 9:15:05 AM,12.2,12.7,12.15,12.3,2148500,0
SJF,12/20/2021 9:15:08 AM,13.15,13.15,12.3,12.7,3490700,0
SJF,12/21/2021 9:15:07 AM,12.2,12.6,11.85,12,4445200,0
SJF,12/22/2021 9:15:08 AM,11.7,12,11.2,11.2,6731300,0
SJF,12/23/2021 9:15:09 AM,11,11.95,11,11.95,3162100,0
SJF,12/24/2021 9:15:04 AM,12.5,12.5,11.4,11.8,2059400,0
SJF,12/27/2021 9:15:08 AM,11.7,11.8,11.3,11.45,1538600,0
SJF,12/28/2021 9:15:07 AM,11.4,12,11.05,11.55,2952200,0
SJF,12/29/2021 9:15:08 AM,11.6,11.8,11.3,11.5,1624100,0
SJF,12/30/2021 9:15:06 AM,11.4,12.3,11.4,12.3,3472700,0
SJF,12/31/2021 9:15:09 AM,12.8,12.8,11.85,12.05,2954200,0
SJF,1/4/2022 9:15:12 AM,12.1,12.25,11.8,11.9,1620600,0
SJF,1/5/2022 9:15:11 AM,11.9,12.5,11.7,11.95,2291400,0
SJF,1/6/2022 9:15:11 AM,12,12.75,11.95,12.5,4412500,0
SJF,1/7/2022 9:15:10 AM,12.8,12.8,12.4,12.65,3182400,0
SJF,1/10/2022 9:15:10 AM,12.65,13.5,12.65,13.5,5139600,0
SJF,1/11/2022 9:15:11 AM,13.5,14,13,13.15,3751400,0
SJF,1/12/2022 9:15:16 AM,13,13.15,12.25,12.25,3778900,0
SJF,1/13/2022 9:15:09 AM,12.3,12.6,11.4,11.45,2435400,0
SJF,1/14/2022 9:15:06 AM,11.2,12.25,10.7,12.25,1596200,0
SJF,1/17/2022 9:15:07 AM,13.1,13.1,12.25,12.75,4192100,0
SJF,1/18/2022 9:15:08 AM,12.7,13.3,12.25,12.5,1458500,0
SJF,1/19/2022 9:15:08 AM,12.3,12.75,11.65,11.65,1540300,0
SJF,1/20/2022 9:15:11 AM,11.05,12.4,11.05,11.9,969100,0
SJF,1/21/2022 9:15:11 AM,11.9,12.4,11.7,11.9,896300,0
SJF,1/24/2022 9:15:12 AM,11.9,12,11.1,11.1,967900,0
SJF,1/25/2022 9:15:07 AM,10.4,11,10.35,10.5,1018100,0
SJF,1/26/2022 9:15:08 AM,10.7,11,9.9,10.7,1363500,0
SJF,1/27/2022 9:15:07 AM,10.95,11.25,10.7,10.9,496400,0
SJF,1/28/2022 9:15:12 AM,11.65,11.65,11.6,11.65,961000,0
SJF,2/7/2022 9:15:12 AM,12.45,12.45,12.45,12.45,473000,0
SJF,2/8/2022 9:15:13 AM,13.3,13.3,12.5,12.55,2737100,0
SJF,2/9/2022 9:15:11 AM,12.55,12.55,12,12.25,1129900,0
SJF,2/10/2022 9:15:13 AM,12.3,12.85,12.25,12.4,936900,0
SJF,2/11/2022 9:15:13 AM,12.6,12.6,12.15,12.2,962600,0
SJF,2/14/2022 9:15:12 AM,12,12.4,11.9,11.9,1062800,0
SJF,2/15/2022 9:15:16 AM,11.7,12,11.6,11.95,983000,0
SJF,2/16/2022 9:15:11 AM,12.05,12.25,11.6,11.95,1640700,0
SJF,2/17/2022 9:15:13 AM,11.95,12,11.8,11.9,1187900,0
SJF,2/18/2022 9:15:12 AM,11.95,12.45,11.85,12.05,1678800,0
SJF,2/21/2022 9:15:17 AM,12.05,12.65,11.95,12.5,2352600,0
SJF,2/22/2022 9:15:18 AM,12.2,12.5,12.1,12.2,1441600,0
SJF,2/23/2022 9:15:10 AM,12.4,12.8,12.3,12.45,1813400,0
SJF,2/24/2022 9:15:13 AM,12.4,12.6,11.6,12,2179400,0
SJF,2/25/2022 9:15:13 AM,12.1,12.3,12,12,887100,0
SJF,2/28/2022 9:15:12 AM,11.9,12.2,11.8,12.05,1120500,0
SJF,3/1/2022 9:15:13 AM,12.45,12.45,12.05,12.35,1701200,0
SJF,3/2/2022 9:15:16 AM,12.4,12.45,12.25,12.4,1782400,0
SJF,3/3/2022 9:15:14 AM,12.45,13.25,12.4,13.25,2832100,0
SJF,3/4/2022 9:15:15 AM,14.15,14.15,14.15,14.15,2554300,0
SJF,3/7/2022 9:15:21 AM,14.65,15,13.5,14.1,6254600,0
SJF,3/8/2022 9:15:15 AM,13.8,15.05,13.65,15.05,5773800,0
SJF,3/9/2022 9:15:10 AM,15.3,15.95,14.2,15.45,3668000,0
SJF,3/10/2022 9:15:32 AM,15.45,16.5,15.2,16.5,4508700,0
SJF,3/11/2022 9:15:14 AM,16.5,17.2,15.35,15.35,7204400,0
SJF,3/14/2022 9:15:15 AM,15.35,15.35,14.3,14.3,4872700,0
SJF,3/15/2022 9:15:18 AM,14,14.35,13.3,14.35,3283500,0
SJF,3/16/2022 9:15:13 AM,14.55,15.35,14.4,15.35,2085700,0
SJF,3/17/2022 9:15:12 AM,15.7,16,14.85,15,2743100,0
SJF,3/18/2022 9:15:14 AM,14.75,15.2,14.75,14.9,2007600,0
SJF,3/21/2022 9:15:17 AM,15,15.7,14.75,15.4,2061900,0
SJF,3/22/2022 9:15:17 AM,15.35,15.75,15.1,15.2,2027100,0
SJF,3/23/2022 9:15:33 AM,15.2,15.7,15,15.25,1872100,0
SJF,3/24/2022 9:15:14 AM,15.25,16,15.1,15.7,3433000,0
SJF,3/25/2022 9:15:17 AM,15.7,16.75,15.7,16.75,4836600,0
SJF,3/28/2022 9:15:15 AM,16.3,17.8,15.95,17.4,4934000,0
SJF,3/29/2022 9:15:15 AM,17.5,18,17,17.4,2723200,0
SJF,3/30/2022 9:15:31 AM,16.45,17.2,16.2,16.2,5298200,0
SJF,3/31/2022 9:15:15 AM,16.2,17,15.8,15.8,3808900,0
SJF,4/1/2022 9:15:16 AM,15.7,16.9,15.55,16.7,2617400,0
SJF,4/4/2022 9:15:17 AM,17,17.3,16.6,16.6,2038100,0
SJF,4/5/2022 9:15:15 AM,16.45,16.85,16.4,16.6,1418400,0
SJF,4/6/2022 9:15:16 AM,16.6,17.3,16.5,16.75,2506100,0
SJF,4/7/2022 9:15:12 AM,16.8,16.8,16.2,16.2,1510600,0
SJF,4/8/2022 9:15:13 AM,15.95,16.5,15.95,16,1388100,0
SJF,4/12/2022 9:15:13 AM,16.5,16.5,14.9,14.9,2050000,0
SJF,4/13/2022 9:15:14 AM,14.95,15.4,14.05,15.3,1790200,0
SJF,4/14/2022 9:15:13 AM,15.5,15.7,15.2,15.3,1023600,0
SJF,4/15/2022 9:15:13 AM,15.3,15.8,15.1,15.1,1161800,0
SJF,4/18/2022 9:15:14 AM,15.1,15.1,14.05,14.05,2139700,0
SJF,4/19/2022 9:15:13 AM,13.85,14.35,13.1,13.1,1930800,0
SJF,4/20/2022 9:15:14 AM,12.7,13,12.2,12.2,1882600,0
SJF,4/21/2022 9:15:15 AM,11.35,11.5,11.35,11.35,1969200,0
SJF,4/22/2022 9:15:15 AM,10.7,11.8,10.6,11,1568700,0
SJF,4/25/2022 9:15:15 AM,10.8,11.75,10.75,11.75,1666200,0
SJF,4/26/2022 9:15:16 AM,11.85,12.55,11.5,12.55,1556400,0
SJF,4/27/2022 9:15:19 AM,13.1,13.4,12.4,13.35,1451900,0
SJF,4/28/2022 9:15:15 AM,13.4,14.1,13.35,13.4,1170400,0
SJF,4/29/2022 9:15:15 AM,13.2,13.95,12.8,13.45,1162600,0
SJF,5/4/2022 9:15:20 AM,13.3,13.7,13.1,13.2,742300,0
SJF,5/5/2022 9:15:17 AM,13.2,13.4,12.3,12.7,1141100,0
SJF,5/6/2022 9:15:16 AM,12.15,12.65,12.1,12.1,594900,0
SJF,5/9/2022 9:15:17 AM,11.6,12.05,11.3,11.3,1176500,0
SJF,5/10/2022 9:15:17 AM,10.8,12,10.7,12,958600,0
SJF,5/11/2022 9:15:17 AM,12.5,12.5,12,12.2,753700,0
SJF,5/12/2022 9:15:19 AM,11.95,12.15,11.35,11.35,949700,0
SJF,5/13/2022 9:15:17 AM,10.95,11.35,10.6,10.6,1236500,0
SJF,5/16/2022 9:15:18 AM,11,11.3,10.5,10.55,656700,0
SJF,5/17/2022 9:15:20 AM,10.3,11.25,10.3,11.25,712200,0
SJF,5/18/2022 9:15:19 AM,11.6,11.6,11.1,11.1,922500,0
SJF,5/19/2022 9:15:18 AM,11.2,11.2,10.8,10.9,538600,0
SJF,5/20/2022 9:15:18 AM,10.95,11.25,10.9,11,610400,0
SJF,5/23/2022 9:15:22 AM,11,11.35,10.55,10.65,735300,0
SJF,5/24/2022 9:16:07 AM,10.65,10.75,10.1,10.45,784900,0
SJF,5/25/2022 9:15:21 AM,10.5,10.95,10.35,10.9,825500,0
SJF,5/26/2022 9:15:19 AM,10.9,11.2,10.8,10.85,664800,0
SJF,5/27/2022 9:15:19 AM,10.85,11.2,10.75,11.1,828900,0
SJF,5/30/2022 9:15:20 AM,11.2,11.35,10.9,11.15,762400,0
SJF,5/31/2022 9:15:20 AM,10.9,11.2,10.9,10.9,524700,0
SJF,6/1/2022 9:15:21 AM,10.75,11,10.6,10.95,689800,0
SJF,6/2/2022 9:15:21 AM,11,11,10.45,10.6,971200,0
SJF,6/3/2022 9:15:20 AM,10.65,10.65,10.2,10.3,555000,0
SJF,6/6/2022 9:15:02 AM,10.2,10.4,9.58,9.58,1679600,0
SJF,6/7/2022 9:15:02 AM,9.25,9.44,8.91,9.11,2146300,0
SJF,6/8/2022 9:15:03 AM,9.11,9.73,9.11,9.69,626500,0
SJF,6/9/2022 9:15:02 AM,9.5,9.85,9.5,9.69,361400,0
SJF,6/10/2022 9:15:02 AM,9.5,9.6,9.05,9.1,589900,0
SJF,6/13/2022 9:15:03 AM,8.8,8.8,8.47,8.47,968500,0
SJF,6/14/2022 9:15:03 AM,7.88,8,7.88,7.88,1999000,0
SJF,6/15/2022 9:15:03 AM,8,8,7.33,7.33,667900,0
SJF,6/16/2022 9:15:07 AM,7.05,7.5,6.82,6.82,3040300,0
SJF,6/17/2022 9:15:03 AM,6.35,6.36,6.35,6.35,260300,0
SJF,6/20/2022 9:15:03 AM,5.91,6.06,5.91,5.91,1625300,0
SJF,6/21/2022 9:15:03 AM,5.51,5.71,5.5,5.5,1599600,0
SJF,6/22/2022 9:15:03 AM,5.21,5.88,5.21,5.88,1215000,0
SJF,6/23/2022 9:15:05 AM,6.18,6.18,5.9,6,641200,0
SJF,6/24/2022 9:15:04 AM,6,6.22,5.81,6.1,753600,0
SJF,6/27/2022 9:15:05 AM,6.15,6.25,6.01,6.19,459500,0
SJF,6/28/2022 9:15:05 AM,6.23,6.62,6.22,6.62,277000,0
SJF,6/29/2022 9:15:08 AM,7.08,7.08,6.45,6.75,1701700,0
SJF,6/30/2022 9:15:05 AM,6.99,6.99,6.39,6.4,787000,0
SJF,7/1/2022 9:15:07 AM,6.4,6.4,5.96,5.96,1009600,0
SJF,7/4/2022 9:15:05 AM,6.01,6.2,5.96,6.09,698700,0
SJF,7/5/2022 9:18:33 AM,6.1,6.15,5.67,5.9,720900,0
SJF,7/6/2022 9:15:06 AM,5.65,5.9,5.54,5.54,442800,0
SJF,7/7/2022 9:15:05 AM,5.35,5.7,5.35,5.54,561800,0
SJF,7/8/2022 9:15:08 AM,5.54,5.78,5.54,5.63,514200,0
SJF,7/11/2022 9:15:06 AM,5.63,5.95,5.63,5.76,550500,0
SJF,7/12/2022 9:16:59 AM,5.76,6.15,5.75,6.13,793700,0
SJF,7/13/2022 9:15:07 AM,6.3,6.38,6.13,6.25,763300,0
SJF,7/14/2022 9:15:06 AM,6.18,6.25,6.01,6.12,568900,0
SJF,7/15/2022 9:15:07 AM,6.2,6.54,6.15,6.4,1234100,0
SJF,7/18/2022 9:15:07 AM,6.5,6.55,6.21,6.21,401800,0
SJF,7/19/2022 9:15:09 AM,6.23,6.5,6.15,6.42,635600,0
SJF,7/20/2022 9:15:08 AM,6.5,6.86,6.5,6.86,1405100,0
SJF,7/21/2022 9:15:08 AM,6.91,7.2,6.65,6.73,892700,0
SJF,7/22/2022 9:15:08 AM,6.72,7.03,6.68,6.7,1441000,0
SJF,7/25/2022 9:15:08 AM,6.71,6.71,6.4,6.46,634200,0
SJF,7/26/2022 9:15:08 AM,6.42,6.58,6.24,6.25,570200,0
SJF,7/27/2022 9:15:09 AM,6.16,6.19,5.82,5.97,1166300,0
SJF,7/28/2022 9:15:08 AM,6.15,6.29,6.15,6.25,687700,0
SJF,7/29/2022 9:15:08 AM,6.4,6.45,6.28,6.32,540500,0
SJF,8/1/2022 9:15:09 AM,6.4,6.48,6.3,6.42,816300,0
SJF,8/2/2022 9:15:11 AM,6.42,6.86,6.42,6.86,1619500,0
SJF,8/3/2022 9:15:09 AM,6.66,7.15,6.66,6.96,1516200,0
SJF,8/4/2022 9:15:09 AM,7.1,7.2,6.95,6.99,1173300,0
SJF,8/5/2022 9:15:09 AM,6.99,7.35,6.96,7.22,1367100,0
SJF,8/8/2022 9:15:12 AM,7.38,7.5,7.08,7.45,1376300,0
SJF,8/9/2022 9:15:11 AM,7.6,7.62,7.42,7.46,1160900,0
SJF,8/10/2022 9:15:10 AM,7.5,7.5,7.38,7.39,991400,0
SJF,8/11/2022 9:15:09 AM,7.42,7.62,7.1,7.25,1501700,0
SJF,8/12/2022 9:15:11 AM,7.23,7.4,7.23,7.3,503800,0
SJF,8/15/2022 9:15:11 AM,7.5,7.5,7.26,7.31,473600,0
SJF,8/16/2022 9:15:10 AM,7.3,7.38,7.3,7.35,518900,0
SJF,8/17/2022 9:15:11 AM,7.39,7.61,7.05,7.3,822600,0
SJF,8/18/2022 9:15:11 AM,7.26,7.32,7.05,7.2,537900,0
SJF,8/19/2022 9:15:12 AM,7.21,7.3,6.95,7,683900,0
SJF,8/22/2022 9:15:11 AM,6.9,6.9,6.62,6.74,735400,0
SJF,8/23/2022 9:15:13 AM,6.51,6.94,6.51,6.93,455800,0
SJF,8/24/2022 9:15:13 AM,7.12,7.12,6.93,6.98,474100,0
SJF,8/25/2022 9:15:11 AM,7.09,7.12,6.93,6.98,472900,0
SJF,8/26/2022 9:15:12 AM,6.96,7.04,6.75,6.81,536900,0
SJF,8/29/2022 9:15:12 AM,6.51,6.72,6.5,6.6,725600,0
SJF,8/30/2022 9:15:11 AM,6.82,6.82,6.6,6.64,410900,0
SJF,8/31/2022 9:15:14 AM,6.51,6.75,6.51,6.74,339200,0
SJF,9/5/2022 9:15:13 AM,6.77,6.77,6.56,6.6,303700,0
SJF,9/6/2022 9:15:13 AM,6.54,6.74,6.54,6.58,369700,0
SJF,9/7/2022 9:15:13 AM,6.37,6.51,6.12,6.12,801900,0
SJF,9/8/2022 9:15:13 AM,6.2,6.23,5.75,5.81,699900,0
SJF,9/9/2022 9:15:16 AM,5.95,5.95,5.75,5.81,479700,0
SJF,9/12/2022 9:15:05 AM,6.05,6.08,5.85,5.88,695500,0
