SKG,12/19/2017 9:15:00 AM,21.03,21.17,20.9,20.9,245010,0
SKG,12/20/2017 9:15:00 AM,20.96,21.23,20.9,21.03,168930,0
SKG,12/21/2017 9:15:00 AM,21.03,21.29,21.03,21.23,117100,0
SKG,12/22/2017 9:15:00 AM,21.23,21.23,21,21.06,98620,0
SKG,12/25/2017 9:15:00 AM,20.9,21.06,20.5,20.73,265930,0
SKG,12/26/2017 9:15:00 AM,20.73,20.73,20.3,20.3,187610,0
SKG,12/27/2017 9:15:00 AM,20.11,21.03,20.11,20.9,85330,0
SKG,12/28/2017 9:15:00 AM,21.06,21.06,20.67,20.93,102390,0
SKG,12/29/2017 9:15:00 AM,20.9,21.23,20.63,21,117180,0
SKG,1/2/2018 9:15:00 AM,21.06,21.76,21.03,21.76,244100,0
SKG,1/3/2018 9:15:00 AM,21.89,22.03,21.43,21.43,102710,0
SKG,1/4/2018 9:15:00 AM,21.43,21.56,21.29,21.29,57350,0
SKG,1/5/2018 9:15:00 AM,21.29,21.5,21.1,21.1,101500,0
SKG,1/8/2018 9:15:00 AM,21.1,21.56,21.03,21.5,90250,0
SKG,1/9/2018 9:15:00 AM,21.7,21.83,21.36,21.56,128870,0
SKG,1/10/2018 9:15:00 AM,21.56,21.7,21.36,21.46,248700,0
SKG,1/11/2018 9:15:00 AM,21.46,21.56,21.23,21.46,240940,0
SKG,1/12/2018 9:15:00 AM,21.56,21.56,20.96,21.36,220440,0
SKG,1/15/2018 9:15:00 AM,21.1,21.56,20.9,21.23,197890,0
SKG,1/16/2018 9:15:00 AM,21.03,21.23,20.9,21.03,115960,0
SKG,1/17/2018 9:15:00 AM,21.1,21.17,20.79,20.79,124040,0
SKG,1/18/2018 9:15:00 AM,20.79,21.5,20.79,20.93,147610,0
SKG,1/19/2018 9:15:00 AM,21.17,21.23,20.86,20.96,76200,0
SKG,1/22/2018 9:15:00 AM,20.53,20.86,20.3,20.63,507250,0
SKG,1/25/2018 9:10:00 AM,19.2,19.24,19.2,19.2,1140890,0
SKG,1/26/2018 9:15:00 AM,17.88,18.77,17.88,18.58,491220,0
SKG,1/29/2018 9:15:00 AM,18.84,18.91,17.28,17.38,325140,0
SKG,1/30/2018 9:15:00 AM,17.11,18.58,17.11,17.92,311160,0
SKG,1/31/2018 9:15:00 AM,17.92,18.61,17.92,18.18,347120,0
SKG,2/1/2018 9:15:00 AM,18.44,18.61,18.09,18.18,336350,0
SKG,2/2/2018 9:15:00 AM,18.44,18.44,18.12,18.12,47010,0
SKG,2/5/2018 9:15:00 AM,18.05,18.09,17.11,17.32,208210,0
SKG,2/6/2018 9:15:00 AM,16.59,16.59,16.11,16.11,350960,0
SKG,2/7/2018 9:15:00 AM,16.38,17.25,16.38,16.92,138230,0
SKG,2/8/2018 9:15:00 AM,17.25,17.59,16.92,17.25,39200,0
SKG,2/9/2018 9:15:00 AM,16.92,17.38,16.65,17.32,60340,0
SKG,2/12/2018 9:15:00 AM,17.32,17.82,17.32,17.71,35060,0
SKG,2/13/2018 9:15:00 AM,17.85,17.99,17.59,17.59,55010,0
SKG,2/21/2018 9:15:00 AM,18.41,18.41,17.92,18.12,45780,0
SKG,2/22/2018 9:15:00 AM,17.92,18.54,17.75,17.95,85000,0
SKG,2/23/2018 9:15:00 AM,17.99,18.58,17.92,18.24,160290,0
SKG,2/26/2018 9:15:00 AM,18.24,18.44,17.92,18.31,177040,0
SKG,2/27/2018 9:15:00 AM,18.37,18.37,18.09,18.31,136000,0
SKG,2/28/2018 9:40:00 AM,18.24,18.31,17.92,18.24,173960,0
SKG,3/1/2018 9:15:00 AM,18.24,18.37,17.92,17.92,67210,0
SKG,3/2/2018 9:10:00 AM,17.92,18.2,17.78,17.92,23710,0
SKG,3/5/2018 9:15:00 AM,17.99,18.02,17.85,17.85,55350,0
SKG,3/6/2018 9:15:00 AM,17.85,18.7,17.65,18.44,177180,0
SKG,3/7/2018 9:10:00 AM,18.64,19.04,18.54,18.58,449850,0
SKG,3/8/2018 9:20:00 AM,18.58,18.84,18.31,18.51,193700,0
SKG,3/9/2018 9:15:00 AM,18.37,18.58,18.27,18.44,50050,0
SKG,3/12/2018 9:15:00 AM,18.31,18.44,18.02,18.02,104410,0
SKG,3/13/2018 9:15:00 AM,18.12,18.2,17.62,18.18,84040,0
SKG,3/14/2018 9:15:00 AM,18.18,18.18,17.92,18.12,52140,0
SKG,3/15/2018 9:10:00 AM,18.51,18.51,17.99,18.18,20370,0
SKG,3/16/2018 9:15:00 AM,17.99,18.18,17.92,18.12,80330,0
SKG,3/19/2018 9:15:00 AM,18.12,18.24,17.99,18.2,53670,0
SKG,3/20/2018 9:20:00 AM,17.92,18.7,17.92,17.99,98340,0
SKG,3/21/2018 9:20:00 AM,18.31,18.31,17.95,18.09,19030,0
SKG,3/22/2018 9:15:00 AM,18.09,18.09,17.85,17.85,97630,0
SKG,3/23/2018 9:15:00 AM,17.85,17.85,17.45,17.65,116420,0
SKG,3/26/2018 9:10:00 AM,17.65,17.65,17.38,17.38,40050,0
SKG,3/27/2018 9:15:00 AM,17.59,17.85,17.05,17.05,103280,0
SKG,3/28/2018 9:15:00 AM,17.25,17.38,17.05,17.38,110670,0
SKG,3/29/2018 9:25:00 AM,17.45,17.59,17.25,17.42,150060,0
SKG,3/30/2018 9:15:00 AM,17.68,17.68,17.49,17.62,17630,0
SKG,4/2/2018 9:15:00 AM,17.71,18.37,17.62,18.12,221820,0
SKG,4/3/2018 9:15:00 AM,17.78,18.2,17.78,18.12,60150,0
SKG,4/4/2018 9:15:00 AM,17.99,18.18,17.78,17.78,86120,0
SKG,4/5/2018 9:15:00 AM,17.62,18.12,17.62,17.71,31030,0
SKG,4/6/2018 9:15:00 AM,17.65,18.02,17.65,17.78,76220,0
SKG,4/9/2018 9:10:00 AM,18.12,18.12,17.59,17.59,79500,0
SKG,4/10/2018 9:15:00 AM,17.92,17.92,16.92,17.59,270260,0
SKG,4/11/2018 9:15:00 AM,17.11,18.24,17.11,17.52,68220,0
SKG,4/12/2018 9:15:00 AM,17.78,17.92,17.45,17.78,40550,0
SKG,4/13/2018 9:15:00 AM,17.78,17.78,17.45,17.45,69250,0
SKG,4/16/2018 9:15:00 AM,17.45,17.78,17.25,17.38,54820,0
SKG,4/17/2018 9:15:00 AM,17.38,17.59,17.11,17.21,66180,0
SKG,4/18/2018 9:10:00 AM,17.55,17.55,17.21,17.25,52750,0
SKG,4/19/2018 9:15:00 AM,17.25,17.25,17.05,17.05,53240,0
SKG,4/20/2018 9:15:00 AM,17.05,17.11,16.59,17.02,62320,0
SKG,4/23/2018 9:15:00 AM,16.99,16.99,16.42,16.45,88680,0
SKG,4/24/2018 9:10:00 AM,16.38,16.59,16.05,16.35,138330,0
SKG,4/26/2018 9:10:00 AM,16.52,16.52,15.93,16.11,129970,0
SKG,4/27/2018 9:20:00 AM,16.32,16.38,15.93,16.32,87710,0
SKG,5/2/2018 9:15:00 AM,16.92,16.92,16.38,16.49,30020,0
SKG,5/3/2018 9:15:00 AM,16.52,16.71,16.18,16.38,48800,0
SKG,5/4/2018 9:15:00 AM,16.38,16.45,16.05,16.05,43210,0
SKG,5/7/2018 9:15:00 AM,16.45,16.45,16.05,16.05,28760,0
SKG,5/8/2018 9:15:00 AM,16.11,16.45,16.11,16.38,99780,0
SKG,5/9/2018 9:15:00 AM,16.45,16.99,16.45,16.92,127410,0
SKG,5/10/2018 9:15:00 AM,16.71,16.99,16.59,16.71,70840,0
SKG,5/11/2018 9:15:00 AM,16.92,16.92,16.45,16.71,37830,0
SKG,5/14/2018 9:15:00 AM,16.71,17.05,16.38,16.38,49130,0
SKG,5/15/2018 9:15:00 AM,16.59,16.65,16.38,16.45,70580,0
SKG,5/16/2018 9:15:00 AM,16.45,16.59,16.35,16.45,32120,0
SKG,5/17/2018 9:15:00 AM,16.52,16.92,16.38,16.65,93400,0
SKG,5/18/2018 9:15:00 AM,16.65,16.65,16.38,16.65,40400,0
SKG,5/21/2018 9:15:00 AM,16.65,16.92,16.59,16.82,98720,0
SKG,5/22/2018 9:10:00 AM,16.71,16.92,16.38,16.65,76300,0
SKG,5/23/2018 9:10:00 AM,16.65,16.71,16.52,16.59,50640,0
SKG,5/24/2018 9:15:00 AM,16.71,16.71,16.59,16.65,53890,0
SKG,5/25/2018 9:15:00 AM,16.78,16.78,16.32,16.38,63780,0
SKG,5/28/2018 9:15:00 AM,16.25,16.38,15.73,15.93,54260,0
SKG,5/29/2018 9:15:00 AM,15.93,16.59,15.86,16.59,88800,0
SKG,5/30/2018 9:15:00 AM,16.59,16.59,16.38,16.52,17140,0
SKG,5/31/2018 9:15:00 AM,16.52,16.71,16.25,16.61,61350,0
SKG,6/1/2018 9:10:00 AM,16.59,16.59,16.38,16.52,103390,0
SKG,6/4/2018 9:15:00 AM,16.59,17.65,16.59,17.65,215200,0
SKG,6/5/2018 9:15:00 AM,18.67,18.87,17.99,18.87,268830,0
SKG,6/6/2018 9:15:00 AM,19.11,19.17,18.58,18.84,135950,0
SKG,6/7/2018 9:10:00 AM,18.54,18.7,17.95,18.51,124390,0
SKG,6/8/2018 9:15:00 AM,18.51,18.51,18.05,18.31,54230,0
SKG,6/11/2018 9:15:00 AM,18.31,19.58,18.31,19.24,495230,0
SKG,6/12/2018 9:15:00 AM,19.24,19.91,18.91,19.17,105340,0
SKG,6/13/2018 9:15:00 AM,19.11,19.3,19.04,19.04,82760,0
SKG,6/14/2018 9:15:00 AM,19.24,19.37,18.58,18.94,111160,0
SKG,6/15/2018 9:15:00 AM,18.64,19.24,18.64,18.84,115670,0
SKG,6/18/2018 9:15:00 AM,19.04,19.17,17.59,17.88,298020,0
SKG,6/19/2018 9:15:00 AM,17.88,18.29,16.86,17.28,79750,0
SKG,6/20/2018 9:15:00 AM,17.45,17.96,17.28,17.71,82230,0
SKG,6/21/2018 9:15:00 AM,17.71,18.04,17.49,17.54,43820,0
SKG,6/22/2018 9:15:00 AM,17.54,17.62,17.37,17.37,75790,0
SKG,6/25/2018 9:15:00 AM,17.49,17.49,17.28,17.28,68210,0
SKG,6/26/2018 9:15:00 AM,17.28,17.32,17.03,17.07,44350,0
SKG,6/27/2018 9:15:00 AM,17.28,17.28,16.86,17.03,36350,0
SKG,6/28/2018 9:20:00 AM,17.07,17.28,16.6,16.69,81910,0
SKG,6/29/2018 9:15:00 AM,16.69,16.94,16.6,16.69,46330,0
SKG,7/2/2018 9:15:00 AM,16.65,16.65,16.05,16.27,47250,0
SKG,7/3/2018 9:15:00 AM,16.18,16.6,16.02,16.02,64380,0
SKG,7/4/2018 9:15:00 AM,15.94,16.02,15.51,15.77,46010,0
SKG,7/5/2018 9:15:00 AM,16.27,16.27,15.26,15.26,51440,0
SKG,7/6/2018 9:15:00 AM,15.81,15.81,15.09,15.51,51650,0
SKG,7/9/2018 9:15:00 AM,15.73,15.73,15.09,15.43,63820,0
SKG,7/10/2018 9:15:00 AM,15.43,15.68,15.22,15.43,29050,0
SKG,7/11/2018 9:15:00 AM,15.34,15.47,15.17,15.26,48470,0
SKG,7/12/2018 9:25:00 AM,15.26,15.39,15.17,15.17,13170,0
SKG,7/13/2018 9:15:00 AM,15.17,15.47,15.17,15.34,14530,0
SKG,7/16/2018 9:15:00 AM,15.39,15.68,15.39,15.6,86170,0
SKG,7/17/2018 9:15:00 AM,15.6,15.68,15.6,15.64,46780,0
SKG,7/18/2018 9:15:00 AM,15.68,15.73,15.56,15.68,68800,0
SKG,7/19/2018 9:15:00 AM,15.85,16.73,15.85,16.02,66360,0
SKG,7/20/2018 9:15:00 AM,16.02,16.9,16.02,16.9,204930,0
SKG,7/23/2018 9:15:00 AM,17.03,17.88,16.94,17.49,158180,0
SKG,7/24/2018 9:15:00 AM,17.28,17.28,17.07,17.2,320910,0
SKG,7/25/2018 9:15:00 AM,17.45,17.66,17.2,17.2,156890,0
SKG,7/26/2018 9:15:00 AM,17.24,17.54,17.11,17.32,208750,0
SKG,7/27/2018 9:15:00 AM,17.32,17.62,17.24,17.41,86260,0
SKG,7/30/2018 9:15:00 AM,17.37,17.62,17.2,17.24,137550,0
SKG,7/31/2018 9:15:00 AM,17.24,17.54,17.24,17.24,280100,0
SKG,8/1/2018 9:15:00 AM,17.28,17.45,17.2,17.28,100550,0
SKG,8/2/2018 9:15:00 AM,17.28,17.37,17.24,17.37,132550,0
SKG,8/3/2018 9:15:00 AM,17.37,17.62,17.37,17.54,78110,0
SKG,8/6/2018 9:15:00 AM,17.54,18.71,17.32,18.37,162280,0
SKG,8/7/2018 9:15:00 AM,18.46,18.46,17.71,18.04,120930,0
SKG,8/8/2018 9:15:00 AM,17.75,18.04,17.58,17.71,185710,0
SKG,8/9/2018 9:15:00 AM,17.71,17.88,17.45,17.45,128330,0
SKG,8/10/2018 9:15:00 AM,17.45,17.71,17.28,17.62,165780,0
SKG,8/13/2018 9:15:00 AM,17.45,17.79,17.28,17.41,179430,0
SKG,8/14/2018 9:15:00 AM,17.45,17.71,17.32,17.45,118220,0
SKG,8/15/2018 9:15:00 AM,17.45,17.75,17.28,17.37,134430,0
SKG,8/16/2018 9:15:00 AM,17.24,17.71,17.24,17.66,200390,0
SKG,8/17/2018 9:15:00 AM,17.83,17.83,17.62,17.83,196150,0
SKG,8/20/2018 9:15:00 AM,17.75,18.71,17.75,18.71,417260,0
SKG,8/21/2018 9:15:00 AM,18.8,19.39,18.8,19.14,340740,0
SKG,8/22/2018 9:15:00 AM,18.97,19.22,18.88,18.88,160510,0
SKG,8/23/2018 9:15:00 AM,18.88,19.73,18.75,19.56,616600,0
SKG,8/24/2018 9:15:00 AM,19.64,19.73,19.39,19.47,221570,0
SKG,8/27/2018 9:15:00 AM,19.39,19.56,19.14,19.39,169000,0
SKG,8/28/2018 9:15:00 AM,19.43,19.43,18.88,19.22,177600,0
SKG,8/29/2018 9:15:00 AM,19.14,19.43,19.05,19.3,176800,0
SKG,8/30/2018 9:15:00 AM,19.18,19.39,19.09,19.3,153960,0
SKG,8/31/2018 9:15:00 AM,19.35,19.39,19.14,19.22,146810,0
SKG,9/4/2018 9:15:00 AM,19.22,19.22,18.04,18.04,447670,0
SKG,9/5/2018 9:15:00 AM,17.96,18.29,17.96,18.2,243180,0
SKG,9/6/2018 9:15:00 AM,18.2,18.37,17.71,18.37,255650,0
SKG,9/7/2018 9:15:00 AM,18.54,18.75,18.29,18.75,197310,0
SKG,9/10/2018 9:15:00 AM,18.88,18.88,18.33,18.37,109720,0
SKG,9/11/2018 9:10:00 AM,18.5,18.8,18.33,18.8,292210,0
SKG,9/12/2018 9:15:00 AM,18.8,19.05,18.5,19.05,617530,0
SKG,9/13/2018 9:15:00 AM,19.26,19.98,18.97,19.98,514370,0
SKG,9/14/2018 9:10:00 AM,19.77,20.82,19.77,20.61,527500,0
SKG,9/17/2018 9:15:00 AM,20.86,20.86,20.32,20.35,152190,0
SKG,9/18/2018 9:15:00 AM,20.15,20.99,19.64,20.9,466870,0
SKG,9/19/2018 9:10:00 AM,21.07,21.45,20.9,21.03,735780,0
SKG,9/20/2018 9:10:00 AM,21.03,21.07,20.24,20.82,262240,0
SKG,9/21/2018 9:10:00 AM,21.16,21.16,20.32,20.73,252930,0
SKG,9/24/2018 9:10:00 AM,20.24,20.4,19.81,20.4,536720,0
SKG,9/25/2018 9:10:00 AM,19.98,20.35,19.98,20.15,206270,0
SKG,9/26/2018 9:10:00 AM,20.19,21.03,20.19,20.9,409900,0
SKG,9/27/2018 9:10:00 AM,20.9,20.9,20.69,20.82,179740,0
SKG,9/28/2018 9:10:00 AM,21.07,21.07,20.57,20.86,248630,0
SKG,10/1/2018 9:10:00 AM,21.03,21.03,20.24,20.24,227050,0
SKG,10/2/2018 9:10:00 AM,20.07,20.4,19.81,20.15,189030,0
SKG,10/3/2018 9:10:00 AM,20.24,20.65,19.81,20.65,404050,0
SKG,10/4/2018 9:10:00 AM,20.65,20.65,19.98,20.4,156030,0
SKG,10/5/2018 9:10:00 AM,20.57,20.57,19.98,20.19,97040,0
SKG,10/8/2018 9:10:00 AM,20.24,20.24,19.9,20.15,113130,0
SKG,10/9/2018 9:10:00 AM,20.19,20.19,19.77,19.86,137470,0
SKG,10/10/2018 9:15:00 AM,19.86,20.02,18.97,19.3,184840,0
SKG,10/11/2018 9:10:00 AM,18.29,18.63,17.96,17.96,632510,0
SKG,10/12/2018 9:10:00 AM,17.71,18.13,17.45,18.09,323170,0
SKG,10/15/2018 9:10:00 AM,18.25,18.25,17.88,18.04,49780,0
SKG,10/16/2018 9:10:00 AM,18.04,18.13,17.96,18.09,114090,0
SKG,10/17/2018 9:10:00 AM,18.2,18.5,16.82,16.82,819330,0
SKG,10/18/2018 9:10:00 AM,15.68,15.68,15.68,15.68,223810,0
SKG,10/19/2018 9:10:00 AM,14.58,14.58,14.58,14.58,380150,0
SKG,10/22/2018 9:10:00 AM,14.16,15.34,14.16,15.01,785770,0
SKG,10/23/2018 9:10:00 AM,15.01,15.01,14.5,14.71,203820,0
SKG,10/24/2018 9:10:00 AM,14.71,14.75,14.33,14.5,161620,0
SKG,10/25/2018 9:10:00 AM,13.79,14.24,13.58,14.24,351550,0
SKG,10/26/2018 9:10:00 AM,14.33,14.33,13.99,14.03,82870,0
SKG,10/29/2018 9:10:00 AM,13.91,14.07,13.75,13.79,70240,0
SKG,10/30/2018 9:10:00 AM,13.7,14.16,13.7,13.95,180550,0
SKG,10/31/2018 9:10:00 AM,13.99,14.33,13.99,14.33,119280,0
SKG,11/1/2018 9:10:00 AM,14.33,14.33,13.83,13.83,135370,0
SKG,11/2/2018 9:10:00 AM,13.83,14.16,13.83,13.99,159820,0
SKG,11/5/2018 9:10:00 AM,13.99,14.12,13.75,13.99,85370,0
SKG,11/6/2018 9:20:00 AM,13.99,13.99,13.62,13.83,299840,0
SKG,11/7/2018 9:10:00 AM,13.87,13.87,13.58,13.83,78990,0
SKG,11/8/2018 9:10:00 AM,13.7,13.91,13.7,13.75,42770,0
SKG,11/9/2018 9:10:00 AM,13.83,13.91,13.7,13.83,101860,0
SKG,11/12/2018 9:10:00 AM,13.83,13.83,13.66,13.83,34390,0
SKG,11/13/2018 9:10:00 AM,13.7,13.83,13.49,13.75,171500,0
SKG,11/14/2018 9:10:00 AM,13.79,13.87,13.7,13.75,138010,0
SKG,11/15/2018 9:15:00 AM,13.75,13.75,13.49,13.49,93160,0
SKG,11/16/2018 9:10:00 AM,13.49,13.75,13.24,13.58,136690,0
SKG,11/19/2018 9:10:00 AM,13.62,13.7,13.49,13.62,26160,0
SKG,11/20/2018 9:10:00 AM,13.75,13.75,13.49,13.49,121770,0
SKG,11/21/2018 9:10:00 AM,13.49,14.41,13.49,14.41,340540,0
SKG,11/22/2018 9:10:00 AM,14.67,14.75,14.33,14.45,120610,0
SKG,11/23/2018 9:10:00 AM,14.41,14.41,13.83,14.12,136330,0
SKG,11/26/2018 9:20:00 AM,13.91,14.12,13.7,13.7,93510,0
SKG,11/27/2018 9:10:00 AM,13.91,14.07,13.66,13.66,216300,0
SKG,11/28/2018 9:10:00 AM,13.83,13.95,13.7,13.87,195890,0
SKG,11/29/2018 9:10:00 AM,13.87,14.16,13.83,13.91,185930,0
SKG,11/30/2018 9:10:00 AM,13.91,14.07,13.87,13.91,79100,0
SKG,12/3/2018 9:10:00 AM,13.91,14.41,13.91,14.41,269090,0
SKG,12/4/2018 9:10:00 AM,14.5,14.5,14.16,14.24,187070,0
SKG,12/5/2018 9:10:00 AM,14.24,14.24,13.95,13.99,102390,0
SKG,12/6/2018 9:10:00 AM,14.03,14.33,13.91,14.33,185230,0
SKG,12/7/2018 9:10:00 AM,14.33,14.33,14.07,14.2,126660,0
SKG,12/10/2018 9:10:00 AM,13.99,14.24,13.95,14.16,30210,0
SKG,12/11/2018 9:10:00 AM,14.16,14.2,14.03,14.03,119650,0
SKG,12/12/2018 9:10:00 AM,14.07,14.16,14.03,14.16,189170,0
SKG,12/13/2018 9:10:00 AM,14.16,14.5,14.07,14.41,355480,0
SKG,12/14/2018 9:10:00 AM,14.41,15.09,14.24,14.58,646670,0
SKG,12/17/2018 9:10:00 AM,14.62,14.92,14.62,14.75,308480,0
SKG,12/18/2018 9:10:00 AM,14.45,14.62,14.24,14.37,305220,0
SKG,12/19/2018 9:10:00 AM,14.5,14.54,14.24,14.37,268140,0
SKG,12/20/2018 9:10:00 AM,14.33,15.3,14.29,15.3,654580,0
SKG,12/21/2018 9:10:00 AM,15.3,16.02,15.01,15.51,473760,0
SKG,12/24/2018 9:10:00 AM,15.77,15.77,15.17,15.39,461900,0
SKG,12/25/2018 9:10:00 AM,15.01,15.34,14.62,15.34,509800,0
SKG,12/26/2018 9:10:00 AM,15.34,15.51,14.92,15.05,76120,0
SKG,12/27/2018 9:10:00 AM,15.51,15.56,14.67,15.13,198000,0
SKG,12/28/2018 9:10:00 AM,14.84,15.34,14.75,14.75,137470,0
SKG,1/2/2019 9:10:00 AM,14.75,15.09,14.71,14.71,178290,0
SKG,1/3/2019 9:15:00 AM,14.58,14.75,14.58,14.62,332440,0
SKG,1/4/2019 9:10:00 AM,14.58,14.58,13.62,14.33,184960,0
SKG,1/7/2019 9:10:00 AM,14.33,14.33,13.91,14.24,162310,0
SKG,1/8/2019 9:15:00 AM,14.24,14.33,13.91,14.33,81630,0
SKG,1/9/2019 9:10:00 AM,14.33,14.37,14.03,14.24,130180,0
SKG,1/10/2019 9:10:00 AM,14.16,14.24,13.87,14.16,241840,0
SKG,1/11/2019 9:10:00 AM,13.95,14.2,13.87,14.16,58890,0
SKG,1/14/2019 9:10:00 AM,14.16,14.24,14.12,14.24,59270,0
SKG,1/15/2019 9:10:00 AM,13.99,14.33,13.99,14.2,89720,0
SKG,1/16/2019 9:10:00 AM,14.24,14.29,14.07,14.07,68260,0
SKG,1/17/2019 9:10:00 AM,14.16,14.2,14.07,14.2,130580,0
SKG,1/18/2019 9:15:00 AM,14.24,14.24,13.91,14.07,96360,0
SKG,1/21/2019 9:10:00 AM,13.11,13.49,13.11,13.11,344630,0
SKG,1/22/2019 9:10:00 AM,12.22,12.64,12.22,12.22,833850,0
SKG,1/23/2019 9:10:00 AM,12.39,12.6,12.18,12.39,150150,0
SKG,1/24/2019 9:10:00 AM,12.22,12.39,12.18,12.22,118100,0
SKG,1/25/2019 9:10:00 AM,12.22,12.56,12.18,12.39,268490,0
SKG,1/28/2019 9:10:00 AM,12.39,12.64,12.18,12.35,100650,0
SKG,1/29/2019 9:35:00 AM,12.31,12.39,12.22,12.26,53180,0
SKG,1/30/2019 9:10:00 AM,12.26,12.43,12.26,12.35,188160,0
SKG,1/31/2019 9:10:00 AM,12.35,12.39,12.31,12.31,79900,0
SKG,2/1/2019 9:10:00 AM,12.39,12.39,12.31,12.35,90780,0
SKG,2/11/2019 9:10:00 AM,12.39,12.52,12.31,12.39,95260,0
SKG,2/12/2019 9:10:00 AM,12.39,12.39,12.26,12.39,205490,0
SKG,2/13/2019 9:10:00 AM,12.39,12.9,12.31,12.81,407630,0
SKG,2/14/2019 9:10:00 AM,12.86,12.94,12.77,12.77,150770,0
SKG,2/15/2019 9:10:00 AM,12.81,12.9,12.64,12.81,73180,0
SKG,2/18/2019 9:10:00 AM,12.81,12.86,12.47,12.64,213180,0
SKG,2/19/2019 9:10:00 AM,12.47,12.81,12.39,12.64,209520,0
SKG,2/20/2019 9:10:00 AM,12.64,12.64,12.35,12.52,126660,0
SKG,2/21/2019 9:10:00 AM,12.56,12.64,12.39,12.56,146020,0
SKG,2/22/2019 9:10:00 AM,12.56,12.6,12.47,12.52,87310,0
SKG,2/25/2019 9:10:00 AM,12.52,12.6,12.39,12.56,102980,0
SKG,2/26/2019 9:10:00 AM,12.56,12.56,12.43,12.43,18610,0
SKG,2/27/2019 9:15:00 AM,12.47,12.52,12.47,12.52,95620,0
SKG,2/28/2019 9:10:00 AM,12.52,12.56,12.43,12.43,109100,0
SKG,3/1/2019 9:10:00 AM,12.56,12.56,12.39,12.52,114200,0
SKG,3/4/2019 9:10:00 AM,12.52,13.11,12.52,12.98,451050,0
SKG,3/5/2019 9:10:00 AM,12.98,12.98,12.81,12.81,216030,0
SKG,3/6/2019 9:10:00 AM,12.9,12.9,12.69,12.77,55450,0
SKG,3/7/2019 9:10:00 AM,12.73,13.28,12.73,13.15,368150,0
SKG,3/8/2019 9:10:00 AM,13.07,13.07,12.69,12.9,78940,0
SKG,3/11/2019 9:10:00 AM,12.81,12.9,12.69,12.9,65740,0
SKG,3/12/2019 9:10:00 AM,12.86,12.94,12.77,12.94,73830,0
SKG,3/13/2019 9:10:00 AM,12.94,13.11,12.9,12.9,123420,0
SKG,3/14/2019 9:10:00 AM,12.9,13.15,12.81,12.94,149020,0
SKG,3/15/2019 9:10:00 AM,12.77,13.07,12.77,13.03,110340,0
SKG,3/18/2019 9:10:00 AM,13.07,13.07,12.98,13.03,126020,0
SKG,3/19/2019 9:10:00 AM,13.07,13.07,12.86,12.94,314440,0
SKG,3/20/2019 9:10:00 AM,12.98,12.98,12.86,12.9,110900,0
SKG,3/21/2019 9:10:00 AM,12.86,12.94,12.81,12.81,120540,0
SKG,3/22/2019 9:10:00 AM,12.81,12.9,12.77,12.77,69570,0
SKG,3/25/2019 9:10:00 AM,12.77,12.77,12.39,12.47,415900,0
SKG,3/26/2019 9:10:00 AM,12.39,12.64,12.39,12.56,71670,0
SKG,3/27/2019 9:15:00 AM,12.64,12.86,12.39,12.73,174660,0
SKG,3/28/2019 9:15:00 AM,12.6,12.73,12.52,12.56,87350,0
SKG,3/29/2019 9:10:00 AM,12.52,12.73,12.52,12.64,107000,0
SKG,4/1/2019 9:10:00 AM,12.52,12.73,12.43,12.64,405660,0
SKG,4/2/2019 9:10:00 AM,12.86,12.86,12.43,12.64,222240,0
SKG,4/3/2019 9:10:00 AM,12.64,12.64,12.39,12.47,364760,0
SKG,4/4/2019 9:10:00 AM,12.43,12.56,12.39,12.43,106070,0
SKG,4/5/2019 9:10:00 AM,12.43,12.47,12.39,12.43,96040,0
SKG,4/8/2019 9:15:00 AM,12.43,12.47,12.31,12.39,137440,0
SKG,4/9/2019 9:10:00 AM,12.39,12.43,12.22,12.26,274830,0
SKG,4/10/2019 9:20:00 AM,12.26,12.31,12.09,12.14,170330,0
SKG,4/11/2019 9:10:00 AM,12.22,12.26,12.01,12.09,140710,0
SKG,4/12/2019 9:10:00 AM,12.47,12.47,12.22,12.31,240010,0
SKG,4/16/2019 9:10:00 AM,12.26,12.26,12.05,12.22,40160,0
SKG,4/17/2019 9:10:00 AM,12.26,12.26,12.14,12.22,96640,0
SKG,4/18/2019 9:10:00 AM,12.05,12.18,11.88,11.97,184680,0
SKG,4/19/2019 9:10:00 AM,11.8,11.97,11.6,11.64,314910,0
SKG,4/22/2019 9:10:00 AM,11.64,11.64,11.47,11.6,146380,0
SKG,4/23/2019 9:10:00 AM,11.6,11.64,11.55,11.6,59710,0
SKG,4/24/2019 9:10:00 AM,11.6,11.64,11.55,11.64,95460,0
SKG,4/25/2019 9:10:00 AM,11.76,11.76,11.6,11.6,73980,0
SKG,4/26/2019 9:10:00 AM,11.6,11.6,11.38,11.6,127250,0
SKG,5/2/2019 9:10:00 AM,11.6,11.68,11.55,11.55,287360,0
SKG,5/3/2019 9:15:00 AM,11.55,11.64,11.51,11.51,106350,0
SKG,5/6/2019 9:10:00 AM,11.47,11.51,11.38,11.38,125540,0
SKG,5/7/2019 9:10:00 AM,11.38,11.51,11.3,11.3,101210,0
SKG,5/8/2019 9:10:00 AM,11.13,11.3,11.13,11.21,136690,0
SKG,5/9/2019 9:10:00 AM,11.21,11.21,10.96,11.13,219390,0
SKG,5/10/2019 9:10:00 AM,11.26,11.26,11.13,11.21,45720,0
SKG,5/13/2019 9:10:00 AM,11.21,11.51,11.21,11.34,66950,0
SKG,5/14/2019 9:10:00 AM,10.58,11.34,10.58,11.34,77120,0
SKG,5/15/2019 9:10:00 AM,11.26,11.8,11.26,11.76,113350,0
SKG,5/16/2019 9:10:00 AM,11.72,11.8,11.6,11.8,85760,0
SKG,5/17/2019 9:10:00 AM,11.72,12.14,11.72,11.97,121020,0
SKG,5/20/2019 9:10:00 AM,11.97,12.05,11.88,12.05,58930,0
SKG,5/21/2019 9:10:00 AM,12.14,12.14,11.92,11.97,46680,0
SKG,5/22/2019 9:10:00 AM,11.97,12.01,11.88,12.01,124650,0
SKG,5/23/2019 9:10:00 AM,11.88,12.01,11.84,11.84,149360,0
SKG,5/24/2019 9:10:00 AM,11.84,11.97,11.76,11.76,78710,0
SKG,5/27/2019 9:10:00 AM,11.88,12.01,11.8,11.97,23010,0
SKG,5/28/2019 9:10:00 AM,12.05,12.05,11.76,11.76,56580,0
SKG,5/29/2019 9:10:00 AM,11.92,12.01,11.72,11.88,73010,0
SKG,5/30/2019 9:20:00 AM,11.97,11.97,11.64,11.72,110500,0
SKG,5/31/2019 9:10:00 AM,11.97,11.97,11.64,11.72,167650,0
SKG,6/3/2019 9:10:00 AM,11.68,11.8,11.64,11.72,63470,0
SKG,6/4/2019 9:10:00 AM,11.72,11.88,11.64,11.72,69590,0
SKG,6/5/2019 9:10:00 AM,11.8,11.88,11.68,11.76,4560,0
SKG,6/6/2019 9:10:00 AM,11.8,11.8,11.64,11.64,32470,0
SKG,6/7/2019 9:15:00 AM,11.64,11.72,11.64,11.64,40730,0
SKG,6/10/2019 9:10:00 AM,11.8,12.26,11.8,12.22,265310,0
SKG,6/11/2019 9:10:00 AM,12.39,12.43,12.26,12.26,197920,0
SKG,6/12/2019 9:10:00 AM,12.22,12.26,12.14,12.26,58410,0
SKG,6/13/2019 9:15:00 AM,12.22,12.22,12.05,12.05,118600,0
SKG,6/14/2019 9:10:00 AM,12.18,12.22,12.09,12.14,110150,0
SKG,6/17/2019 9:10:00 AM,12.26,12.26,12.05,12.14,93250,0
SKG,6/18/2019 9:10:00 AM,12.14,12.22,12.14,12.14,77340,0
SKG,6/19/2019 9:10:00 AM,12.18,12.18,12.01,12.05,71640,0
SKG,6/20/2019 9:10:00 AM,12.09,12.14,12.05,12.09,38160,0
SKG,6/21/2019 9:10:00 AM,12.14,12.14,11.97,11.97,90610,0
SKG,6/24/2019 9:10:00 AM,12.14,12.18,12.05,12.18,134070,0
SKG,6/25/2019 9:10:00 AM,12.18,12.52,12.18,12.39,278070,0
SKG,6/26/2019 9:10:00 AM,12.39,12.81,12.35,12.6,330400,0
SKG,6/27/2019 9:10:00 AM,12.56,12.6,12.39,12.39,179060,0
SKG,6/28/2019 9:10:00 AM,12.54,12.54,12.14,12.39,164910,0
SKG,7/1/2019 9:10:00 AM,12.39,12.39,12.09,12.14,97770,0
SKG,7/2/2019 9:10:00 AM,12.14,12.14,11.94,11.94,82160,0
SKG,7/3/2019 9:10:00 AM,11.94,12.24,11.94,11.99,62590,0
SKG,7/4/2019 9:10:00 AM,12.24,12.24,11.94,12.09,69150,0
SKG,7/5/2019 9:10:00 AM,12.09,12.14,11.99,11.99,84040,0
SKG,7/8/2019 9:10:00 AM,12.14,12.24,11.99,12.04,68170,0
SKG,7/9/2019 9:10:00 AM,11.99,12.09,11.94,11.94,72730,0
SKG,7/10/2019 9:10:00 AM,11.94,12.09,11.89,11.94,54760,0
SKG,7/11/2019 9:10:00 AM,11.89,12.04,11.79,11.79,64730,0
SKG,7/12/2019 9:10:00 AM,11.94,11.94,11.79,11.84,90960,0
SKG,7/15/2019 9:15:00 AM,12.14,12.14,11.84,11.94,28770,0
SKG,7/16/2019 9:15:00 AM,11.94,11.94,11.79,11.84,67200,0
SKG,7/17/2019 9:20:00 AM,11.89,11.89,11.79,11.84,46340,0
SKG,7/18/2019 9:15:00 AM,11.75,11.84,11.75,11.84,41490,0
SKG,7/19/2019 9:15:00 AM,11.84,11.84,11.75,11.75,24650,0
SKG,7/22/2019 9:15:00 AM,11.84,11.84,11.7,11.7,146920,0
SKG,7/23/2019 9:15:00 AM,11.7,11.89,11.7,11.79,116630,0
SKG,7/24/2019 9:15:00 AM,11.84,11.89,11.65,11.79,134410,0
SKG,7/25/2019 9:15:00 AM,11.65,11.79,11.65,11.75,33500,0
SKG,7/26/2019 9:15:00 AM,11.7,11.84,11.65,11.75,124610,0
SKG,7/29/2019 9:15:00 AM,11.84,11.84,11.7,11.7,79200,0
SKG,7/30/2019 9:15:00 AM,11.84,11.84,11.45,11.7,82570,0
SKG,7/31/2019 9:15:00 AM,11.55,11.55,10.95,11.35,194450,0
SKG,8/1/2019 9:15:00 AM,11.35,11.35,11.1,11.1,81530,0
SKG,8/2/2019 9:15:00 AM,11.15,11.35,11.15,11.35,104710,0
SKG,8/5/2019 9:15:00 AM,11.65,11.65,11.3,11.35,89830,0
SKG,8/6/2019 9:15:00 AM,11.25,11.5,11.25,11.45,69520,0
SKG,8/7/2019 9:20:00 AM,11.45,11.45,11.25,11.35,48510,0
SKG,8/8/2019 9:30:00 AM,11.35,11.45,11.3,11.45,23910,0
SKG,8/9/2019 9:15:00 AM,11.35,11.55,11.3,11.45,41340,0
SKG,8/12/2019 9:15:00 AM,11.35,11.45,11.35,11.4,23110,0
SKG,8/13/2019 9:15:00 AM,11.55,11.55,11.4,11.4,75370,0
SKG,8/14/2019 9:15:00 AM,11.5,11.7,11.5,11.6,49120,0
SKG,8/15/2019 9:15:00 AM,11.6,11.6,11.45,11.45,35950,0
SKG,8/16/2019 9:15:00 AM,11.65,11.75,11.45,11.45,298550,0
SKG,8/19/2019 9:15:00 AM,11.5,11.55,11.4,11.45,32190,0
SKG,8/20/2019 9:15:00 AM,11.2,11.4,11.2,11.4,94580,0
SKG,8/21/2019 9:15:00 AM,11.35,11.35,11.3,11.3,42260,0
SKG,8/22/2019 9:15:00 AM,11.3,11.4,11.3,11.35,107680,0
SKG,8/23/2019 9:15:00 AM,11.4,11.4,11.25,11.3,36420,0
SKG,8/26/2019 9:15:00 AM,11.3,11.3,11.15,11.25,83790,0
SKG,8/27/2019 9:15:00 AM,11.3,11.3,11.15,11.15,50020,0
SKG,8/28/2019 9:15:00 AM,11.25,11.55,11.15,11.5,136280,0
SKG,8/29/2019 9:15:00 AM,11.5,11.75,11.4,11.45,105290,0
SKG,8/30/2019 9:15:00 AM,11.5,11.5,11.35,11.4,65110,0
SKG,9/3/2019 9:15:00 AM,11.45,11.45,11.25,11.25,92810,0
SKG,9/4/2019 9:15:00 AM,11.2,11.3,11.15,11.3,112200,0
SKG,9/5/2019 9:15:00 AM,11.2,11.3,11.15,11.3,33370,0
SKG,9/6/2019 9:15:00 AM,11.3,11.35,11.2,11.25,45560,0
SKG,9/9/2019 9:25:00 AM,11.15,11.25,11.1,11.25,71410,0
SKG,9/10/2019 9:15:00 AM,11.25,11.25,11.05,11.15,42500,0
SKG,9/11/2019 9:15:00 AM,11.05,11.2,10.85,11.05,48450,0
SKG,9/12/2019 9:15:00 AM,11.05,11.2,11.05,11.1,66820,0
SKG,9/13/2019 9:15:00 AM,11.15,11.25,11,11.2,79800,0
SKG,9/16/2019 9:15:00 AM,11.3,11.3,11.05,11.15,105540,0
SKG,9/17/2019 9:25:00 AM,11.15,11.3,11.05,11.2,101170,0
SKG,9/18/2019 9:20:00 AM,11.2,11.25,11.1,11.1,45370,0
SKG,9/19/2019 9:15:00 AM,11.2,11.25,11.1,11.15,37100,0
SKG,9/20/2019 9:15:00 AM,11.15,11.2,11.1,11.2,32990,0
SKG,9/23/2019 9:15:00 AM,11.1,11.25,11.1,11.15,36530,0
SKG,9/24/2019 9:15:00 AM,11.1,11.25,11.05,11.15,39760,0
SKG,9/25/2019 9:15:00 AM,11.15,11.25,11.15,11.15,26680,0
SKG,9/26/2019 9:15:00 AM,11.15,11.2,11.1,11.15,48340,0
SKG,9/27/2019 9:15:00 AM,11.15,11.2,11.05,11.15,120680,0
SKG,9/30/2019 9:15:00 AM,11.1,11.2,10.95,11.15,241680,0
SKG,10/1/2019 9:15:00 AM,11.15,11.15,10.95,11.05,58030,0
SKG,10/2/2019 9:15:00 AM,11,11.05,10.9,11,79010,0
SKG,10/3/2019 9:15:00 AM,10.95,11.05,10.95,10.95,12670,0
SKG,10/4/2019 9:15:00 AM,10.95,10.95,10.65,10.8,154640,0
SKG,10/7/2019 9:15:00 AM,10.45,10.95,10.45,10.65,159080,0
SKG,10/8/2019 9:15:00 AM,10.75,10.75,10.5,10.65,55980,0
SKG,10/9/2019 9:15:00 AM,10.65,10.85,10.65,10.75,30910,0
SKG,10/10/2019 9:15:00 AM,10.75,10.8,10.65,10.65,51200,0
SKG,10/11/2019 9:15:00 AM,10.65,10.75,10.65,10.7,55020,0
SKG,10/14/2019 9:15:00 AM,10.75,10.95,10.7,10.7,37520,0
SKG,10/15/2019 9:15:00 AM,10.85,10.9,10.7,10.8,92230,0
SKG,10/16/2019 9:15:00 AM,10.8,10.85,10.75,10.75,62370,0
SKG,10/17/2019 9:15:00 AM,10.85,10.9,10.75,10.8,32040,0
SKG,10/18/2019 9:15:00 AM,10.85,10.85,10.75,10.75,50930,0
SKG,10/21/2019 9:15:00 AM,10.9,11.55,10.9,11.55,264460,0
SKG,10/22/2019 9:15:00 AM,12.19,12.19,11.55,11.65,205160,0
SKG,10/23/2019 9:15:00 AM,11.45,11.55,11.15,11.45,29280,0
SKG,10/24/2019 9:15:00 AM,11.25,11.5,11.1,11.25,131740,0
SKG,10/25/2019 9:15:00 AM,11.2,11.35,11.05,11.05,127440,0
SKG,10/28/2019 9:15:00 AM,11.15,11.45,11.05,11.25,63850,0
SKG,10/29/2019 9:15:00 AM,11.2,11.4,11.15,11.15,81050,0
SKG,10/30/2019 9:15:00 AM,11.15,11.3,11.1,11.1,33450,0
SKG,10/31/2019 9:15:00 AM,11.3,11.3,11,11.15,74250,0
SKG,11/1/2019 9:25:00 AM,11.2,11.2,10.95,11,66330,0
SKG,11/4/2019 9:15:00 AM,11.05,11.2,10.9,11.15,85640,0
SKG,11/5/2019 9:15:00 AM,11.15,11.2,10.9,11.2,143790,0
SKG,11/6/2019 9:15:00 AM,11.2,11.25,11.05,11.15,35130,0
SKG,11/7/2019 9:15:00 AM,11.2,11.2,10.95,11.15,46750,0
SKG,11/8/2019 9:15:00 AM,11,11.2,10.95,11.1,22340,0
SKG,11/11/2019 9:15:00 AM,11,11.1,10.95,11.05,25740,0
SKG,11/12/2019 9:15:00 AM,10.95,11.05,10.95,11,14980,0
SKG,11/13/2019 9:15:00 AM,11.1,11.15,11.05,11.1,16020,0
SKG,11/14/2019 9:15:00 AM,11.15,11.15,11.05,11.1,46030,0
SKG,11/15/2019 9:35:00 AM,11,11.15,10.95,11,31930,0
SKG,11/18/2019 9:20:00 AM,11.05,11.15,11,11,34530,0
SKG,11/19/2019 9:15:00 AM,11.15,11.15,10.9,11.05,56530,0
SKG,11/20/2019 9:15:00 AM,11.15,11.15,11.05,11.05,83470,0
SKG,11/21/2019 9:20:00 AM,11.05,11.15,11,11.05,43450,0
SKG,11/22/2019 9:15:00 AM,11.05,11.1,10.95,11,84810,0
SKG,11/25/2019 9:15:00 AM,10.95,10.95,10.85,10.95,92630,0
SKG,11/26/2019 9:15:00 AM,10.95,11.05,10.9,11.05,30720,0
SKG,11/27/2019 9:15:00 AM,11.15,11.15,10.95,10.95,95520,0
SKG,11/28/2019 9:15:00 AM,11.05,11.1,11,11,18630,0
SKG,11/29/2019 9:15:00 AM,11.1,11.1,11,11.1,32010,0
SKG,12/2/2019 9:15:00 AM,11.1,11.15,11.05,11.05,70600,0
SKG,12/3/2019 9:15:00 AM,10.95,11.05,10.9,10.95,18210,0
SKG,12/4/2019 9:15:00 AM,11,11,10.85,11,37390,0
SKG,12/5/2019 9:30:00 AM,10.95,11.1,10.95,11.05,8030,0
SKG,12/6/2019 9:40:00 AM,11.1,11.1,11,11,4440,0
SKG,12/9/2019 9:20:00 AM,11,11,10.9,11,42710,0
SKG,12/10/2019 9:15:00 AM,11.05,11.05,10.9,11,55110,0
SKG,12/11/2019 9:30:00 AM,10.95,11.05,10.9,11.05,159290,0
SKG,12/12/2019 9:15:00 AM,11.1,11.1,10.95,11.05,15210,0
SKG,12/13/2019 9:15:00 AM,11.15,11.15,11,11,52930,0
SKG,12/16/2019 9:15:00 AM,11.05,11.1,11,11.05,63260,0
SKG,12/17/2019 9:15:00 AM,11.25,11.79,11.25,11.35,149090,0
SKG,12/18/2019 9:15:00 AM,11.65,11.65,11.25,11.5,128530,0
SKG,12/19/2019 9:15:00 AM,11.45,11.45,11.3,11.4,98710,0
SKG,12/20/2019 9:15:00 AM,11.4,11.55,11.3,11.35,107460,0
SKG,12/23/2019 9:15:00 AM,11.4,11.89,11.4,11.89,386600,0
SKG,12/24/2019 9:15:00 AM,11.89,12.44,11.79,12.34,454080,0
SKG,12/25/2019 9:15:00 AM,12.39,12.44,12.24,12.39,135600,0
SKG,12/26/2019 9:15:00 AM,12.44,12.54,11.94,11.94,248040,0
SKG,12/27/2019 9:15:00 AM,11.94,12.29,11.94,12.14,137950,0
SKG,12/30/2019 9:15:00 AM,12.24,12.84,12.24,12.74,303200,0
SKG,12/31/2019 9:15:00 AM,12.69,12.84,12.59,12.69,144440,0
SKG,1/2/2020 9:15:00 AM,12.74,13.24,12.59,12.64,238150,0
SKG,1/3/2020 9:15:00 AM,13.09,13.14,12.74,12.89,118300,0
SKG,1/6/2020 9:15:00 AM,12.79,12.79,12.19,12.29,275690,0
SKG,1/7/2020 9:15:00 AM,12.29,12.54,12.19,12.24,124070,0
SKG,1/8/2020 9:15:00 AM,12.39,12.39,11.45,11.94,384800,0
SKG,1/9/2020 9:15:00 AM,11.94,12.34,11.84,11.94,133330,0
SKG,1/10/2020 9:15:00 AM,11.94,12.19,11.94,11.99,195910,0
SKG,1/13/2020 9:15:00 AM,12.14,12.19,11.84,11.89,163230,0
SKG,1/14/2020 9:15:00 AM,11.84,12.09,11.84,12.04,39900,0
SKG,1/15/2020 9:15:00 AM,12.09,12.14,11.55,11.84,364110,0
SKG,1/16/2020 9:15:00 AM,11.65,11.75,11.6,11.75,67910,0
SKG,1/17/2020 9:15:00 AM,11.84,11.89,11.7,11.84,38300,0
SKG,1/20/2020 9:15:00 AM,11.84,12.34,11.84,12.14,145510,0
SKG,1/21/2020 9:15:00 AM,12.09,12.19,11.84,11.99,284440,0
SKG,1/22/2020 9:15:00 AM,12.04,12.14,11.94,12.14,37020,0
SKG,1/30/2020 9:15:00 AM,11.99,11.99,11.6,11.75,252160,0
SKG,1/31/2020 9:15:00 AM,11.6,11.65,11.45,11.45,144930,0
SKG,2/3/2020 9:15:00 AM,11.4,11.4,10.65,11.1,256840,0
SKG,2/4/2020 9:15:00 AM,10.55,10.95,10.55,10.85,206760,0
SKG,2/5/2020 9:30:00 AM,10.95,10.95,10.75,10.9,73840,0
SKG,2/6/2020 9:15:00 AM,11.05,11.55,10.85,11.5,217260,0
SKG,2/7/2020 9:20:00 AM,11.45,11.5,11.25,11.45,77020,0
SKG,2/10/2020 9:15:00 AM,11.25,11.5,10.95,11.45,55550,0
SKG,2/11/2020 9:15:00 AM,11.45,11.5,11.25,11.4,70850,0
SKG,2/12/2020 9:15:00 AM,11.45,11.45,11.2,11.35,123950,0
SKG,2/13/2020 9:15:00 AM,11.15,11.55,11.15,11.5,134090,0
SKG,2/14/2020 9:15:00 AM,11.3,11.55,11.3,11.45,18720,0
SKG,2/17/2020 9:40:00 AM,11.5,11.5,11.25,11.4,17240,0
SKG,2/18/2020 9:20:00 AM,11.3,11.5,11.2,11.45,34810,0
SKG,2/19/2020 9:20:00 AM,11.45,11.45,11.3,11.35,71870,0
SKG,2/20/2020 9:20:00 AM,11.3,11.45,11.3,11.4,159670,0
SKG,2/21/2020 9:25:00 AM,11.3,11.4,11.2,11.25,50520,0
SKG,2/24/2020 9:15:00 AM,11.05,11.05,10.7,10.7,178130,0
SKG,2/25/2020 9:15:00 AM,10.75,10.75,10.1,10.45,96900,0
SKG,2/26/2020 9:15:00 AM,10.45,10.45,10.2,10.3,30460,0
SKG,2/27/2020 9:15:00 AM,10.35,10.45,10.2,10.45,6150,0
SKG,2/28/2020 9:15:00 AM,10.45,10.5,10.3,10.45,18980,0
SKG,3/2/2020 9:15:00 AM,10.3,10.55,10.05,10.35,130410,0
SKG,3/3/2020 9:15:00 AM,10.45,10.7,10.45,10.6,127780,0
SKG,3/4/2020 9:15:00 AM,10.7,10.75,10.5,10.75,59060,0
SKG,3/5/2020 9:15:00 AM,10.9,11.45,10.9,11.15,176260,0
SKG,3/6/2020 9:15:00 AM,11.45,11.45,10.85,10.85,548410,0
SKG,3/9/2020 9:15:00 AM,10.3,10.55,10.15,10.2,324250,0
SKG,3/10/2020 9:15:00 AM,10.15,10.35,10.05,10.35,184150,0
SKG,3/11/2020 9:25:00 AM,10.35,10.55,10.25,10.25,126590,0
SKG,3/12/2020 9:15:00 AM,10.15,10.2,9.65,9.9,333360,0
SKG,3/13/2020 9:15:00 AM,9.23,9.46,9.22,9.31,332110,0
SKG,3/16/2020 9:20:00 AM,9.16,9.56,9.16,9.26,99170,0
SKG,3/17/2020 9:15:00 AM,8.98,9.45,8.98,9.31,25910,0
SKG,3/18/2020 9:15:00 AM,9.44,9.7,9.44,9.49,57520,0
SKG,3/19/2020 9:15:00 AM,9.51,9.51,9.26,9.41,81630,0
SKG,3/20/2020 9:15:00 AM,9.4,9.41,8.86,9.11,399980,0
SKG,3/23/2020 9:15:00 AM,8.66,8.76,8.47,8.47,312040,0
SKG,3/24/2020 9:15:00 AM,7.91,8.76,7.88,7.96,210390,0
SKG,3/25/2020 9:15:00 AM,8.26,8.26,8.06,8.08,194980,0
SKG,3/26/2020 9:15:00 AM,8.06,8.11,8,8,64020,0
SKG,3/27/2020 9:20:00 AM,7.82,7.82,7.46,7.48,754290,0
SKG,3/30/2020 9:15:00 AM,7.18,7.37,6.96,7.37,889950,0
SKG,3/31/2020 9:15:00 AM,6.96,7.16,6.67,7.07,59270,0
SKG,4/1/2020 9:15:00 AM,7.07,7.42,7.07,7.36,44000,0
SKG,4/3/2020 9:15:00 AM,7.76,7.86,7.38,7.86,245280,0
SKG,4/6/2020 9:15:00 AM,8.41,8.41,8.31,8.41,359590,0
SKG,4/7/2020 9:15:00 AM,8.75,8.75,8.36,8.41,88320,0
SKG,4/8/2020 9:15:00 AM,8.41,8.6,8.41,8.6,75020,0
SKG,4/9/2020 9:15:00 AM,8.66,8.85,8.56,8.62,135810,0
SKG,4/10/2020 9:15:00 AM,8.62,8.8,8.41,8.66,493630,0
SKG,4/13/2020 9:15:00 AM,8.81,9.21,8.78,9.17,383910,0
SKG,4/14/2020 9:15:00 AM,9.17,9.19,8.81,9.06,172050,0
SKG,4/15/2020 9:15:00 AM,9.06,9.11,8.91,8.96,278930,0
SKG,4/16/2020 9:15:00 AM,8.86,8.95,8.75,8.85,250700,0
SKG,4/17/2020 9:15:00 AM,8.82,9.16,8.76,9.15,200110,0
SKG,4/20/2020 9:15:00 AM,9.15,9.16,8.76,9.14,222580,0
SKG,4/21/2020 9:15:00 AM,9.15,9.15,8.86,8.97,249120,0
SKG,4/22/2020 9:15:00 AM,8.76,9.04,8.76,9.01,145050,0
SKG,4/23/2020 9:15:00 AM,9.26,9.62,9.04,9.27,1493300,0
SKG,4/24/2020 9:15:00 AM,9.6,9.95,9.56,9.93,310330,0
SKG,4/27/2020 9:15:00 AM,10.15,10.35,9.95,10.15,396040,0
SKG,4/28/2020 9:15:00 AM,9.76,9.9,9.47,9.64,200170,0
SKG,4/29/2020 9:15:00 AM,9.61,10.15,9.47,10.05,412180,0
SKG,5/4/2020 9:15:00 AM,10.25,10.25,9.75,9.82,136030,0
SKG,5/5/2020 9:15:00 AM,9.58,9.75,9.58,9.65,170350,0
SKG,5/6/2020 9:15:00 AM,9.79,10,9.57,9.74,186250,0
SKG,5/7/2020 9:15:00 AM,9.8,9.92,9.75,9.9,172110,0
SKG,5/8/2020 9:15:00 AM,10,10.05,9.88,9.91,301410,0
SKG,5/11/2020 9:15:00 AM,10.05,10.05,9.77,9.9,142590,0
SKG,5/12/2020 9:15:00 AM,9.85,9.95,9.8,9.87,161470,0
SKG,5/13/2020 9:20:00 AM,9.84,9.95,9.8,9.87,218170,0
SKG,5/14/2020 9:15:00 AM,9.83,9.92,9.83,9.9,87120,0
SKG,5/15/2020 9:15:00 AM,9.89,9.92,9.83,9.9,109070,0
SKG,5/18/2020 9:15:00 AM,9.86,9.92,9.85,9.87,46920,0
SKG,5/19/2020 9:15:00 AM,9.94,10.1,9.94,10,348420,0
SKG,5/20/2020 9:15:00 AM,10.05,10.45,10,10.35,523100,0
SKG,5/21/2020 9:15:00 AM,10.35,10.55,10.15,10.25,192810,0
SKG,5/22/2020 9:15:00 AM,10.35,10.4,10.2,10.2,166240,0
SKG,5/25/2020 9:15:00 AM,10.2,10.2,9.95,10.15,273750,0
SKG,5/26/2020 9:15:00 AM,10.15,10.25,10.05,10.25,164670,0
SKG,5/27/2020 9:15:00 AM,10.25,10.45,10.15,10.2,324180,0
SKG,5/28/2020 9:15:00 AM,10.3,10.3,10.1,10.15,127820,0
SKG,5/29/2020 9:15:00 AM,10.25,10.25,10.1,10.2,110310,0
SKG,6/1/2020 9:15:00 AM,10.2,10.3,10.15,10.25,239860,0
SKG,6/2/2020 9:15:00 AM,10.3,10.3,10.15,10.25,185800,0
SKG,6/3/2020 9:15:00 AM,10.1,10.25,10.1,10.15,110550,0
SKG,6/4/2020 9:15:00 AM,10.15,10.25,10.1,10.2,173740,0
SKG,6/5/2020 9:20:00 AM,10.15,10.75,10.15,10.6,334150,0
SKG,6/8/2020 9:15:00 AM,10.35,10.75,10.35,10.65,351190,0
SKG,6/9/2020 9:15:00 AM,10.75,10.95,10.55,10.6,164160,0
SKG,6/10/2020 9:15:00 AM,10.6,11.3,10.5,11.25,620790,0
SKG,6/11/2020 9:15:00 AM,11.35,11.65,10.6,10.65,432930,0
SKG,6/12/2020 9:15:00 AM,10.25,10.55,10.15,10.55,219410,0
SKG,6/15/2020 9:15:00 AM,10.5,10.55,10,10.15,308070,0
SKG,6/16/2020 9:15:00 AM,10.35,10.4,10.15,10.3,126930,0
SKG,6/17/2020 9:15:00 AM,10.45,10.45,10.15,10.4,173060,0
SKG,6/18/2020 9:15:00 AM,10.1,10.35,10.1,10.25,77880,0
SKG,6/19/2020 9:15:00 AM,10.3,10.45,10.2,10.45,141950,0
SKG,6/22/2020 9:15:00 AM,10.45,10.45,10.15,10.3,121020,0
SKG,6/23/2020 9:15:00 AM,10.15,10.35,10.15,10.3,84500,0
SKG,6/24/2020 9:15:00 AM,10.2,10.4,10.2,10.35,138430,0
SKG,6/25/2020 9:15:00 AM,10.15,10.3,10.05,10.2,155860,0
SKG,6/26/2020 10:00:00 AM,10.2,10.25,10.15,10.15,62200,0
SKG,6/29/2020 9:15:00 AM,10.1,10.25,9.95,10,272990,0
SKG,6/30/2020 9:15:00 AM,10.15,10.25,9.85,9.91,90120,0
SKG,7/1/2020 9:15:00 AM,10.05,10.1,9.75,10.1,50180,0
SKG,7/2/2020 9:20:00 AM,10.15,10.15,9.93,10.05,60140,0
SKG,7/3/2020 9:15:00 AM,10.25,10.35,10.15,10.2,53800,0
SKG,7/6/2020 9:15:00 AM,10.15,10.55,10.15,10.4,203860,0
SKG,7/7/2020 9:15:00 AM,10.45,10.45,10.3,10.35,162010,0
SKG,7/8/2020 9:15:00 AM,10.45,10.65,10.4,10.65,173140,0
SKG,7/9/2020 9:15:00 AM,10.65,10.95,10.65,10.8,212290,0
SKG,7/10/2020 9:15:00 AM,10.85,10.85,10.6,10.7,89790,0
SKG,7/13/2020 9:15:00 AM,10.75,10.75,10.55,10.65,190820,0
SKG,7/14/2020 9:15:00 AM,10.6,10.7,10.5,10.7,175050,0
SKG,7/15/2020 9:15:00 AM,9.6,9.95,9.6,9.94,166930,0
SKG,7/16/2020 9:15:00 AM,9.86,9.95,9.8,9.84,69880,0
SKG,7/17/2020 9:15:00 AM,9.8,9.84,9.55,9.7,151270,0
SKG,7/20/2020 9:15:00 AM,9.33,9.4,9.17,9.26,228650,0
SKG,7/21/2020 9:15:00 AM,9.24,9.35,9.2,9.32,89390,0
SKG,7/22/2020 9:15:00 AM,9.21,9.35,9.21,9.23,95890,0
SKG,7/23/2020 9:15:00 AM,9.26,9.26,9.05,9.1,82310,0
SKG,7/24/2020 9:15:00 AM,9.1,9.1,8.47,8.48,684960,0
SKG,7/27/2020 9:15:00 AM,8,8,7.89,7.89,498130,0
SKG,7/28/2020 9:15:00 AM,7.89,8.05,7.89,8.05,132190,0
SKG,7/29/2020 9:15:00 AM,8,8,7.49,7.5,386900,0
SKG,7/30/2020 9:15:00 AM,7.6,7.65,7.5,7.56,107460,0
SKG,7/31/2020 9:15:00 AM,7.59,7.9,7.53,7.8,157270,0
SKG,8/3/2020 9:15:00 AM,7.8,7.95,7.7,7.9,108510,0
SKG,8/4/2020 9:15:00 AM,7.95,8.1,7.95,8.05,123590,0
SKG,8/5/2020 9:20:00 AM,8.05,8.32,8.05,8.29,66190,0
SKG,8/6/2020 9:15:00 AM,8.38,8.38,8.1,8.15,184210,0
SKG,8/7/2020 9:15:00 AM,8.18,8.2,8.05,8.2,92340,0
SKG,8/10/2020 9:15:00 AM,8.3,8.3,8.13,8.26,143470,0
SKG,8/11/2020 9:25:00 AM,8.22,8.42,8.22,8.38,125160,0
SKG,8/12/2020 9:15:00 AM,8.5,8.9,8.5,8.8,287840,0
SKG,8/13/2020 9:15:00 AM,9,9.29,9,9.15,232630,0
SKG,8/14/2020 9:15:00 AM,9.15,9.15,8.8,8.9,55560,0
SKG,8/17/2020 9:15:00 AM,8.81,8.81,8.6,8.71,106130,0
SKG,8/18/2020 9:15:00 AM,8.6,8.69,8.58,8.58,82950,0
SKG,8/19/2020 9:15:00 AM,8.56,8.8,8.56,8.6,41590,0
SKG,8/20/2020 9:15:00 AM,8.6,8.65,8.58,8.58,42870,0
SKG,8/21/2020 9:15:00 AM,8.58,8.65,8.58,8.64,122780,0
SKG,8/24/2020 9:15:00 AM,8.62,8.67,8.62,8.67,187370,0
SKG,8/25/2020 9:15:00 AM,8.67,8.68,8.65,8.68,83530,0
SKG,8/26/2020 9:15:00 AM,8.68,8.69,8.63,8.68,124650,0
SKG,8/27/2020 9:15:00 AM,8.67,8.67,8.63,8.65,49180,0
SKG,8/28/2020 9:15:00 AM,8.66,8.68,8.63,8.67,144970,0
SKG,8/31/2020 9:15:00 AM,8.64,8.65,8.61,8.63,108090,0
SKG,9/1/2020 9:15:00 AM,8.64,8.65,8.61,8.65,104910,0
SKG,9/3/2020 9:15:00 AM,9.23,9.23,8.7,8.92,174260,0
SKG,9/4/2020 9:15:00 AM,8.65,8.91,8.65,8.78,86930,0
SKG,9/7/2020 9:15:00 AM,8.89,8.89,8.76,8.76,161660,0
SKG,9/8/2020 9:15:00 AM,8.77,8.9,8.75,8.88,78660,0
SKG,9/9/2020 9:15:00 AM,8.85,8.87,8.72,8.82,55480,0
SKG,9/10/2020 9:15:00 AM,8.9,8.9,8.82,8.86,74120,0
SKG,9/11/2020 9:15:00 AM,8.8,9,8.79,8.92,171210,0
SKG,9/14/2020 9:15:00 AM,8.95,9.25,8.95,9.16,365290,0
SKG,9/15/2020 9:15:00 AM,9.2,9.4,9.2,9.3,325290,0
SKG,9/16/2020 9:15:00 AM,9.3,9.32,9.22,9.3,239350,0
SKG,9/17/2020 9:15:00 AM,9.3,9.32,9.24,9.3,155990,0
SKG,9/18/2020 9:15:00 AM,9.36,9.37,9.3,9.33,121600,0
SKG,9/21/2020 9:15:00 AM,9.27,9.65,9.27,9.55,298310,0
SKG,9/22/2020 9:15:00 AM,9.21,9.76,9.21,9.76,327080,0
SKG,9/23/2020 9:15:00 AM,9.8,9.83,9.5,9.72,59340,0
SKG,9/24/2020 9:15:00 AM,9.7,9.75,9.4,9.6,210860,0
SKG,9/25/2020 9:15:00 AM,9.5,9.75,9.5,9.75,212340,0
SKG,9/28/2020 9:15:00 AM,9.75,9.97,9.7,9.9,332750,0
SKG,9/29/2020 9:15:00 AM,9.95,9.95,9.3,9.7,197000,0
SKG,9/30/2020 9:15:00 AM,9.7,9.72,9.5,9.6,222500,0
SKG,10/1/2020 9:15:00 AM,9.6,9.8,9.6,9.6,140500,0
SKG,10/2/2020 9:15:00 AM,9.6,9.6,9.5,9.6,345680,0
SKG,10/5/2020 9:20:00 AM,9.62,9.72,9.6,9.7,107390,0
SKG,10/6/2020 9:20:00 AM,9.75,9.76,9.66,9.7,280970,0
SKG,10/7/2020 9:15:00 AM,9.7,9.8,9.6,9.78,199780,0
SKG,10/8/2020 9:20:00 AM,9.79,9.79,9.73,9.75,40430,0
SKG,10/9/2020 2:45:00 PM,9.7,9.7,9.7,9.7,59300,0
SKG,10/12/2020 9:15:00 AM,9.7,9.71,9.55,9.6,63970,0
SKG,10/13/2020 11:05:00 AM,9.61,9.62,9.6,9.61,33480,0
SKG,10/14/2020 9:15:00 AM,9.6,9.61,9.6,9.6,19660,0
SKG,10/15/2020 10:50:00 AM,9.55,9.61,9.55,9.6,54750,0
SKG,10/16/2020 9:15:00 AM,9.55,9.59,9.54,9.55,66230,0
SKG,10/19/2020 9:15:00 AM,9.55,9.57,9.5,9.57,29080,0
SKG,10/21/2020 9:15:00 AM,9.55,9.58,9.55,9.55,84310,0
SKG,10/22/2020 9:55:00 AM,9.55,9.57,9.53,9.55,115620,0
SKG,10/23/2020 9:20:00 AM,9.54,9.57,9.5,9.54,189880,0
SKG,10/26/2020 9:20:00 AM,9.53,9.54,9.47,9.5,114560,0
SKG,10/27/2020 9:20:00 AM,9.5,9.5,9.35,9.45,81710,0
SKG,10/28/2020 9:15:00 AM,9.36,9.36,9.34,9.34,14620,0
SKG,10/29/2020 9:15:00 AM,9.33,9.33,9,9.29,26420,0
SKG,10/30/2020 9:20:00 AM,9.3,9.33,9.2,9.28,77190,0
SKG,11/2/2020 9:15:00 AM,9.28,9.28,9.27,9.28,46270,0
SKG,11/3/2020 9:15:00 AM,9.29,9.29,9.25,9.27,52430,0
SKG,11/4/2020 10:10:00 AM,9.25,9.31,9.22,9.31,132340,0
SKG,11/5/2020 9:15:00 AM,9.48,9.48,9.3,9.44,15270,0
SKG,11/6/2020 9:15:00 AM,9.44,9.44,9.32,9.42,13980,0
SKG,11/9/2020 9:15:00 AM,9.41,9.5,9.4,9.44,77000,0
SKG,11/10/2020 9:15:00 AM,9.9,9.9,9.56,9.72,409620,0
SKG,11/11/2020 9:15:00 AM,9.75,9.75,9.61,9.7,68540,0
SKG,11/12/2020 9:15:00 AM,9.7,9.7,9.6,9.61,61080,0
SKG,11/16/2020 9:15:00 AM,9.6,9.62,9.53,9.53,171790,0
SKG,11/17/2020 9:15:00 AM,9.53,9.54,9.5,9.54,183440,0
SKG,11/18/2020 9:15:00 AM,9.55,10.2,9.51,10.2,1104750,0
SKG,11/19/2020 9:15:00 AM,10.9,10.9,10.8,10.9,674170,0
SKG,11/20/2020 9:15:00 AM,11.4,11.45,10.85,10.9,375070,0
SKG,11/23/2020 9:20:00 AM,10.4,10.85,10.3,10.55,458550,0
SKG,11/24/2020 9:15:00 AM,10.4,10.8,10.2,10.6,423200,0
SKG,11/25/2020 9:15:00 AM,10.6,10.65,10.35,10.35,295150,0
SKG,11/26/2020 9:15:00 AM,10.35,10.45,10.2,10.45,202220,0
SKG,11/27/2020 9:15:00 AM,10.45,10.45,10.35,10.35,131150,0
SKG,11/30/2020 9:20:00 AM,10.45,10.45,10.2,10.2,164820,0
SKG,12/1/2020 9:15:00 AM,9.7,10.25,9.7,10.2,152750,0
SKG,12/3/2020 9:15:00 AM,10.1,10.25,10.1,10.15,68190,0
SKG,12/4/2020 9:15:00 AM,10.3,10.5,10.3,10.4,74560,0
SKG,12/7/2020 9:15:18 AM,10.7,11.1,10.65,10.7,468200,0
SKG,12/8/2020 9:15:24 AM,10.6,10.7,10.55,10.6,199210,0
SKG,12/9/2020 9:15:27 AM,10.6,10.75,10.55,10.6,290910,0
SKG,12/10/2020 9:15:33 AM,10.7,11.25,10.6,11.15,1036400,0
SKG,12/11/2020 9:15:18 AM,11.8,11.8,11,11.2,410980,0
SKG,12/14/2020 9:15:47 AM,11.2,11.25,10.95,11.15,417280,0
SKG,12/15/2020 9:15:28 AM,11.2,11.2,10.85,10.95,313140,0
SKG,12/16/2020 9:15:17 AM,10.85,11.1,10.85,10.95,340180,0
SKG,12/17/2020 9:15:45 AM,10.95,11.1,10.8,10.9,489220,0
SKG,12/18/2020 9:15:41 AM,10.85,10.9,10.8,10.8,233990,0
SKG,12/21/2020 9:15:23 AM,10.9,10.9,10.75,10.85,372400,0
SKG,12/22/2020 9:15:18 AM,10.95,11.5,10.8,11.35,493210,0
SKG,12/23/2020 9:15:18 AM,11.35,11.9,11.35,11.8,879710,0
SKG,12/24/2020 9:15:20 AM,11.8,11.8,11.05,11.2,286080,0
SKG,12/25/2020 9:15:21 AM,11.2,11.8,11.2,11.65,366410,0
SKG,12/28/2020 9:15:36 AM,11.65,12.4,11.6,12.2,995710,0
SKG,12/29/2020 9:15:25 AM,12.2,12.55,12.15,12.35,694590,0
SKG,12/30/2020 9:15:42 AM,12.3,12.45,12.05,12.05,361510,0
SKG,12/31/2020 9:15:45 AM,12,12.25,11.9,12.2,457300,0
SKG,1/4/2021 9:15:15 AM,12.5,12.5,12.15,12.25,350900,0
SKG,1/5/2021 9:15:23 AM,12.15,12.45,12,12.15,454700,0
SKG,1/6/2021 9:15:24 AM,12.15,12.2,12,12.15,284700,0
SKG,1/7/2021 9:15:11 AM,12.15,12.2,12.05,12.15,327300,0
SKG,1/8/2021 9:15:59 AM,12.15,12.8,12.15,12.5,631800,0
SKG,1/11/2021 9:15:23 AM,13,13.35,12.9,13.3,763200,0
SKG,1/12/2021 9:15:31 AM,13.3,13.3,13,13.25,420900,0
SKG,1/13/2021 9:15:20 AM,13.25,13.65,13.25,13.45,597100,0
SKG,1/14/2021 9:15:26 AM,13.65,13.65,13,13.2,380900,0
SKG,1/15/2021 9:15:30 AM,13.2,13.4,13.05,13.35,457800,0
SKG,1/18/2021 9:15:38 AM,13.5,13.5,13.25,13.3,391200,0
SKG,1/19/2021 9:15:30 AM,13.3,13.3,12.4,12.4,534500,0
SKG,1/20/2021 9:15:39 AM,12.2,12.6,11.55,12,610200,0
SKG,1/21/2021 9:15:31 AM,12,12.4,11.9,12.25,455400,0
SKG,1/22/2021 9:15:34 AM,12.5,12.5,11.9,12,433500,0
SKG,1/25/2021 9:15:30 AM,12,12,11.6,12,253000,0
SKG,1/26/2021 9:18:21 AM,11.9,11.9,11.5,11.5,321700,0
SKG,1/27/2021 9:15:11 AM,11.5,11.5,10.75,10.95,422100,0
SKG,1/28/2021 9:15:11 AM,10.25,10.5,10.2,10.2,945900,0
SKG,1/29/2021 9:15:16 AM,9.55,10.6,9.55,10.5,267100,0
SKG,2/1/2021 9:17:52 AM,10.5,10.6,10,10,212000,0
SKG,2/2/2021 9:15:16 AM,9.7,10,9.7,9.96,147700,0
SKG,2/3/2021 9:15:20 AM,9.96,10.65,9.96,10.65,269800,0
SKG,2/4/2021 9:15:19 AM,10.65,10.8,10.5,10.65,225700,0
SKG,2/5/2021 9:15:14 AM,10.9,10.95,10.65,10.8,233400,0
SKG,2/8/2021 9:15:30 AM,10.6,10.9,10.2,10.3,176400,0
SKG,2/9/2021 9:15:21 AM,10.2,10.4,10.15,10.4,138200,0
SKG,2/17/2021 9:15:36 AM,10.4,10.8,10.4,10.8,116900,0
SKG,2/18/2021 9:18:06 AM,10.8,11.2,10.65,11,249700,0
SKG,2/19/2021 9:15:38 AM,11,11.55,11,11.4,236100,0
SKG,2/22/2021 9:15:31 AM,11.4,11.6,11.2,11.55,446900,0
SKG,2/23/2021 9:15:10 AM,11.55,11.65,11.4,11.4,303900,0
SKG,2/24/2021 9:22:11 AM,11.45,11.5,11.15,11.25,262300,0
SKG,2/25/2021 9:15:12 AM,11.45,11.45,11.1,11.2,168500,0
SKG,2/26/2021 9:15:23 AM,11.2,11.25,11,11.2,129700,0
SKG,3/1/2021 9:15:14 AM,11.2,11.4,11,11.35,324700,0
SKG,3/2/2021 9:15:17 AM,11.5,11.55,11.35,11.45,357300,0
SKG,3/3/2021 9:15:17 AM,11.45,11.5,11.35,11.45,162400,0
SKG,3/4/2021 9:15:27 AM,11.45,11.5,11.1,11.25,187800,0
SKG,3/5/2021 9:15:13 AM,11.25,11.3,11.1,11.3,119000,0
SKG,3/8/2021 9:15:36 AM,12,12.05,11.9,12.05,802200,0
SKG,3/9/2021 9:15:24 AM,12.65,12.7,12.3,12.35,729300,0
SKG,3/10/2021 9:15:36 AM,12.35,12.35,11.95,12.2,282600,0
SKG,3/11/2021 9:15:40 AM,12.15,12.3,12,12.2,512500,0
SKG,3/12/2021 9:15:34 AM,12.2,12.4,12,12.15,364500,0
SKG,3/15/2021 9:15:28 AM,12.3,12.65,12.2,12.55,522700,0
SKG,3/16/2021 9:15:37 AM,12.7,12.75,12.45,12.6,436500,0
SKG,3/17/2021 9:15:37 AM,12.6,12.7,12.4,12.6,453300,0
SKG,3/18/2021 9:15:31 AM,12.7,12.8,12.45,12.7,462800,0
SKG,3/19/2021 9:15:42 AM,12.6,13.4,12.6,13.15,1215500,0
SKG,3/22/2021 9:15:38 AM,13.35,13.55,13.15,13.4,926600,0
SKG,3/23/2021 9:15:41 AM,13.7,14,13.55,13.85,881400,0
SKG,3/24/2021 9:15:47 AM,13.8,13.8,13,13.7,583400,0
SKG,3/25/2021 9:15:54 AM,13.7,13.7,13.05,13.2,504900,0
SKG,3/26/2021 9:15:49 AM,12.7,13.15,12.3,12.55,704200,0
SKG,3/29/2021 9:15:43 AM,12.9,13.4,12.7,13.4,422000,0
SKG,3/30/2021 9:15:11 AM,13.7,13.85,13.4,13.5,526300,0
SKG,3/31/2021 9:15:18 AM,13.8,13.8,13.4,13.6,601400,0
SKG,4/1/2021 9:15:14 AM,13.6,13.7,13.4,13.5,475500,0
SKG,4/2/2021 9:15:37 AM,13.6,13.8,13.5,13.7,1017400,0
SKG,4/5/2021 9:15:52 AM,13.8,13.85,13.4,13.7,483000,0
SKG,4/6/2021 9:15:30 AM,13.6,13.8,13.5,13.6,326000,0
SKG,4/7/2021 9:15:29 AM,13.55,14.2,13.55,14.2,733000,0
SKG,4/8/2021 9:15:18 AM,14.4,14.5,14,14.1,485000,0
SKG,4/9/2021 9:15:15 AM,14,14.15,13.9,14,409800,0
SKG,4/12/2021 9:15:29 AM,13.95,14,13.7,13.9,639300,0
SKG,4/13/2021 9:15:14 AM,13.9,13.9,13.5,13.55,736700,0
SKG,4/14/2021 9:15:22 AM,13.5,13.8,13.3,13.7,573000,0
SKG,4/15/2021 9:15:19 AM,13.8,13.8,13.15,13.15,548600,0
SKG,4/16/2021 9:15:26 AM,13.15,13.3,12.55,12.8,449400,0
SKG,4/19/2021 9:15:22 AM,12.8,13.5,12.6,13.25,228300,0
SKG,4/20/2021 9:15:27 AM,13.25,13.5,12.75,13.25,419100,0
SKG,4/22/2021 9:15:15 AM,12.8,13.2,12.8,12.8,378000,0
SKG,4/23/2021 9:15:15 AM,12.7,13,12.55,12.9,296200,0
SKG,4/26/2021 9:15:23 AM,12.9,13.2,12.7,12.8,180000,0
SKG,4/27/2021 9:15:27 AM,12.7,12.8,12.5,12.5,314400,0
SKG,4/28/2021 9:15:20 AM,12.5,12.8,12.35,12.5,158500,0
SKG,4/29/2021 9:15:18 AM,12.35,12.5,12.3,12.5,198000,0
SKG,5/4/2021 9:15:20 AM,12,12.5,12,12.1,201600,0
SKG,5/5/2021 9:15:20 AM,12,12.3,11.85,12.25,381900,0
SKG,5/6/2021 9:15:14 AM,12.3,12.3,11.9,11.9,122600,0
SKG,5/7/2021 9:15:19 AM,11.9,12,11.2,11.6,368100,0
SKG,5/10/2021 9:15:26 AM,11.1,11.45,11,11.35,372200,0
SKG,5/11/2021 9:15:26 AM,11.25,11.4,11.05,11.4,193900,0
SKG,5/12/2021 9:15:24 AM,11.4,11.8,11.4,11.8,109300,0
SKG,5/13/2021 9:15:20 AM,11.8,11.8,11.6,11.6,92100,0
SKG,5/14/2021 9:15:20 AM,11.6,11.6,11.35,11.35,209300,0
SKG,5/17/2021 9:15:23 AM,11.4,11.55,11.3,11.4,93400,0
SKG,5/18/2021 9:15:18 AM,11.2,11.4,11.1,11.15,128000,0
SKG,5/19/2021 9:15:19 AM,11,11.35,11,11.1,321600,0
SKG,5/20/2021 9:15:33 AM,10.9,11.1,10.85,10.85,332800,0
SKG,5/21/2021 9:15:25 AM,11,11.35,10.7,11,384400,0
SKG,5/24/2021 9:15:20 AM,11,11.4,11,11.05,174100,0
SKG,5/25/2021 9:15:20 AM,11.15,11.5,11.05,11.35,277300,0
SKG,5/26/2021 9:15:16 AM,11.35,11.45,11.1,11.25,201400,0
SKG,5/27/2021 9:15:22 AM,11.4,11.4,11.1,11.1,130600,0
SKG,5/28/2021 9:16:41 AM,11.15,11.2,11.1,11.15,148300,0
SKG,5/31/2021 9:15:47 AM,10.95,11.1,10.95,11.05,124800,0
SKG,6/1/2021 9:15:34 AM,11.2,11.2,11,11,324400,0
SKG,6/2/2021 9:15:39 AM,11.05,11.1,11,11.1,129100,0
SKG,6/3/2021 9:15:25 AM,11.2,11.55,11.15,11.45,339000,0
SKG,6/4/2021 9:15:25 AM,11.45,11.6,11.45,11.5,201900,0
SKG,6/7/2021 9:15:27 AM,11.4,11.55,11.2,11.3,202400,0
SKG,6/8/2021 9:15:26 AM,11.5,11.5,11,11.25,342500,0
SKG,6/9/2021 9:15:41 AM,11.25,11.3,11.1,11.3,174100,0
SKG,6/10/2021 9:15:23 AM,11.4,11.4,11.2,11.3,208800,0
SKG,6/11/2021 9:15:26 AM,11.4,11.7,11.3,11.7,229300,0
SKG,6/14/2021 9:15:35 AM,11.85,12.5,11.85,12.5,989600,0
SKG,6/15/2021 9:15:24 AM,13,13.1,12.35,12.4,419100,0
SKG,6/16/2021 9:15:40 AM,12.3,12.4,12,12.25,229000,0
SKG,6/17/2021 9:15:37 AM,11.7,12.1,11.6,12,537300,0
SKG,6/18/2021 9:15:32 AM,12.1,12.1,11.7,12.1,307200,0
SKG,6/21/2021 9:15:20 AM,12.1,12.1,11.7,11.8,335300,0
SKG,6/22/2021 9:15:11 AM,11.8,12,11.75,11.75,232200,0
SKG,6/23/2021 9:15:10 AM,11.9,11.9,11.6,11.65,253200,0
SKG,6/24/2021 9:15:23 AM,11.6,11.7,11.35,11.5,235900,0
SKG,6/25/2021 9:15:10 AM,11.5,11.7,11.35,11.5,92700,0
SKG,6/28/2021 9:15:28 AM,11.5,11.55,11.2,11.5,231600,0
SKG,6/29/2021 9:15:21 AM,11.5,11.9,11.4,11.65,214500,0
SKG,6/30/2021 9:15:32 AM,11.65,11.7,11.35,11.45,126500,0
SKG,7/1/2021 9:15:21 AM,11.35,11.5,11.25,11.35,191200,0
SKG,7/2/2021 9:15:20 AM,11.5,11.5,11.2,11.35,238900,0
SKG,7/5/2021 9:15:10 AM,11.35,11.35,11,11.05,135700,0
SKG,7/6/2021 9:15:09 AM,11,11.05,10.8,10.8,286200,0
SKG,7/7/2021 9:15:10 AM,10.7,10.7,10.4,10.65,236200,0
SKG,7/8/2021 9:15:07 AM,10.5,10.9,10.5,10.6,127800,0
SKG,7/9/2021 9:15:07 AM,10.6,10.85,10.4,10.5,178300,0
SKG,7/12/2021 9:15:27 AM,10.4,10.5,9.85,10,574600,0
SKG,7/13/2021 9:15:08 AM,10,10.3,10,10.15,241300,0
SKG,7/14/2021 9:15:10 AM,10.15,10.25,10.05,10.15,117600,0
SKG,7/15/2021 9:15:09 AM,10.15,10.4,10.05,10.2,202800,0
SKG,7/16/2021 9:15:06 AM,10.1,10.3,10.1,10.2,195000,0
SKG,7/19/2021 9:15:10 AM,10.1,10.2,9.9,9.99,243400,0
SKG,7/20/2021 9:15:06 AM,9.8,10.15,9.8,10.05,197800,0
SKG,7/21/2021 9:15:08 AM,10.05,10.2,10,10.15,129200,0
SKG,7/22/2021 9:15:07 AM,10.2,10.6,10.15,10.55,199400,0
SKG,7/23/2021 9:15:06 AM,10.55,10.6,10.3,10.6,86900,0
SKG,7/26/2021 9:15:09 AM,10.35,10.5,10.2,10.5,128400,0
SKG,7/27/2021 9:20:57 AM,10.5,10.6,10.25,10.4,134400,0
SKG,7/28/2021 9:15:04 AM,10.3,10.5,10.3,10.4,53500,0
SKG,7/29/2021 9:15:08 AM,10.5,10.5,10.3,10.45,67500,0
SKG,7/30/2021 9:15:11 AM,10.45,10.5,10.4,10.5,128300,0
SKG,8/2/2021 9:15:04 AM,10.5,11.2,10.3,11.2,441500,0
SKG,8/3/2021 9:15:07 AM,11.25,11.5,11,11.05,174500,0
SKG,8/4/2021 9:15:09 AM,11.05,11.2,11,11.15,95200,0
SKG,8/5/2021 9:15:06 AM,11.1,11.15,10.9,11,89500,0
SKG,8/6/2021 9:15:05 AM,10.95,11.15,10.95,11,102100,0
SKG,8/9/2021 9:15:09 AM,10.9,11.2,10.75,11.2,124600,0
SKG,8/10/2021 9:15:10 AM,11.15,11.35,11.15,11.2,119300,0
SKG,8/11/2021 9:15:08 AM,11.2,11.75,11.1,11.45,514200,0
SKG,8/12/2021 9:15:09 AM,11.35,12,11.3,11.75,703900,0
SKG,8/13/2021 9:16:33 AM,11.75,11.95,11.55,11.8,212400,0
SKG,8/16/2021 9:15:11 AM,11.9,12.05,11.6,12,703300,0
SKG,8/17/2021 9:15:08 AM,12.1,12.5,11.8,12,576600,0
SKG,8/18/2021 9:15:06 AM,11.9,12.05,11.85,11.95,185700,0
SKG,8/19/2021 9:15:06 AM,11.95,11.95,11.8,11.85,189800,0
SKG,8/20/2021 9:15:09 AM,11.85,11.85,11.4,11.45,498300,0
SKG,8/23/2021 9:15:14 AM,11.35,11.5,11.3,11.4,192200,0
SKG,8/24/2021 9:17:41 AM,11.4,11.7,11.25,11.7,366400,0
SKG,8/25/2021 9:15:07 AM,11.7,11.75,11.45,11.6,197000,0
SKG,8/26/2021 9:15:07 AM,11.7,12.4,11.7,12.05,714800,0
SKG,8/27/2021 9:17:44 AM,12,12.4,11.95,12.4,831400,0
SKG,8/30/2021 9:15:07 AM,12.6,12.8,12.45,12.45,651600,0
SKG,8/31/2021 9:15:08 AM,12.2,12.4,12.1,12.1,495500,0
SKG,9/1/2021 9:15:08 AM,12.1,12.25,11.9,12.05,358900,0
SKG,9/6/2021 9:15:07 AM,12.05,12.6,12.05,12.55,634600,0
SKG,9/7/2021 9:15:09 AM,13,13,12.7,12.75,1133000,0
SKG,9/8/2021 9:15:08 AM,12.6,12.8,12.6,12.6,469600,0
SKG,9/9/2021 9:15:08 AM,12.6,13.45,12.6,13.45,1659900,0
SKG,9/10/2021 9:15:07 AM,13.8,13.95,13.3,13.45,1322900,0
SKG,9/13/2021 9:15:06 AM,13.45,14.35,13.45,14.35,1484400,0
SKG,9/14/2021 9:15:08 AM,14.8,15.35,14.5,15.35,2894300,0
SKG,9/15/2021 9:15:09 AM,15.4,15.4,14.7,15.2,1418800,0
SKG,9/16/2021 9:15:07 AM,14.8,15.3,14.6,15.3,896800,0
SKG,9/17/2021 9:15:07 AM,15.1,15.85,15.05,15.55,1216100,0
SKG,9/20/2021 9:15:07 AM,15.9,15.9,15,15.35,1776100,0
SKG,9/21/2021 9:15:08 AM,14.5,15.2,14.5,15,1527200,0
SKG,9/22/2021 9:15:09 AM,15,15.85,14.8,15.25,1204300,0
SKG,9/23/2021 9:15:11 AM,15.25,15.55,14.8,14.95,926500,0
SKG,9/24/2021 9:15:07 AM,14.9,15.05,14.7,14.75,745000,0
SKG,9/27/2021 9:15:08 AM,14.75,14.95,14.5,14.5,689400,0
SKG,9/28/2021 9:15:12 AM,14.5,15,14,15,457600,0
SKG,9/29/2021 9:15:09 AM,14.65,15,14.65,14.7,218100,0
SKG,9/30/2021 9:16:28 AM,14.7,15,14.7,14.8,448300,0
SKG,10/1/2021 9:15:07 AM,14.7,15.3,14.7,14.85,397000,0
SKG,10/4/2021 9:15:07 AM,15.1,15.5,14.95,15.25,531300,0
SKG,10/5/2021 9:15:07 AM,15.3,15.55,15.25,15.35,555600,0
SKG,10/6/2021 9:15:08 AM,15.35,15.4,15,15.35,356100,0
SKG,10/7/2021 9:15:08 AM,15.55,16.4,15.4,16.15,2206400,0
SKG,10/8/2021 9:15:06 AM,16,17.05,16,16.9,686900,0
SKG,10/11/2021 9:15:07 AM,16.9,18.05,16.5,18.05,2179500,0
SKG,10/12/2021 9:15:08 AM,17.5,17.9,17.4,17.8,1177300,0
SKG,10/13/2021 9:15:05 AM,17.3,18.8,17.3,18.25,918800,0
SKG,10/14/2021 9:15:10 AM,18.25,18.65,17.9,18.25,372400,0
SKG,10/15/2021 9:15:10 AM,18.3,18.55,17.95,18.25,485700,0
SKG,10/18/2021 9:15:09 AM,18.25,19.5,18.1,19.5,1327800,0
SKG,10/19/2021 9:15:09 AM,19.95,20.85,19.25,19.7,876800,0
SKG,10/20/2021 9:15:10 AM,19.5,19.9,18.8,19.3,640700,0
SKG,10/21/2021 9:15:03 AM,19,19.6,18.8,19.4,442400,0
SKG,10/22/2021 9:15:07 AM,19.3,20.5,19.3,19.95,505800,0
SKG,10/25/2021 9:17:32 AM,20,20.5,20,20.05,333400,0
SKG,10/26/2021 9:15:12 AM,19.8,20.1,19.5,19.9,215100,0
SKG,10/27/2021 9:15:08 AM,19.85,20.3,18.6,18.6,1214300,0
SKG,10/28/2021 9:15:10 AM,18.8,19.7,18.2,19.5,633700,0
SKG,10/29/2021 9:15:11 AM,19.2,20,19.2,19.9,245500,0
SKG,11/1/2021 9:15:15 AM,19.8,19.8,19.2,19.35,416200,0
SKG,11/2/2021 9:15:14 AM,19.1,19.4,18.75,19,452700,0
SKG,11/3/2021 9:15:14 AM,19,19.85,18.7,19.3,1046200,0
SKG,11/4/2021 9:15:33 AM,19.2,20.6,19.1,20.6,736200,0
SKG,11/5/2021 9:15:13 AM,20.6,20.6,20,20.2,375800,0
SKG,11/8/2021 9:15:11 AM,20.3,20.3,19.6,19.65,519300,0
SKG,11/9/2021 9:15:13 AM,19.1,20,19.1,19.65,348500,0
SKG,11/10/2021 9:15:10 AM,19.65,20.2,19.4,19.9,641800,0
SKG,11/11/2021 9:15:12 AM,20,20.35,19.8,20,1272900,0
SKG,11/12/2021 9:15:10 AM,20.1,20.1,19.35,19.95,502500,0
SKG,11/15/2021 9:25:31 AM,19.9,19.95,19.3,19.3,607200,0
SKG,11/16/2021 9:15:17 AM,19.1,19.15,18.65,18.8,516200,0
SKG,11/17/2021 9:15:09 AM,18.6,19.2,18.6,18.8,334400,0
SKG,11/18/2021 9:15:09 AM,18.8,18.95,18.6,18.6,453600,0
SKG,11/19/2021 9:15:06 AM,18.5,18.6,17.3,17.45,878800,0
SKG,11/22/2021 9:15:04 AM,17.1,17.45,16.25,16.5,745200,0
SKG,11/23/2021 9:15:07 AM,16.5,17.2,16.3,17.2,181400,0
SKG,11/24/2021 9:15:09 AM,17.5,17.6,16.7,16.8,219000,0
SKG,11/25/2021 9:15:06 AM,16.7,17.1,16.6,16.9,131600,0
SKG,11/26/2021 9:15:10 AM,17.2,17.3,16.65,16.85,271300,0
SKG,11/29/2021 9:15:11 AM,16.3,16.8,16.3,16.7,159400,0
SKG,11/30/2021 9:15:08 AM,16.7,17.85,16.6,17.2,354100,0
SKG,12/1/2021 9:23:42 AM,17.25,17.7,17.1,17.6,210200,0
SKG,12/2/2021 9:15:07 AM,17.6,17.75,17.5,17.65,184900,0
SKG,12/3/2021 9:19:08 AM,17.7,17.7,17.2,17.25,426900,0
SKG,12/6/2021 9:15:11 AM,16.3,17,16.05,16.2,235200,0
SKG,12/7/2021 9:15:07 AM,16.4,16.7,16.25,16.7,50700,0
SKG,12/8/2021 9:15:09 AM,16.3,16.9,16.3,16.75,81300,0
SKG,12/9/2021 9:21:08 AM,16.5,16.85,16.4,16.65,72400,0
SKG,12/10/2021 9:15:07 AM,16.6,17.8,16.6,17.8,489700,0
SKG,12/13/2021 9:15:07 AM,18.5,18.5,17.75,18.1,201300,0
SKG,12/14/2021 9:18:13 AM,18.15,18.15,17.5,17.5,175100,0
SKG,12/15/2021 9:15:08 AM,17,17.55,16.9,17.4,342800,0
SKG,12/16/2021 9:15:09 AM,17.3,17.4,17.25,17.4,220200,0
SKG,12/17/2021 9:15:12 AM,17.7,17.7,17.3,17.3,191800,0
SKG,12/20/2021 9:15:08 AM,17.3,17.3,16.9,17,221100,0
SKG,12/21/2021 9:15:11 AM,16.95,17.65,16.95,17.5,430100,0
SKG,12/22/2021 9:15:08 AM,17.55,17.7,17.4,17.5,292100,0
SKG,12/23/2021 9:15:12 AM,17.6,18.7,17.6,18.7,1236100,0
SKG,12/24/2021 9:15:08 AM,19.7,19.7,18.55,18.55,344900,0
SKG,12/27/2021 9:15:08 AM,18.6,18.6,18,18.1,259000,0
SKG,12/28/2021 9:15:09 AM,18.1,18.1,17.3,17.6,535100,0
SKG,12/29/2021 9:15:09 AM,17.55,17.75,17.5,17.6,166200,0
SKG,12/30/2021 9:15:08 AM,17.6,17.9,17.55,17.6,116200,0
SKG,12/31/2021 9:18:44 AM,17.65,17.65,17.45,17.45,247800,0
SKG,1/4/2022 9:15:13 AM,17.45,17.8,17.3,17.65,194800,0
SKG,1/5/2022 9:15:14 AM,17.65,17.85,17.45,17.8,289800,0
SKG,1/6/2022 9:15:11 AM,17.8,17.8,17.35,17.5,335000,0
SKG,1/7/2022 9:15:11 AM,17.5,17.5,16.9,17.1,725200,0
SKG,1/10/2022 9:15:12 AM,17.1,17.9,16.5,17.3,286000,0
SKG,1/11/2022 9:15:13 AM,17,17.55,17,17.1,245500,0
SKG,1/12/2022 9:15:19 AM,17.55,17.55,16.2,17.1,322200,0
SKG,1/13/2022 9:15:13 AM,17.05,17.05,16.2,16.25,229100,0
SKG,1/14/2022 9:15:16 AM,16.25,16.85,15.9,16.45,118100,0
SKG,1/17/2022 9:15:08 AM,16.25,16.45,15.8,15.8,104300,0
SKG,1/18/2022 9:15:10 AM,15.7,15.7,15.1,15.25,124300,0
SKG,1/19/2022 9:15:10 AM,15.1,15.5,15.1,15.25,81300,0
SKG,1/20/2022 9:15:13 AM,15.25,16.3,15.25,16.3,249000,0
SKG,1/21/2022 9:15:12 AM,16.45,16.45,15.6,16.1,70000,0
SKG,1/24/2022 9:15:12 AM,16.5,16.5,15.7,15.8,144100,0
SKG,1/25/2022 9:18:06 AM,15.9,16.9,15.6,16.9,140400,0
SKG,1/26/2022 9:15:10 AM,16.9,17,16,17,160000,0
SKG,1/27/2022 9:15:09 AM,17,17,16.6,16.6,21500,0
SKG,1/28/2022 9:15:36 AM,16.6,17.4,16.4,17.4,109900,0
SKG,2/7/2022 9:15:12 AM,18.6,18.6,18,18.6,907500,0
SKG,2/8/2022 9:15:13 AM,19.5,19.5,18.6,18.6,831300,0
SKG,2/9/2022 9:15:12 AM,18.6,19.2,18.5,18.95,256000,0
SKG,2/10/2022 9:15:13 AM,18.7,19.1,18.7,18.9,534300,0
SKG,2/11/2022 9:15:12 AM,18.6,19.15,18.6,18.9,375500,0
SKG,2/14/2022 9:15:13 AM,18.9,20.1,18.9,19.5,494300,0
SKG,2/15/2022 9:15:16 AM,19.5,20.5,19.15,20.5,561400,0
SKG,2/16/2022 9:15:11 AM,21,21.15,20.55,20.9,882400,0
SKG,2/17/2022 9:15:14 AM,20.9,21.85,20.55,21.45,760900,0
SKG,2/18/2022 9:15:11 AM,21.5,22.4,21.5,21.7,821700,0
SKG,2/21/2022 9:15:17 AM,21.6,21.8,21.1,21.35,587700,0
SKG,2/22/2022 9:15:18 AM,21,22.5,21,22.2,926100,0
SKG,2/23/2022 9:15:10 AM,22.2,22.8,21.6,22.1,662200,0
SKG,2/24/2022 9:15:12 AM,21.9,22.05,20.6,20.8,841400,0
SKG,2/25/2022 9:15:14 AM,21.5,21.8,20.9,21,638200,0
SKG,2/28/2022 9:15:11 AM,20.85,21.55,20.2,21.4,670600,0
SKG,3/1/2022 9:15:13 AM,21.65,21.8,21.1,21.4,328200,0
SKG,3/2/2022 9:15:16 AM,21.45,21.45,20.8,20.95,526000,0
SKG,3/3/2022 9:15:14 AM,20.6,21,19.7,20.1,799800,0
SKG,3/4/2022 9:15:11 AM,20.1,20.55,19.75,20.5,782400,0
SKG,3/7/2022 9:15:22 AM,20.3,20.7,20,20.1,513400,0
SKG,3/8/2022 9:15:20 AM,19.8,21,19.6,20.6,1107400,0
SKG,3/9/2022 9:15:14 AM,20.55,20.9,19.9,20.2,487900,0
SKG,3/10/2022 9:15:32 AM,20.55,21.6,20.45,21.6,2124700,0
SKG,3/11/2022 9:15:13 AM,23.05,23.1,22.1,22.6,2309500,0
SKG,3/14/2022 9:15:15 AM,22.6,23.85,22.15,23.5,1331800,0
SKG,3/15/2022 9:15:20 AM,23.4,24,23.15,23.2,1004900,0
SKG,3/16/2022 9:15:13 AM,23.2,24.5,23,23.9,1631700,0
SKG,3/17/2022 9:15:14 AM,24.05,24.3,23.2,24,1484000,0
SKG,3/18/2022 9:15:15 AM,23.9,24.3,23.4,23.5,1009600,0
SKG,3/21/2022 9:15:21 AM,23.4,23.85,23.2,23.65,966000,0
SKG,3/22/2022 9:15:17 AM,23.6,23.7,23.25,23.4,1081900,0
SKG,3/23/2022 9:15:36 AM,23.5,24.25,23.2,23.7,1130800,0
SKG,3/24/2022 9:15:14 AM,23.95,23.95,23.5,23.55,617000,0
SKG,3/25/2022 9:15:18 AM,23.55,25,23.4,25,3949300,0
SKG,3/28/2022 9:15:19 AM,25,26,24.4,25,1711900,0
SKG,3/29/2022 9:15:17 AM,25.4,25.9,24.95,25,748400,0
SKG,3/30/2022 9:15:36 AM,24.5,24.9,23.8,23.8,1815000,0
SKG,3/31/2022 9:15:16 AM,23.5,24.45,23.5,23.6,944200,0
SKG,4/1/2022 9:15:17 AM,23.3,23.8,22.3,22.6,1659700,0
SKG,4/4/2022 9:15:18 AM,22.6,23.2,22.5,22.8,465100,0
SKG,4/5/2022 9:15:18 AM,22.6,22.9,22.2,22.2,572600,0
SKG,4/6/2022 9:15:16 AM,21.5,22,21.3,21.4,1071500,0
SKG,4/7/2022 9:15:12 AM,21.9,21.9,21,21.8,595200,0
SKG,4/8/2022 9:15:13 AM,21.8,22,20.3,20.3,631400,0
SKG,4/12/2022 9:15:14 AM,20.6,20.6,18.9,18.9,984700,0
SKG,4/13/2022 9:15:14 AM,19.2,19.2,17.85,18.85,704800,0
SKG,4/14/2022 9:15:14 AM,18.7,19.1,18.6,18.6,345900,0
SKG,4/15/2022 9:15:13 AM,18.35,19.7,18.15,19.2,574000,0
SKG,4/18/2022 9:15:15 AM,19.2,19.7,18.05,18.6,584600,0
SKG,4/19/2022 9:15:14 AM,18.7,19.75,18.05,18.9,1032400,0
SKG,4/20/2022 9:15:15 AM,19.4,20.2,19.15,20.2,1306700,0
SKG,4/21/2022 9:15:18 AM,20.5,21.3,19.55,20.2,1118200,0
SKG,4/22/2022 9:15:15 AM,20,20.5,18.8,19.5,1380300,0
SKG,4/25/2022 9:15:15 AM,18.6,19.2,18.15,18.15,1039800,0
SKG,4/26/2022 9:15:16 AM,16.9,18.6,16.9,18.6,1368600,0
SKG,4/27/2022 9:15:19 AM,18.6,18.7,17.75,18.4,590800,0
SKG,4/28/2022 9:15:16 AM,18.5,19.1,18.4,18.5,447500,0
SKG,4/29/2022 9:15:15 AM,18.2,19.4,18.2,19.4,711900,0
SKG,5/4/2022 9:15:21 AM,18.2,19.35,18.2,18.8,345100,0
SKG,5/5/2022 9:15:16 AM,18.9,19.2,18,18.2,474700,0
SKG,5/6/2022 9:15:16 AM,17.5,18.15,17,17,464400,0
SKG,5/9/2022 9:15:17 AM,16.05,16.8,15.85,15.85,657500,0
SKG,5/10/2022 9:15:17 AM,14.8,16.2,14.8,15.9,352500,0
SKG,5/11/2022 9:15:18 AM,16,16.25,15.65,16.2,390300,0
SKG,5/12/2022 9:15:19 AM,15.5,16,15.1,15.1,516400,0
SKG,5/13/2022 9:15:17 AM,14.95,14.95,14.05,14.05,573400,0
SKG,5/16/2022 9:15:18 AM,14.05,14.8,13.1,13.1,577400,0
SKG,5/17/2022 9:15:19 AM,13.2,14,12.7,14,474200,0
SKG,5/18/2022 9:15:22 AM,14.5,14.5,13.95,14.05,340800,0
SKG,5/19/2022 9:15:18 AM,13.2,14.2,13.2,14,232500,0
SKG,5/20/2022 9:15:18 AM,13.8,14.55,13.8,14.4,415400,0
SKG,5/23/2022 9:15:22 AM,14.45,14.6,13.8,14.1,212200,0
SKG,5/24/2022 9:15:19 AM,14.1,14.3,13.7,14.2,195000,0
SKG,5/25/2022 9:15:22 AM,14.3,14.8,13.85,14.8,359500,0
SKG,5/26/2022 9:15:20 AM,15,15.1,14.6,14.6,250800,0
SKG,5/27/2022 9:15:20 AM,14.6,15.6,14.6,15.55,638700,0
SKG,5/30/2022 9:15:20 AM,15.6,15.9,15.3,15.9,289300,0
SKG,5/31/2022 9:15:20 AM,16,16,15.3,15.7,360900,0
SKG,6/1/2022 9:15:20 AM,15.75,15.75,15.1,15.5,274500,0
SKG,6/2/2022 9:15:20 AM,15.9,15.9,14.9,15.2,304300,0
SKG,6/3/2022 9:15:20 AM,15.1,15.25,14.45,14.8,323800,0
SKG,6/6/2022 9:15:02 AM,14.75,15,14.4,14.5,286600,0
SKG,6/7/2022 9:15:05 AM,14.5,14.5,13.55,14.5,299500,0
SKG,6/8/2022 9:16:35 AM,14.7,15.3,14.7,15.05,189700,0
SKG,6/9/2022 9:15:02 AM,14.5,15.3,14.5,15.2,198500,0
SKG,6/10/2022 9:15:02 AM,15.2,15.2,14.5,14.5,252300,0
SKG,6/13/2022 9:15:02 AM,14.1,14.3,13.5,13.5,566900,0
SKG,6/14/2022 9:15:03 AM,13.4,14,13.2,13.5,212000,0
SKG,6/15/2022 9:15:03 AM,13.7,14.4,13.35,14.4,449300,0
SKG,6/16/2022 9:15:07 AM,14.8,14.9,14.25,14.4,308800,0
SKG,6/17/2022 9:15:03 AM,14,14.2,13.6,14.15,256600,0
SKG,6/20/2022 9:15:03 AM,13.7,14.2,13.5,13.5,377000,0
SKG,6/21/2022 9:15:03 AM,13.5,14,13.2,13.2,144900,0
SKG,6/22/2022 9:20:09 AM,13.8,13.8,13.3,13.65,100600,0
SKG,6/23/2022 9:15:04 AM,13.5,14.4,13.5,14.1,123700,0
SKG,6/24/2022 9:17:19 AM,14.15,14.2,13.95,14,95100,0
SKG,6/27/2022 9:15:05 AM,14.05,14.95,14.05,14.95,1318200,0
SKG,6/28/2022 9:15:04 AM,15.75,15.75,15.05,15.2,389800,0
SKG,6/29/2022 9:15:04 AM,15,15.6,15,15.3,333100,0
SKG,6/30/2022 9:15:05 AM,15.1,15.4,14.9,15,665600,0
SKG,7/1/2022 9:15:07 AM,14.75,14.95,14.3,14.95,439500,0
SKG,7/4/2022 9:15:05 AM,15.05,15.7,14.95,15.1,512000,0
SKG,7/5/2022 9:15:05 AM,15,16.15,14.65,15.8,3181800,0
SKG,7/6/2022 9:15:06 AM,15.8,16.7,15.35,15.5,734400,0
SKG,7/7/2022 9:15:06 AM,15.5,15.9,15.4,15.65,330300,0
SKG,7/8/2022 9:15:07 AM,15.7,16.3,15.65,16,445400,0
SKG,7/11/2022 9:15:06 AM,15.9,16.9,15.9,16.6,881800,0
SKG,7/12/2022 9:15:06 AM,16.7,17.3,16.6,17.1,1026100,0
SKG,7/13/2022 9:15:07 AM,17.3,17.3,16.8,17.05,760200,0
SKG,7/14/2022 9:15:06 AM,16.95,17.5,16.95,17.3,976400,0
SKG,7/15/2022 9:15:07 AM,17.6,17.6,16.7,17,1084800,0
SKG,7/18/2022 9:15:09 AM,17,17.2,17,17.05,397900,0
SKG,7/19/2022 9:15:08 AM,17.15,17.25,16.7,17.25,353900,0
SKG,7/20/2022 9:15:07 AM,17.3,18.45,17,18.45,1619700,0
SKG,7/21/2022 9:15:07 AM,18.45,18.6,18,18.35,444000,0
SKG,7/22/2022 9:15:07 AM,18.5,19.1,18.1,18.5,627600,0
SKG,7/25/2022 9:15:08 AM,18.4,18.5,17.6,17.95,490500,0
SKG,7/26/2022 9:15:08 AM,18,18.2,17.7,17.8,316000,0
SKG,7/27/2022 9:15:17 AM,17.65,18.35,17.3,18.35,246900,0
SKG,7/28/2022 9:15:08 AM,18.6,18.7,17.85,17.85,527300,0
SKG,7/29/2022 9:15:08 AM,17.9,18.6,17.8,18,657900,0
SKG,8/1/2022 9:15:09 AM,18,18.5,18,18.3,621100,0
SKG,8/2/2022 9:15:11 AM,18.35,18.45,17.8,18,871900,0
SKG,8/3/2022 9:15:09 AM,18,18.8,18,18.75,979400,0
SKG,8/4/2022 9:15:09 AM,19,19.7,18.5,19.7,1258800,0
SKG,8/5/2022 9:15:09 AM,19.5,20.05,19.4,19.75,1161200,0
SKG,8/8/2022 9:15:12 AM,19.75,20,19.5,19.7,610300,0
SKG,8/9/2022 9:15:12 AM,19.85,19.85,19.3,19.5,631600,0
SKG,8/10/2022 9:15:10 AM,19.2,20.2,19.05,19.6,555800,0
SKG,8/11/2022 9:15:10 AM,20,20,19.05,19.3,392700,0
SKG,8/12/2022 9:15:11 AM,19.3,19.7,19.2,19.6,237100,0
SKG,8/15/2022 9:15:11 AM,19.8,19.8,19.5,19.7,447100,0
SKG,8/16/2022 9:15:10 AM,19.6,19.8,19.5,19.6,381300,0
SKG,8/17/2022 9:15:11 AM,19.7,19.75,19.25,19.3,472800,0
SKG,8/18/2022 9:19:07 AM,19.3,19.3,18.8,18.9,614900,0
SKG,8/19/2022 9:15:13 AM,18.6,18.95,18.2,18.2,628900,0
SKG,8/22/2022 9:15:14 AM,18.2,18.8,18.1,18.8,788500,0
SKG,8/23/2022 9:15:13 AM,18.5,19,18.5,18.9,291200,0
SKG,8/24/2022 9:15:11 AM,18.9,19,18.5,18.8,488300,0
SKG,8/25/2022 9:15:11 AM,18.85,18.85,18.3,18.4,548500,0
SKG,8/26/2022 9:15:11 AM,18.2,19.65,18.2,19.3,1573800,0
SKG,8/29/2022 9:15:12 AM,19.1,20.65,19,20.65,1829100,0
SKG,8/30/2022 9:15:11 AM,20.9,21,20.15,20.7,664000,0
SKG,8/31/2022 9:15:14 AM,20.4,20.8,20.15,20.7,494600,0
SKG,9/5/2022 9:15:13 AM,20.7,21.5,20.2,20.2,477100,0
SKG,9/6/2022 9:15:13 AM,21,21,19.65,19.9,729000,0
SKG,9/7/2022 9:15:13 AM,19.9,19.95,18.55,18.55,996500,0
SKG,9/8/2022 9:15:12 AM,18.9,19.2,18.35,18.6,692700,0
SKG,9/9/2022 9:15:13 AM,18.85,18.9,18.3,18.9,395700,0
SKG,9/12/2022 9:15:03 AM,19.5,19.5,18.9,18.9,450500,0
