THT,12/19/2017 1:15:00 PM,4.79,4.79,4.79,4.79,2000,0
THT,12/20/2017 9:40:00 AM,4.79,4.79,4.72,4.79,3800,0
THT,12/21/2017 9:25:00 AM,4.87,4.95,4.79,4.95,22300,0
THT,12/22/2017 11:00:00 AM,4.95,4.95,4.95,4.95,100,0
THT,12/25/2017 10:05:00 AM,4.87,4.87,4.87,4.87,2700,0
THT,12/26/2017 9:05:00 AM,4.87,4.87,4.72,4.72,3100,0
THT,12/27/2017 9:40:00 AM,4.79,4.79,4.72,4.72,12800,0
THT,12/28/2017 10:50:00 AM,4.87,5.18,4.87,5.18,137500,0
THT,12/29/2017 9:00:00 AM,5.18,5.33,4.72,4.79,145100,0
THT,1/2/2018 9:15:00 AM,5.26,5.26,5.18,5.18,2800,0
THT,1/3/2018 9:00:00 AM,4.95,5.1,4.87,4.87,11400,0
THT,1/4/2018 9:15:00 AM,4.87,4.95,4.72,4.72,14000,0
THT,1/5/2018 9:05:00 AM,4.87,4.95,4.79,4.95,13300,0
THT,1/8/2018 10:20:00 AM,4.72,4.87,4.72,4.87,23400,0
THT,1/9/2018 9:15:00 AM,5.1,5.1,4.87,4.87,10300,0
THT,1/10/2018 9:00:00 AM,5.03,5.03,4.87,4.95,15200,0
THT,1/11/2018 9:15:00 AM,4.95,5.03,4.95,5.03,13900,0
THT,1/12/2018 10:40:00 AM,4.95,4.95,4.95,4.95,5000,0
THT,1/15/2018 9:15:00 AM,5.03,5.03,5.03,5.03,1000,0
THT,1/17/2018 9:05:00 AM,5.03,5.03,4.87,4.87,10100,0
THT,1/18/2018 9:20:00 AM,5.03,5.03,5.03,5.03,100,0
THT,1/19/2018 11:10:00 AM,4.95,4.95,4.79,4.79,5600,0
THT,1/22/2018 9:25:00 AM,4.95,5.1,4.95,5.1,27700,0
THT,1/23/2018 9:00:00 AM,5.1,5.1,5.03,5.03,49500,0
THT,1/24/2018 9:05:00 AM,5.18,5.18,5.03,5.03,23100,0
THT,1/25/2018 9:00:00 AM,5.03,5.03,4.95,5.03,41900,0
THT,1/26/2018 9:05:00 AM,5.18,5.18,4.87,5.1,30900,0
THT,1/29/2018 10:30:00 AM,4.95,5.03,4.95,5.03,6900,0
THT,1/30/2018 9:25:00 AM,4.95,5.1,4.95,5.03,7500,0
THT,1/31/2018 9:00:00 AM,5.18,5.18,5.03,5.03,19100,0
THT,2/1/2018 1:05:00 PM,4.95,5.03,4.95,5.03,25800,0
THT,2/2/2018 9:25:00 AM,5.03,5.03,4.95,5.03,25500,0
THT,2/5/2018 10:55:00 AM,4.95,5.03,4.95,4.95,17100,0
THT,2/6/2018 9:45:00 AM,4.87,5.03,4.79,5.03,14400,0
THT,2/7/2018 9:40:00 AM,4.79,5.03,4.79,5.03,13500,0
THT,2/8/2018 10:00:00 AM,4.87,4.95,4.87,4.87,8800,0
THT,2/9/2018 9:15:00 AM,5.03,5.03,4.79,5.03,7000,0
THT,2/12/2018 1:40:00 PM,4.95,5.03,4.95,5.03,600,0
THT,2/13/2018 2:45:00 PM,4.72,4.72,4.72,4.72,60000,0
THT,2/21/2018 9:00:00 AM,5.03,5.03,4.87,5.03,1200,0
THT,2/22/2018 9:15:00 AM,5.03,5.03,5.03,5.03,2500,0
THT,2/23/2018 9:10:00 AM,5.03,5.1,5.03,5.1,9300,0
THT,2/26/2018 10:00:00 AM,5.1,5.1,5.03,5.03,2400,0
THT,2/27/2018 9:15:00 AM,5.03,5.1,4.95,5.1,32700,0
THT,2/28/2018 10:50:00 AM,5.1,5.1,5.03,5.03,9300,0
THT,3/1/2018 10:05:00 AM,5.03,5.03,5.03,5.03,5500,0
THT,3/2/2018 9:10:00 AM,5.03,5.03,4.95,4.95,4000,0
THT,3/5/2018 9:30:00 AM,5.1,5.1,5.1,5.1,100,0
THT,3/6/2018 1:00:00 PM,4.95,5.03,4.95,5.03,16300,0
THT,3/7/2018 9:55:00 AM,4.95,4.95,4.95,4.95,18000,0
THT,3/8/2018 2:05:00 PM,4.95,5.03,4.95,5.03,3100,0
THT,3/9/2018 10:30:00 AM,4.95,4.95,4.95,4.95,7200,0
THT,3/12/2018 9:00:00 AM,5.1,5.1,5.1,5.1,100,0
THT,3/14/2018 10:25:00 AM,4.95,5.03,4.87,5.03,59800,0
THT,3/15/2018 9:00:00 AM,5.03,5.1,5.03,5.1,2600,0
THT,3/16/2018 10:40:00 AM,5.1,5.1,5.1,5.1,100,0
THT,3/19/2018 1:55:00 PM,5.03,5.03,5.03,5.03,100,0
THT,3/20/2018 2:20:00 PM,4.95,4.95,4.95,4.95,100,0
THT,3/21/2018 2:25:00 PM,5.1,5.1,5.03,5.03,300,0
THT,3/22/2018 9:00:00 AM,5.03,5.1,5.03,5.03,33000,0
THT,3/23/2018 9:05:00 AM,4.95,5.1,4.95,5.1,700,0
THT,3/26/2018 2:05:00 PM,5.03,5.03,5.03,5.03,2400,0
THT,3/27/2018 1:15:00 PM,5.03,5.03,5.03,5.03,1000,0
THT,3/28/2018 9:35:00 AM,5.03,5.03,5.03,5.03,4100,0
THT,3/29/2018 9:10:00 AM,5.03,5.1,5.03,5.03,5500,0
THT,3/30/2018 11:00:00 AM,5.1,5.1,5.1,5.1,300,0
THT,4/2/2018 10:05:00 AM,5.03,5.03,5.03,5.03,1200,0
THT,4/3/2018 9:45:00 AM,5.03,5.03,4.95,5.03,11700,0
THT,4/4/2018 9:00:00 AM,5.03,5.1,5.03,5.1,2400,0
THT,4/5/2018 9:05:00 AM,5.1,5.1,5.03,5.1,1400,0
THT,4/6/2018 10:40:00 AM,5.1,5.1,5.03,5.03,800,0
THT,4/9/2018 1:15:00 PM,5.03,5.03,4.95,4.95,1800,0
THT,4/10/2018 9:15:00 AM,4.95,4.95,4.87,4.87,27200,0
THT,4/11/2018 9:45:00 AM,4.87,5.03,4.87,5.03,68500,0
THT,4/12/2018 11:25:00 AM,4.95,5.03,4.87,5.03,30100,0
THT,4/13/2018 9:55:00 AM,5.41,5.41,5.41,5.41,1100,0
THT,4/17/2018 10:10:00 AM,4.95,5.03,4.95,4.95,19800,0
THT,4/18/2018 9:30:00 AM,5.03,5.26,5.03,5.26,2000,0
THT,4/19/2018 10:45:00 AM,5.26,5.26,5.26,5.26,3400,0
THT,4/20/2018 10:20:00 AM,5.18,5.18,5.1,5.18,400,0
THT,4/23/2018 10:20:00 AM,4.95,4.95,4.79,4.87,3100,0
THT,4/24/2018 10:50:00 AM,4.87,5.03,4.87,5.03,2600,0
THT,4/26/2018 9:20:00 AM,5.18,5.18,5.18,5.18,100,0
THT,5/2/2018 9:05:00 AM,5.64,5.64,4.95,5.18,3700,0
THT,5/3/2018 10:30:00 AM,5.18,5.18,5.18,5.18,1600,0
THT,5/4/2018 9:25:00 AM,5.1,5.1,5.1,5.1,1500,0
THT,5/7/2018 1:50:00 PM,5.03,5.03,4.95,4.95,2000,0
THT,5/8/2018 1:45:00 PM,4.48,5.03,4.48,4.95,101200,0
THT,5/9/2018 1:00:00 PM,4.87,4.95,4.64,4.95,3900,0
THT,5/10/2018 1:30:00 PM,4.95,4.95,4.95,4.95,5500,0
THT,5/14/2018 9:30:00 AM,4.87,4.87,4.87,4.87,2600,0
THT,5/15/2018 10:10:00 AM,4.95,5.1,4.95,5.03,14900,0
THT,5/16/2018 1:45:00 PM,4.87,4.87,4.87,4.87,500,0
THT,5/17/2018 9:00:00 AM,5.18,5.18,4.95,4.95,6200,0
THT,5/18/2018 9:50:00 AM,4.87,4.95,4.87,4.95,3200,0
THT,5/22/2018 9:55:00 AM,4.87,4.87,4.87,4.87,1900,0
THT,5/23/2018 10:50:00 AM,4.95,4.95,4.87,4.87,2400,0
THT,5/24/2018 9:00:00 AM,5.18,5.18,5.18,5.18,100,0
THT,5/25/2018 10:30:00 AM,5.03,5.03,4.87,4.87,1900,0
THT,5/28/2018 9:40:00 AM,4.87,4.87,4.41,4.64,104100,0
THT,5/29/2018 9:50:00 AM,4.64,4.87,4.64,4.79,13000,0
THT,5/30/2018 10:35:00 AM,4.72,4.79,4.72,4.79,2100,0
THT,5/31/2018 9:30:00 AM,4.79,4.87,4.79,4.87,10000,0
THT,6/1/2018 9:35:00 AM,4.79,4.87,4.79,4.87,3800,0
THT,6/4/2018 9:35:00 AM,4.87,4.87,4.87,4.87,300,0
THT,6/5/2018 9:00:00 AM,4.87,4.95,4.87,4.95,6300,0
THT,6/6/2018 10:40:00 AM,4.95,4.95,4.95,4.95,1500,0
THT,6/7/2018 10:00:00 AM,4.95,5.03,4.95,5.03,20900,0
THT,6/8/2018 1:25:00 PM,4.95,5.03,4.95,5.03,2500,0
THT,6/11/2018 10:20:00 AM,5.1,5.18,5.1,5.1,4400,0
THT,6/12/2018 10:45:00 AM,5.03,5.03,5.03,5.03,2500,0
THT,6/13/2018 11:00:00 AM,5.03,5.18,5.03,5.18,30300,0
THT,6/14/2018 10:10:00 AM,5.1,5.18,5.1,5.18,12300,0
THT,6/15/2018 9:30:00 AM,5.1,5.1,5.03,5.1,10600,0
THT,6/18/2018 10:05:00 AM,5.03,5.03,5.03,5.03,6900,0
THT,6/19/2018 1:10:00 PM,4.95,4.95,4.95,4.95,200,0
THT,6/20/2018 11:25:00 AM,5.03,5.1,4.95,5.1,5200,0
THT,6/21/2018 9:45:00 AM,4.79,4.79,4.79,4.79,700,0
THT,6/22/2018 9:00:00 AM,5.03,5.03,4.95,5.03,6600,0
THT,6/25/2018 9:15:00 AM,5.03,5.1,5.03,5.03,17100,0
THT,6/26/2018 9:20:00 AM,5.03,5.03,5.03,5.03,11200,0
THT,6/27/2018 9:00:00 AM,4.87,4.87,4.64,4.64,500,0
THT,6/28/2018 1:35:00 PM,4.64,4.79,4.64,4.64,4800,0
THT,6/29/2018 1:40:00 PM,4.72,4.79,4.64,4.72,3500,0
THT,7/5/2018 9:20:00 AM,4.56,4.56,4.48,4.48,1300,0
THT,7/6/2018 1:15:00 PM,4.56,4.56,4.25,4.25,4800,0
THT,7/9/2018 10:25:00 AM,4.33,4.64,4.33,4.56,1100,0
THT,7/11/2018 9:35:00 AM,4.56,4.56,4.56,4.56,11000,0
THT,7/12/2018 1:45:00 PM,4.56,4.56,4.56,4.56,2200,0
THT,7/16/2018 1:00:00 PM,4.56,4.56,4.48,4.56,18500,0
THT,7/18/2018 1:50:00 PM,4.64,4.72,4.64,4.72,700,0
THT,7/19/2018 10:25:00 AM,4.72,4.95,4.72,4.79,25400,0
THT,7/23/2018 9:10:00 AM,4.48,4.72,4.48,4.72,5000,0
THT,7/24/2018 10:45:00 AM,4.72,4.72,4.64,4.64,3200,0
THT,7/25/2018 10:10:00 AM,4.64,4.72,4.64,4.72,13700,0
THT,7/26/2018 9:15:00 AM,4.79,5.03,4.79,5.03,2400,0
THT,7/27/2018 10:55:00 AM,4.72,5.03,4.72,5.03,4100,0
THT,7/31/2018 9:15:00 AM,4.95,4.95,4.79,4.79,11000,0
THT,8/1/2018 2:25:00 PM,4.79,4.87,4.79,4.87,1300,0
THT,8/2/2018 9:25:00 AM,4.72,4.79,4.64,4.79,24700,0
THT,8/3/2018 2:40:00 PM,4.64,4.64,4.64,4.64,2800,0
THT,8/9/2018 10:05:00 AM,4.64,4.72,4.64,4.72,3400,0
THT,8/13/2018 9:00:00 AM,5.03,5.03,5.03,5.03,100,0
THT,8/15/2018 9:55:00 AM,4.72,4.72,4.72,4.72,17100,0
THT,8/20/2018 1:00:00 PM,4.72,4.79,4.56,4.79,2100,0
THT,8/21/2018 1:05:00 PM,4.72,4.72,4.56,4.56,2200,0
THT,8/22/2018 11:20:00 AM,4.56,4.72,4.56,4.72,2100,0
THT,8/27/2018 10:20:00 AM,4.72,4.87,4.72,4.87,3900,0
THT,8/28/2018 9:15:00 AM,4.79,4.79,4.72,4.72,6200,0
THT,8/30/2018 9:00:00 AM,4.72,4.72,4.64,4.64,6900,0
THT,8/31/2018 9:10:00 AM,4.64,4.79,4.64,4.79,36300,0
THT,9/4/2018 9:10:00 AM,4.79,4.79,4.64,4.72,29500,0
THT,9/5/2018 2:00:00 PM,4.64,4.64,4.64,4.64,13600,0
THT,9/6/2018 10:25:00 AM,4.64,4.95,4.64,4.95,15600,0
THT,9/7/2018 9:00:00 AM,4.79,4.87,4.79,4.87,12600,0
THT,9/10/2018 9:00:00 AM,4.87,4.95,4.87,4.95,20100,0
THT,9/11/2018 9:00:00 AM,4.95,4.95,4.87,4.95,20500,0
THT,9/12/2018 9:20:00 AM,5.03,5.03,4.87,4.87,4100,0
THT,9/13/2018 9:35:00 AM,4.95,4.95,4.87,4.87,9100,0
THT,9/14/2018 9:25:00 AM,4.87,4.87,4.87,4.87,24000,0
THT,9/17/2018 9:00:00 AM,4.95,4.95,4.87,4.95,33900,0
THT,9/18/2018 9:45:00 AM,4.87,4.95,4.87,4.95,22100,0
THT,9/19/2018 9:40:00 AM,4.87,4.87,4.87,4.87,47200,0
THT,9/20/2018 9:50:00 AM,4.95,4.95,4.95,4.95,3900,0
THT,9/21/2018 9:15:00 AM,4.95,4.95,4.87,4.87,4800,0
THT,9/24/2018 10:20:00 AM,4.95,5.03,4.87,4.87,40200,0
THT,9/25/2018 9:00:00 AM,5.03,5.03,4.87,4.87,23800,0
THT,9/26/2018 1:00:00 PM,4.87,4.95,4.87,4.87,2000,0
THT,9/27/2018 9:00:00 AM,5.18,5.18,5.03,5.18,3700,0
THT,9/28/2018 9:05:00 AM,5.18,5.18,5.03,5.03,9900,0
THT,10/1/2018 9:00:00 AM,5.1,5.1,5.03,5.03,29200,0
THT,10/2/2018 9:55:00 AM,5.03,5.1,5.03,5.1,8000,0
THT,10/3/2018 9:15:00 AM,5.1,5.1,5.03,5.03,1200,0
THT,10/4/2018 9:45:00 AM,5.03,5.1,5.03,5.03,20300,0
THT,10/5/2018 9:00:00 AM,5.1,5.1,5.03,5.1,25100,0
THT,10/8/2018 9:00:00 AM,5.1,5.1,5.1,5.1,28400,0
THT,10/9/2018 9:00:00 AM,5.41,5.57,5.18,5.26,16200,0
THT,10/10/2018 9:00:00 AM,5.26,5.33,5.26,5.33,33500,0
THT,10/11/2018 9:05:00 AM,5.26,5.33,5.1,5.26,51500,0
THT,10/12/2018 9:50:00 AM,5.1,5.18,5.1,5.18,18300,0
THT,10/15/2018 1:10:00 PM,5.1,5.1,5.1,5.1,8200,0
THT,10/16/2018 9:50:00 AM,5.1,5.26,5.1,5.26,2400,0
THT,10/17/2018 9:00:00 AM,5.26,5.33,5.26,5.26,41500,0
THT,10/18/2018 9:00:00 AM,5.26,5.49,5.18,5.49,104200,0
THT,10/19/2018 9:40:00 AM,5.26,5.26,5.26,5.26,33900,0
THT,10/22/2018 9:00:00 AM,5.26,5.41,5.26,5.41,42700,0
THT,10/23/2018 9:10:00 AM,5.33,5.49,5.26,5.49,132100,0
THT,10/24/2018 9:05:00 AM,5.8,5.8,5.41,5.64,16800,0
THT,10/25/2018 9:00:00 AM,5.64,5.64,5.41,5.57,25200,0
THT,10/26/2018 9:05:00 AM,5.95,5.95,5.49,5.64,22800,0
THT,10/29/2018 9:15:00 AM,5.64,5.64,5.18,5.33,47300,0
THT,10/30/2018 9:10:00 AM,5.33,5.49,5.33,5.49,10200,0
THT,10/31/2018 9:10:00 AM,5.57,5.64,5.41,5.49,30200,0
THT,11/1/2018 9:20:00 AM,5.49,5.49,5.49,5.49,91400,0
THT,11/2/2018 9:10:00 AM,5.64,5.64,5.49,5.57,15400,0
THT,11/5/2018 9:20:00 AM,5.57,5.64,5.57,5.57,127700,0
THT,11/6/2018 9:25:00 AM,5.57,5.64,5.57,5.64,51800,0
THT,11/7/2018 9:25:00 AM,5.57,5.64,5.57,5.64,103600,0
THT,11/8/2018 9:20:00 AM,5.64,5.72,5.64,5.72,154400,0
THT,11/9/2018 9:00:00 AM,5.72,5.72,5.64,5.64,42000,0
THT,11/12/2018 9:10:00 AM,5.64,5.64,5.64,5.64,47700,0
THT,11/13/2018 9:00:00 AM,5.64,5.8,5.64,5.8,318900,0
THT,11/14/2018 9:00:00 AM,5.8,6.11,5.8,5.95,367300,0
THT,11/15/2018 9:10:00 AM,6.11,6.11,5.95,6.11,30200,0
THT,11/16/2018 9:40:00 AM,6.03,6.03,5.95,5.95,44000,0
THT,11/19/2018 9:15:00 AM,5.95,6.03,5.95,5.95,77900,0
THT,11/20/2018 9:00:00 AM,5.95,5.95,5.88,5.95,29600,0
THT,11/21/2018 9:00:00 AM,5.95,6.03,5.95,6.03,84800,0
THT,11/22/2018 9:15:00 AM,6.03,6.11,6.03,6.11,38700,0
THT,11/23/2018 10:40:00 AM,6.03,6.11,6.03,6.03,17800,0
THT,11/26/2018 9:25:00 AM,6.03,6.11,6.03,6.03,24600,0
THT,11/27/2018 10:10:00 AM,6.03,6.11,6.03,6.11,39700,0
THT,11/28/2018 9:00:00 AM,6.11,6.18,6.11,6.18,92300,0
THT,11/29/2018 9:05:00 AM,6.18,6.18,6.11,6.18,61600,0
THT,11/30/2018 9:05:00 AM,6.18,6.18,6.11,6.11,41500,0
THT,12/3/2018 9:00:00 AM,6.18,6.42,6.18,6.34,138300,0
THT,12/4/2018 9:00:00 AM,6.34,6.57,6.34,6.57,149200,0
THT,12/5/2018 9:00:00 AM,6.57,6.65,6.42,6.57,99100,0
THT,12/6/2018 9:00:00 AM,6.57,6.57,6.49,6.57,6900,0
THT,12/7/2018 9:20:00 AM,6.49,6.57,6.34,6.57,51900,0
THT,12/10/2018 9:05:00 AM,6.34,6.34,6.26,6.26,34800,0
THT,12/11/2018 9:45:00 AM,6.34,6.34,6.26,6.26,11700,0
THT,12/12/2018 9:35:00 AM,6.26,6.34,6.26,6.34,10900,0
THT,12/14/2018 1:45:00 PM,6.26,6.34,6.26,6.34,800,0
THT,12/17/2018 9:35:00 AM,6.26,6.34,6.18,6.18,13400,0
THT,12/18/2018 9:00:00 AM,6.18,6.18,6.11,6.11,12600,0
THT,12/19/2018 9:00:00 AM,6.11,6.11,5.95,5.95,17300,0
THT,12/20/2018 9:00:00 AM,5.95,6.03,5.95,6.03,15900,0
THT,12/21/2018 10:05:00 AM,5.95,6.03,5.95,6.03,3100,0
THT,12/24/2018 9:00:00 AM,6.03,6.03,5.95,5.95,5000,0
THT,12/25/2018 9:20:00 AM,5.95,6.11,5.8,6.11,10200,0
THT,12/27/2018 9:05:00 AM,6.11,6.11,6.03,6.03,7400,0
THT,12/28/2018 9:35:00 AM,6.03,6.18,6.03,6.18,4800,0
THT,1/3/2019 10:50:00 AM,5.95,5.95,5.95,5.95,39400,0
THT,1/7/2019 2:15:00 PM,5.95,6.11,5.95,6.11,9500,0
THT,1/8/2019 1:50:00 PM,5.95,6.11,5.95,6.11,5300,0
THT,1/15/2019 1:55:00 PM,6.03,6.18,6.03,6.18,2600,0
THT,1/16/2019 9:15:00 AM,6.03,6.11,6.03,6.11,4600,0
THT,1/17/2019 10:40:00 AM,6.03,6.11,6.03,6.11,3600,0
THT,1/21/2019 9:05:00 AM,5.95,6.26,5.95,6.26,28100,0
THT,1/22/2019 9:00:00 AM,6.26,6.34,6.18,6.18,12000,0
THT,1/23/2019 9:50:00 AM,6.34,6.42,6.34,6.34,11700,0
THT,1/24/2019 9:40:00 AM,6.34,6.34,6.18,6.18,7800,0
THT,1/28/2019 10:35:00 AM,6.18,6.34,6.18,6.34,23300,0
THT,1/29/2019 1:20:00 PM,6.26,6.42,6.26,6.42,12400,0
THT,1/30/2019 9:40:00 AM,6.42,6.42,6.26,6.42,8900,0
THT,2/11/2019 10:05:00 AM,6.18,6.49,6.18,6.49,13800,0
THT,2/12/2019 9:00:00 AM,6.57,6.57,6.34,6.49,4600,0
THT,2/13/2019 9:25:00 AM,6.49,6.88,6.49,6.88,83700,0
THT,2/14/2019 9:00:00 AM,6.88,7.04,6.8,6.96,44100,0
THT,2/15/2019 9:05:00 AM,6.96,7.04,6.96,7.04,13400,0
THT,2/18/2019 9:30:00 AM,6.96,6.96,6.88,6.96,10600,0
THT,2/19/2019 10:30:00 AM,6.8,6.8,6.65,6.65,40500,0
THT,2/20/2019 9:30:00 AM,6.8,6.88,6.65,6.88,19100,0
THT,2/21/2019 9:10:00 AM,6.88,6.96,6.88,6.96,6600,0
THT,2/22/2019 11:20:00 AM,6.8,6.96,6.8,6.96,4700,0
THT,2/25/2019 9:25:00 AM,6.8,6.8,6.65,6.65,40800,0
THT,2/26/2019 9:25:00 AM,6.73,6.73,6.65,6.73,4900,0
THT,2/27/2019 9:35:00 AM,6.73,6.73,6.73,6.73,4700,0
THT,2/28/2019 11:05:00 AM,6.73,6.73,6.57,6.73,5000,0
THT,3/1/2019 9:20:00 AM,6.73,6.73,6.65,6.65,34000,0
THT,3/4/2019 9:00:00 AM,6.73,6.73,6.73,6.73,7400,0
THT,3/6/2019 9:20:00 AM,6.65,6.65,6.57,6.57,16600,0
THT,3/7/2019 9:00:00 AM,6.73,6.73,6.57,6.65,17800,0
THT,3/8/2019 9:10:00 AM,6.73,6.73,6.57,6.57,13000,0
THT,3/11/2019 9:55:00 AM,6.57,6.65,6.57,6.65,7500,0
THT,3/12/2019 9:50:00 AM,6.65,6.65,6.65,6.65,9000,0
THT,3/13/2019 9:00:00 AM,6.57,6.57,6.42,6.42,75500,0
THT,3/14/2019 9:40:00 AM,6.49,6.49,6.49,6.49,6000,0
THT,3/18/2019 9:45:00 AM,6.49,6.49,6.42,6.42,13700,0
THT,3/19/2019 9:00:00 AM,6.49,6.49,6.49,6.49,13900,0
THT,3/20/2019 9:40:00 AM,6.49,6.49,6.49,6.49,21200,0
THT,3/21/2019 9:15:00 AM,6.57,6.57,6.49,6.57,39000,0
THT,3/22/2019 9:05:00 AM,6.57,6.57,6.49,6.57,6500,0
THT,3/25/2019 9:00:00 AM,6.42,6.57,6.42,6.57,8900,0
THT,3/26/2019 9:35:00 AM,6.42,6.49,6.42,6.49,17800,0
THT,3/27/2019 9:50:00 AM,6.42,6.57,6.42,6.57,7200,0
THT,3/28/2019 9:00:00 AM,6.57,6.57,6.49,6.49,26200,0
THT,3/29/2019 9:15:00 AM,6.49,6.57,6.49,6.57,7200,0
THT,4/1/2019 9:40:00 AM,6.49,6.49,6.42,6.42,28100,0
THT,4/2/2019 9:10:00 AM,6.49,6.49,6.42,6.49,24700,0
THT,4/3/2019 9:15:00 AM,6.49,6.49,6.42,6.49,14800,0
THT,4/4/2019 9:30:00 AM,6.49,6.49,6.42,6.49,13800,0
THT,4/5/2019 9:15:00 AM,6.49,6.57,6.49,6.49,4600,0
THT,4/8/2019 1:10:00 PM,6.49,6.49,6.49,6.49,800,0
THT,4/9/2019 9:00:00 AM,6.42,6.49,6.42,6.49,6500,0
THT,4/10/2019 9:20:00 AM,6.8,6.88,6.57,6.65,458500,0
THT,4/12/2019 9:20:00 AM,6.73,6.73,6.57,6.57,1200,0
THT,4/16/2019 9:45:00 AM,6.42,6.57,6.42,6.49,3400,0
THT,4/17/2019 9:20:00 AM,6.49,6.49,6.49,6.49,2100,0
THT,4/18/2019 10:15:00 AM,6.42,6.57,6.42,6.57,5400,0
THT,4/19/2019 9:05:00 AM,6.42,6.42,6.18,6.18,12400,0
THT,4/22/2019 10:45:00 AM,6.42,6.42,6.18,6.42,8800,0
THT,4/23/2019 9:05:00 AM,6.49,6.49,6.34,6.49,22500,0
THT,4/24/2019 9:10:00 AM,6.42,6.42,5.95,6.03,36700,0
THT,4/25/2019 9:45:00 AM,6.03,6.18,6.03,6.11,14300,0
THT,5/2/2019 9:00:00 AM,6.11,6.11,6.03,6.11,1600,0
THT,5/3/2019 11:10:00 AM,5.95,6.18,5.95,6.18,2800,0
THT,5/6/2019 10:20:00 AM,6.11,6.18,6.03,6.03,35400,0
THT,5/8/2019 9:00:00 AM,6.03,6.26,6.03,6.26,14200,0
THT,5/9/2019 9:00:00 AM,6.26,6.26,6.18,6.18,23800,0
THT,5/10/2019 9:55:00 AM,6.11,6.11,6.11,6.11,8000,0
THT,5/13/2019 10:35:00 AM,6.11,6.18,6.11,6.18,2600,0
THT,5/15/2019 9:30:00 AM,6.18,6.18,6.18,6.18,2700,0
THT,5/16/2019 9:05:00 AM,6.26,6.34,6.26,6.34,1100,0
THT,5/17/2019 9:25:00 AM,5.72,6.26,5.72,6.26,10400,0
THT,5/21/2019 9:25:00 AM,6.18,6.18,6.18,6.18,500,0
THT,5/22/2019 10:15:00 AM,6.26,6.26,6.18,6.26,7600,0
THT,5/27/2019 11:20:00 AM,6.18,6.26,6.18,6.18,800,0
THT,5/28/2019 10:10:00 AM,6.18,6.18,6.18,6.18,2000,0
THT,5/29/2019 9:05:00 AM,6.18,6.18,6.18,6.18,2300,0
THT,5/30/2019 9:00:00 AM,6.44,6.44,6.18,6.18,4800,0
THT,6/4/2019 1:25:00 PM,6.1,6.27,6.1,6.27,5000,0
THT,6/10/2019 9:20:00 AM,6.01,6.01,6.01,6.01,4000,0
THT,6/11/2019 10:30:00 AM,5.84,5.93,5.41,5.93,3500,0
THT,6/13/2019 9:55:00 AM,5.84,5.93,5.84,5.93,5200,0
THT,6/17/2019 9:55:00 AM,6.01,6.01,5.84,5.84,200,0
THT,6/20/2019 9:10:00 AM,5.67,6.1,5.67,6.1,14600,0
THT,6/24/2019 9:50:00 AM,5.84,5.93,5.84,5.93,1900,0
THT,6/26/2019 9:20:00 AM,5.93,5.93,5.76,5.93,3300,0
THT,6/27/2019 1:45:00 PM,5.67,5.84,5.58,5.84,8600,0
THT,6/28/2019 9:05:00 AM,5.84,5.84,5.84,5.84,200,0
THT,7/1/2019 11:10:00 AM,5.84,5.84,5.76,5.76,500,0
THT,7/2/2019 2:00:00 PM,5.76,6.01,5.76,6.01,900,0
THT,7/3/2019 10:15:00 AM,5.84,5.84,5.76,5.76,1500,0
THT,7/4/2019 9:20:00 AM,5.84,5.84,5.76,5.76,300,0
THT,7/5/2019 2:45:00 PM,6.01,6.01,6.01,6.01,300,0
THT,7/8/2019 9:30:00 AM,5.84,5.84,5.84,5.84,200,0
THT,7/10/2019 9:35:00 AM,5.84,5.84,5.84,5.84,100,0
THT,7/11/2019 9:20:00 AM,5.93,5.93,5.67,5.67,10000,0
THT,7/12/2019 9:40:00 AM,5.76,6.1,5.58,6.1,6300,0
THT,7/15/2019 9:00:00 AM,6.01,6.01,5.93,5.93,300,0
THT,7/16/2019 9:25:00 AM,5.93,5.93,5.76,5.76,5300,0
THT,7/17/2019 1:45:00 PM,5.76,5.84,5.76,5.84,2400,0
THT,7/18/2019 9:10:00 AM,5.93,5.93,5.93,5.93,200,0
THT,7/19/2019 9:20:00 AM,5.93,6.01,5.93,6.01,15200,0
THT,7/23/2019 9:00:00 AM,5.76,5.84,5.76,5.76,14300,0
THT,7/24/2019 10:20:00 AM,5.93,5.93,5.93,5.93,100,0
THT,7/25/2019 1:45:00 PM,6.01,6.01,6.01,6.01,100,0
THT,7/26/2019 9:50:00 AM,5.93,6.01,5.93,5.93,4300,0
THT,7/29/2019 10:50:00 AM,6.01,6.01,5.93,5.93,2900,0
THT,7/30/2019 1:50:00 PM,5.76,5.76,5.76,5.76,53800,0
THT,7/31/2019 9:25:00 AM,5.84,5.84,5.67,5.67,8000,0
THT,8/2/2019 1:30:00 PM,5.67,5.76,5.67,5.67,4100,0
THT,8/5/2019 9:20:00 AM,5.84,5.84,5.76,5.76,3100,0
THT,8/6/2019 10:15:00 AM,5.76,5.84,5.76,5.84,1700,0
THT,8/7/2019 9:05:00 AM,5.76,5.76,5.58,5.67,15000,0
THT,8/8/2019 11:00:00 AM,5.67,5.67,5.67,5.67,10000,0
THT,8/9/2019 9:20:00 AM,5.67,5.67,5.58,5.58,5500,0
THT,8/13/2019 9:40:00 AM,5.67,5.67,5.67,5.67,2000,0
THT,8/14/2019 9:20:00 AM,5.67,5.67,5.67,5.67,4700,0
THT,8/15/2019 10:50:00 AM,5.67,5.67,5.67,5.67,10000,0
THT,8/16/2019 9:00:00 AM,5.67,5.67,5.67,5.67,800,0
THT,8/20/2019 10:20:00 AM,5.67,5.67,5.67,5.67,1400,0
THT,8/21/2019 10:30:00 AM,5.58,5.58,5.58,5.58,200,0
THT,8/22/2019 2:00:00 PM,5.58,5.58,5.58,5.58,100,0
THT,8/26/2019 1:10:00 PM,5.5,5.58,5.5,5.58,4500,0
THT,8/27/2019 9:00:00 AM,5.76,5.76,5.76,5.76,100,0
THT,8/28/2019 10:10:00 AM,5.67,5.67,5.67,5.67,20000,0
THT,8/29/2019 2:00:00 PM,5.58,5.58,5.58,5.58,300,0
THT,9/5/2019 10:25:00 AM,5.67,5.67,5.67,5.67,100,0
THT,9/6/2019 1:00:00 PM,5.67,5.67,5.67,5.67,800,0
THT,9/9/2019 9:45:00 AM,5.67,5.67,5.58,5.58,8000,0
THT,9/12/2019 2:00:00 PM,5.67,5.67,5.67,5.67,5000,0
THT,9/13/2019 10:25:00 AM,5.58,5.58,5.58,5.58,100,0
THT,9/19/2019 1:20:00 PM,5.67,5.67,5.67,5.67,500,0
THT,9/20/2019 2:25:00 PM,5.67,5.67,5.67,5.67,100,0
THT,9/24/2019 1:30:00 PM,5.67,5.67,5.67,5.67,3000,0
THT,9/25/2019 2:10:00 PM,5.67,5.67,5.67,5.67,2000,0
THT,10/1/2019 10:50:00 AM,5.58,5.58,5.58,5.58,700,0
THT,10/2/2019 1:25:00 PM,5.67,5.67,5.67,5.67,1000,0
THT,10/3/2019 10:25:00 AM,5.67,5.67,5.67,5.67,300,0
THT,10/7/2019 1:40:00 PM,5.67,5.76,5.67,5.76,4200,0
THT,10/9/2019 1:45:00 PM,5.76,5.76,5.76,5.76,500,0
THT,10/10/2019 1:30:00 PM,5.67,5.67,5.67,5.67,200,0
THT,10/11/2019 1:45:00 PM,5.84,5.84,5.84,5.84,5000,0
THT,10/15/2019 2:45:00 PM,6.01,6.01,6.01,6.01,100,0
THT,10/16/2019 10:20:00 AM,5.93,5.93,5.93,5.93,1000,0
THT,10/22/2019 9:45:00 AM,5.76,5.76,5.76,5.76,100,0
THT,10/23/2019 10:40:00 AM,5.84,5.93,5.84,5.93,2400,0
THT,10/24/2019 2:15:00 PM,5.84,5.84,5.84,5.84,100,0
THT,10/25/2019 2:45:00 PM,5.76,5.76,5.76,5.76,100,0
THT,10/30/2019 10:15:00 AM,6.27,6.27,6.27,6.27,30000,0
THT,10/31/2019 9:15:00 AM,6.18,6.18,6.1,6.1,1100,0
THT,11/5/2019 1:10:00 PM,6.01,6.01,6.01,6.01,100,0
THT,11/6/2019 9:10:00 AM,6.53,6.53,5.76,5.76,1100,0
THT,11/8/2019 2:00:00 PM,5.93,5.93,5.93,5.93,300,0
THT,11/11/2019 2:45:00 PM,5.93,5.93,5.93,5.93,2000,0
THT,11/14/2019 2:05:00 PM,5.93,5.93,5.93,5.93,1000,0
THT,11/18/2019 10:30:00 AM,6.01,6.01,6.01,6.01,900,0
THT,11/20/2019 9:00:00 AM,6.01,6.01,6.01,6.01,1500,0
THT,11/21/2019 10:20:00 AM,6.1,6.1,6.1,6.1,100,0
THT,11/25/2019 2:45:00 PM,5.93,5.93,5.93,5.93,100,0
THT,11/26/2019 10:15:00 AM,6.01,6.01,6.01,6.01,300,0
THT,11/27/2019 10:15:00 AM,6.01,6.01,6.01,6.01,500,0
THT,11/28/2019 10:05:00 AM,6.01,6.01,6.01,6.01,100,0
THT,12/2/2019 10:10:00 AM,6.01,6.01,6.01,6.01,1500,0
THT,12/16/2019 1:00:00 PM,6.01,6.27,6.01,6.01,2100,0
THT,12/19/2019 11:15:00 AM,6.01,6.01,6.01,6.01,1000,0
THT,12/20/2019 1:05:00 PM,5.93,5.93,5.93,5.93,500,0
THT,12/26/2019 9:05:00 AM,6.18,6.18,6.18,6.18,200,0
THT,12/31/2019 11:10:00 AM,6.01,6.01,6.01,6.01,4800,0
THT,1/2/2020 9:05:00 AM,6.18,6.18,6.18,6.18,100,0
THT,1/3/2020 9:05:00 AM,6.01,6.01,6.01,6.01,500,0
THT,1/6/2020 9:00:00 AM,6.01,6.01,5.84,5.84,16300,0
THT,1/7/2020 9:15:00 AM,6.01,6.18,6.01,6.18,13400,0
THT,1/8/2020 10:55:00 AM,6.01,6.01,6.01,6.01,9300,0
THT,1/9/2020 10:25:00 AM,6.01,6.01,6.01,6.01,28000,0
THT,1/10/2020 9:15:00 AM,6.01,6.01,6.01,6.01,18000,0
THT,1/13/2020 9:20:00 AM,6.01,6.01,6.01,6.01,41600,0
THT,1/14/2020 10:15:00 AM,6.01,6.01,6.01,6.01,11300,0
THT,1/15/2020 9:30:00 AM,5.84,6.01,5.84,6.01,25200,0
THT,1/16/2020 9:00:00 AM,5.84,6.01,5.84,6.01,14800,0
THT,1/17/2020 11:20:00 AM,5.93,5.93,5.93,5.93,20100,0
THT,1/20/2020 9:05:00 AM,5.93,6.44,5.93,6.44,29900,0
THT,1/22/2020 10:55:00 AM,6.36,6.36,6.36,6.36,15700,0
THT,1/30/2020 2:20:00 PM,6.01,6.01,6.01,6.01,3000,0
THT,1/31/2020 9:45:00 AM,6.01,6.27,6.01,6.27,10800,0
THT,2/3/2020 9:10:00 AM,6.01,6.01,6.01,6.01,1600,0
THT,2/4/2020 2:45:00 PM,6.01,6.01,6.01,6.01,600,0
THT,2/5/2020 1:20:00 PM,6.01,6.01,6.01,6.01,8400,0
THT,2/6/2020 10:15:00 AM,6.01,6.1,6.01,6.1,4000,0
THT,2/7/2020 10:35:00 AM,6.1,6.1,6.1,6.1,100,0
THT,2/10/2020 10:35:00 AM,6.1,6.1,6.01,6.01,9000,0
THT,2/11/2020 9:05:00 AM,6.01,6.44,6.01,6.44,16600,0
THT,2/12/2020 1:55:00 PM,6.18,6.18,6.01,6.01,7800,0
THT,2/13/2020 9:30:00 AM,6.01,6.1,6.01,6.1,42400,0
THT,2/14/2020 10:15:00 AM,6.01,6.01,6.01,6.01,100,0
THT,2/17/2020 10:35:00 AM,6.01,6.01,6.01,6.01,3000,0
THT,2/18/2020 9:35:00 AM,6.01,6.01,6.01,6.01,3000,0
THT,2/19/2020 9:45:00 AM,5.93,6.01,5.93,6.01,3500,0
THT,2/21/2020 9:00:00 AM,6.01,6.01,6.01,6.01,2000,0
THT,2/24/2020 10:00:00 AM,6.01,6.01,6.01,6.01,6000,0
THT,2/25/2020 10:45:00 AM,5.93,6.01,5.93,6.01,7300,0
THT,2/26/2020 9:35:00 AM,5.93,6.01,5.93,6.01,1900,0
THT,2/27/2020 1:00:00 PM,6.01,6.01,6.01,6.01,2000,0
THT,2/28/2020 1:50:00 PM,6.01,6.01,6.01,6.01,2600,0
THT,3/2/2020 9:00:00 AM,6.61,6.61,6.27,6.36,6100,0
THT,3/3/2020 2:15:00 PM,6.1,6.1,6.1,6.1,1000,0
THT,3/4/2020 9:10:00 AM,6.1,6.1,6.1,6.1,7200,0
THT,3/5/2020 9:15:00 AM,6.1,6.1,6.1,6.1,4400,0
THT,3/6/2020 10:00:00 AM,6.01,6.01,6.01,6.01,17300,0
THT,3/9/2020 10:00:00 AM,5.93,5.93,5.76,5.76,13700,0
THT,3/10/2020 9:30:00 AM,5.67,5.67,5.67,5.67,100,0
THT,3/11/2020 2:25:00 PM,6.1,6.1,6.1,6.1,100,0
THT,3/12/2020 9:30:00 AM,5.76,5.76,5.67,5.76,300,0
THT,3/13/2020 9:15:00 AM,5.58,5.93,5.58,5.93,15400,0
THT,3/16/2020 1:15:00 PM,5.93,5.93,5.84,5.84,20100,0
THT,3/17/2020 1:15:00 PM,5.93,5.93,5.76,5.84,24600,0
THT,3/18/2020 9:00:00 AM,5.84,6.01,5.84,6.01,30700,0
THT,3/19/2020 9:05:00 AM,5.93,5.93,5.84,5.93,8300,0
THT,3/20/2020 10:05:00 AM,5.93,5.93,5.93,5.93,2400,0
THT,3/23/2020 9:00:00 AM,5.93,5.93,5.84,5.84,18200,0
THT,3/24/2020 10:25:00 AM,5.84,5.84,5.84,5.84,2500,0
THT,3/25/2020 9:05:00 AM,5.84,5.84,5.84,5.84,7900,0
THT,3/26/2020 9:00:00 AM,5.84,6.18,5.84,5.93,10400,0
THT,3/27/2020 9:05:00 AM,5.93,5.93,5.93,5.93,26500,0
THT,3/30/2020 1:15:00 PM,5.84,5.84,5.67,5.67,8600,0
THT,3/31/2020 9:25:00 AM,5.84,6.18,5.76,6.1,47800,0
THT,4/1/2020 9:20:00 AM,5.93,6.1,5.93,6.1,20500,0
THT,4/3/2020 9:00:00 AM,6.1,6.27,6.1,6.27,29100,0
THT,4/6/2020 10:05:00 AM,6.01,6.1,6.01,6.1,18800,0
THT,4/7/2020 1:30:00 PM,6.18,6.18,6.18,6.18,100,0
THT,4/8/2020 11:00:00 AM,6.1,6.1,6.1,6.1,500,0
THT,4/9/2020 9:00:00 AM,6.7,6.7,6.7,6.7,100,0
THT,4/10/2020 2:15:00 PM,6.1,6.36,6.1,6.36,200,0
THT,4/13/2020 1:10:00 PM,6.18,6.36,6.18,6.36,200,0
THT,4/15/2020 10:25:00 AM,6.1,6.1,6.01,6.01,1100,0
THT,4/16/2020 10:15:00 AM,6.1,6.1,6.1,6.1,14000,0
THT,4/17/2020 9:05:00 AM,6.27,6.27,6.18,6.27,34500,0
THT,4/20/2020 10:10:00 AM,6.18,6.18,6.18,6.18,600,0
THT,4/21/2020 9:30:00 AM,6.1,6.1,6.1,6.1,400,0
THT,4/22/2020 10:15:00 AM,6.01,6.1,6.01,6.1,14000,0
THT,4/23/2020 1:45:00 PM,6.1,6.1,6.1,6.1,3900,0
THT,4/27/2020 9:40:00 AM,6.1,6.1,6.1,6.1,2000,0
THT,4/28/2020 9:05:00 AM,6.18,6.18,6.18,6.18,200,0
THT,5/4/2020 9:35:00 AM,6.18,6.18,6.18,6.18,17400,0
THT,5/5/2020 1:25:00 PM,6.18,6.18,6.18,6.18,10000,0
THT,5/6/2020 9:05:00 AM,6.27,6.27,6.27,6.27,200,0
THT,5/7/2020 1:50:00 PM,6.27,6.27,6.27,6.27,1000,0
THT,5/8/2020 10:15:00 AM,6.27,6.36,6.27,6.36,13100,0
THT,5/11/2020 10:20:00 AM,6.36,6.36,6.36,6.36,600,0
THT,5/12/2020 2:20:00 PM,6.61,6.61,6.61,6.61,5000,0
THT,5/13/2020 10:35:00 AM,6.61,6.61,6.61,6.61,9000,0
THT,5/14/2020 9:30:00 AM,6.61,6.79,6.61,6.7,55000,0
THT,5/15/2020 10:30:00 AM,6.7,6.7,6.7,6.7,15100,0
THT,5/18/2020 9:00:00 AM,6.7,6.79,6.7,6.79,45400,0
THT,5/19/2020 9:50:00 AM,6.87,6.87,6.7,6.79,28800,0
THT,5/20/2020 9:00:00 AM,7.56,7.56,6.87,6.87,34900,0
THT,5/21/2020 9:05:00 AM,7.3,7.3,7.3,7.3,7000,0
THT,5/22/2020 10:10:00 AM,6.87,6.87,6.79,6.79,15500,0
THT,5/25/2020 9:30:00 AM,6.44,6.44,6.44,6.44,200,0
THT,5/26/2020 10:05:00 AM,6.53,6.53,6.44,6.44,5800,0
THT,5/27/2020 10:25:00 AM,6.7,6.7,6.7,6.7,4100,0
THT,5/28/2020 2:00:00 PM,6.44,6.44,6.44,6.44,3800,0
THT,5/29/2020 9:00:00 AM,6.44,6.44,6.44,6.44,3100,0
THT,6/1/2020 1:45:00 PM,6.7,6.7,6.7,6.7,4700,0
THT,6/2/2020 9:00:00 AM,6.79,6.79,6.79,6.79,9900,0
THT,6/3/2020 9:25:00 AM,6.79,6.79,6.79,6.79,900,0
THT,6/4/2020 10:15:00 AM,6.87,6.87,6.87,6.87,4000,0
THT,6/5/2020 10:25:00 AM,6.87,6.87,6.87,6.87,100,0
THT,6/8/2020 9:30:00 AM,6.79,6.79,6.79,6.79,100,0
THT,6/9/2020 9:35:00 AM,6.87,6.96,6.87,6.87,38100,0
THT,6/10/2020 9:05:00 AM,6.87,6.87,6.87,6.87,66700,0
THT,6/11/2020 9:00:00 AM,6.87,6.87,6.87,6.87,100,0
THT,6/12/2020 9:10:00 AM,6.7,6.79,6.61,6.61,42500,0
THT,6/15/2020 9:05:00 AM,6.61,6.87,6.61,6.79,134400,0
THT,6/16/2020 9:05:00 AM,6.7,6.87,6.61,6.79,47100,0
THT,6/17/2020 9:00:00 AM,6.79,6.79,6.61,6.7,142100,0
THT,6/18/2020 9:00:00 AM,7.3,7.3,7,7,300,0
THT,6/19/2020 9:20:00 AM,6.7,6.8,6.5,6.5,21200,0
THT,6/22/2020 9:05:00 AM,6.4,6.5,6.4,6.5,1600,0
THT,6/23/2020 9:10:00 AM,6.5,6.5,6.5,6.5,12000,0
THT,6/24/2020 10:25:00 AM,6.6,6.6,6.5,6.5,25400,0
THT,6/25/2020 9:00:00 AM,6.5,6.6,6.5,6.5,34700,0
THT,6/26/2020 10:20:00 AM,6.5,6.7,6.5,6.6,2800,0
THT,6/29/2020 9:20:00 AM,6.6,6.6,6.5,6.6,50700,0
THT,6/30/2020 9:00:00 AM,6.5,6.6,6.5,6.5,41600,0
THT,7/1/2020 9:00:00 AM,6.2,6.5,6.2,6.4,64600,0
THT,7/2/2020 9:00:00 AM,6.4,6.5,6.4,6.5,10500,0
THT,7/3/2020 1:25:00 PM,6.4,6.4,6.4,6.4,2000,0
THT,7/6/2020 9:00:00 AM,6.4,6.5,6.4,6.5,15600,0
THT,7/7/2020 10:30:00 AM,6.5,6.5,6.5,6.5,19000,0
THT,7/8/2020 10:25:00 AM,6.5,6.5,6.5,6.5,2000,0
THT,7/10/2020 9:25:00 AM,6.6,6.6,6.6,6.6,200,0
THT,7/13/2020 9:00:00 AM,6.6,6.6,6.6,6.6,100,0
THT,7/15/2020 11:00:00 AM,6.6,6.6,6.6,6.6,500,0
THT,7/16/2020 11:25:00 AM,6.7,6.7,6.7,6.7,300,0
THT,7/17/2020 10:45:00 AM,6.7,6.7,6.7,6.7,100,0
THT,7/20/2020 10:00:00 AM,6.8,6.8,6.8,6.8,8000,0
THT,7/21/2020 9:05:00 AM,6.8,6.8,6.8,6.8,200,0
THT,7/22/2020 9:25:00 AM,6.8,6.8,6.8,6.8,100,0
THT,7/23/2020 9:00:00 AM,6.8,7,6.8,7,23700,0
THT,7/24/2020 10:40:00 AM,6.9,6.9,6.9,6.9,200,0
THT,7/27/2020 10:20:00 AM,6.7,6.7,6.7,6.7,100,0
THT,7/28/2020 9:40:00 AM,6.3,6.3,6.3,6.3,3000,0
THT,7/29/2020 9:30:00 AM,6.5,6.5,6.4,6.5,71800,0
THT,7/30/2020 9:35:00 AM,6.5,6.5,6.5,6.5,4800,0
THT,7/31/2020 2:10:00 PM,6.5,6.5,6.5,6.5,900,0
THT,8/3/2020 9:00:00 AM,6.7,6.9,6.7,6.9,500,0
THT,8/4/2020 9:50:00 AM,6.6,6.7,6.6,6.7,2900,0
THT,8/5/2020 9:00:00 AM,6.7,6.7,6.7,6.7,200,0
THT,8/6/2020 11:10:00 AM,6.7,6.8,6.7,6.7,15600,0
THT,8/7/2020 9:35:00 AM,6.6,6.6,6.6,6.6,4200,0
THT,8/10/2020 11:00:00 AM,6.7,6.7,6.7,6.7,3200,0
THT,8/11/2020 9:10:00 AM,6.6,6.8,6.6,6.7,24700,0
THT,8/12/2020 9:20:00 AM,6.7,6.7,6.7,6.7,5100,0
THT,8/13/2020 1:00:00 PM,6.8,6.8,6.7,6.7,2200,0
THT,8/14/2020 9:50:00 AM,6.7,6.7,6.7,6.7,200,0
THT,8/17/2020 9:25:00 AM,6.8,6.8,6.8,6.8,100,0
THT,8/18/2020 10:05:00 AM,6.9,6.9,6.9,6.9,2000,0
THT,8/19/2020 9:05:00 AM,6.9,6.9,6.9,6.9,100,0
THT,8/20/2020 9:35:00 AM,6.7,6.7,6.7,6.7,300,0
THT,8/21/2020 9:25:00 AM,6.9,7,6.9,6.9,10000,0
THT,8/24/2020 10:55:00 AM,6.9,6.9,6.9,6.9,500,0
THT,8/25/2020 9:35:00 AM,6.9,6.9,6.9,6.9,2500,0
THT,8/26/2020 9:25:00 AM,6.8,6.9,6.6,6.6,9900,0
THT,8/27/2020 10:05:00 AM,6.8,6.9,6.8,6.8,9500,0
THT,8/28/2020 9:10:00 AM,7,7,6.9,6.9,8100,0
THT,8/31/2020 9:05:00 AM,6.7,6.7,6.7,6.7,200,0
THT,9/1/2020 11:10:00 AM,6.9,6.9,6.9,6.9,100,0
THT,9/3/2020 1:05:00 PM,6.8,6.8,6.8,6.8,200,0
THT,9/4/2020 9:35:00 AM,6.8,6.8,6.8,6.8,100,0
THT,9/7/2020 10:25:00 AM,7,7,7,7,100,0
THT,9/8/2020 1:30:00 PM,6.9,6.9,6.9,6.9,300,0
THT,9/9/2020 9:55:00 AM,6.9,6.9,6.9,6.9,100,0
THT,9/10/2020 9:30:00 AM,6.8,6.8,6.8,6.8,200,0
THT,9/11/2020 9:55:00 AM,6.9,6.9,6.9,6.9,100,0
THT,9/14/2020 1:00:00 PM,6.9,6.9,6.9,6.9,100,0
THT,9/15/2020 10:50:00 AM,7,7,7,7,9300,0
THT,9/16/2020 9:20:00 AM,7,7,7,7,2700,0
THT,9/17/2020 9:05:00 AM,7,7,7,7,100,0
THT,9/18/2020 9:30:00 AM,7.1,7.1,7.1,7.1,3700,0
THT,9/21/2020 9:05:00 AM,7.2,7.2,7.1,7.1,9800,0
THT,9/22/2020 9:50:00 AM,7.3,7.5,7.3,7.5,56500,0
THT,9/23/2020 9:30:00 AM,7.4,7.4,7.4,7.4,1300,0
THT,9/24/2020 10:00:00 AM,7.2,7.2,7.2,7.2,200,0
THT,9/25/2020 11:05:00 AM,7.2,7.2,7.2,7.2,200,0
THT,9/28/2020 9:50:00 AM,7.2,7.2,7.2,7.2,4400,0
THT,9/29/2020 10:30:00 AM,7.3,7.3,7.3,7.3,15000,0
THT,9/30/2020 1:05:00 PM,7.1,7.1,7.1,7.1,2000,0
THT,10/1/2020 11:00:00 AM,7.3,7.3,7.3,7.3,1000,0
THT,10/2/2020 10:15:00 AM,7.6,7.6,7.4,7.4,3100,0
THT,10/5/2020 10:20:00 AM,7.4,7.4,7.4,7.4,11700,0
THT,10/6/2020 10:40:00 AM,7.5,7.5,7.3,7.3,8400,0
THT,10/7/2020 9:40:00 AM,7.4,7.4,7.4,7.4,33400,0
THT,10/8/2020 2:45:00 PM,7.5,7.5,7.5,7.5,100,0
THT,10/9/2020 2:45:00 PM,7.4,7.4,7.4,7.4,1300,0
THT,10/12/2020 9:30:00 AM,7.5,7.7,7.5,7.5,10500,0
THT,10/13/2020 11:15:00 AM,7.5,7.5,7.5,7.5,9000,0
THT,10/14/2020 9:35:00 AM,7.7,7.7,7.7,7.7,1000,0
THT,10/15/2020 9:20:00 AM,7.7,7.7,7.7,7.7,100,0
THT,10/16/2020 1:45:00 PM,7.6,7.6,7.6,7.6,700,0
THT,10/21/2020 10:40:00 AM,7.5,7.5,7.5,7.5,4500,0
THT,10/22/2020 1:30:00 PM,7.5,7.5,7.5,7.5,4100,0
THT,10/23/2020 10:45:00 AM,7.4,7.4,7.3,7.3,2400,0
THT,10/26/2020 10:20:00 AM,7.3,7.5,7.3,7.5,7400,0
THT,10/27/2020 10:55:00 AM,7.1,7.1,7.1,7.1,4500,0
THT,10/29/2020 2:45:00 PM,7.5,7.5,7.5,7.5,100,0
THT,11/2/2020 1:25:00 PM,7.2,7.2,7,7,14800,0
THT,11/3/2020 2:25:00 PM,7.4,7.4,7.4,7.4,14000,0
THT,11/5/2020 2:45:00 PM,7.4,7.4,7.4,7.4,300,0
THT,11/6/2020 9:30:00 AM,7.5,7.5,7.5,7.5,100,0
THT,11/9/2020 1:50:00 PM,7.5,7.5,7.5,7.5,3800,0
THT,11/10/2020 10:05:00 AM,7.5,7.5,7.5,7.5,2400,0
THT,11/11/2020 9:35:00 AM,7.1,7.1,7.1,7.1,100,0
THT,11/12/2020 9:10:00 AM,7.2,7.2,7.1,7.1,3500,0
THT,11/16/2020 10:30:00 AM,7.3,7.3,7.3,7.3,2700,0
THT,11/17/2020 10:30:00 AM,7.2,7.2,7.2,7.2,2000,0
THT,11/18/2020 10:00:00 AM,7.3,7.5,7.3,7.5,5800,0
THT,11/20/2020 2:10:00 PM,7.3,7.3,7.3,7.3,1100,0
THT,11/23/2020 9:10:00 AM,7.3,7.3,7.3,7.3,100,0
THT,11/24/2020 2:30:00 PM,7.2,7.2,7.2,7.2,6500,0
THT,11/25/2020 9:10:00 AM,7.2,7.2,7.2,7.2,4000,0
THT,11/26/2020 9:15:00 AM,7.4,7.5,7.4,7.5,11100,0
THT,11/27/2020 9:05:00 AM,7.5,7.5,7.2,7.2,5200,0
THT,11/30/2020 9:20:00 AM,7.3,7.3,7.3,7.3,26000,0
THT,12/1/2020 10:40:00 AM,7.3,7.3,7.3,7.3,2000,0
THT,12/2/2020 9:55:00 AM,7.4,7.4,7.4,7.4,26000,0
THT,12/3/2020 10:15:00 AM,7.4,7.4,7.4,7.4,22600,0
THT,12/4/2020 9:05:00 AM,7.6,7.6,7.6,7.6,1300,0
THT,12/7/2020 10:15:50 AM,7.4,7.6,7.4,7.6,7800,0
THT,12/8/2020 11:18:39 AM,7.5,7.5,7.5,7.5,8500,0
THT,12/9/2020 9:00:40 AM,7.5,7.5,7.4,7.4,4800,0
THT,12/10/2020 9:28:51 AM,7.5,7.5,7.4,7.4,29300,0
THT,12/11/2020 1:03:37 PM,7.4,7.4,7.4,7.4,2800,0
THT,12/14/2020 9:06:54 AM,7.4,7.8,7.4,7.6,52900,0
THT,12/15/2020 9:07:34 AM,7.7,7.8,7.7,7.7,15400,0
THT,12/16/2020 9:10:36 AM,7.8,8,7.8,7.9,19900,0
THT,12/17/2020 9:00:25 AM,8.3,8.3,7.4,7.7,18300,0
THT,12/18/2020 9:17:29 AM,7.4,7.6,7.4,7.6,6200,0
THT,12/21/2020 9:03:20 AM,7.6,7.6,7.4,7.6,14000,0
THT,12/22/2020 9:25:02 AM,7.6,7.7,7.4,7.6,19200,0
THT,12/23/2020 9:21:42 AM,7.6,7.7,7.6,7.6,7100,0
THT,12/24/2020 9:41:37 AM,7.6,7.7,7.5,7.7,6300,0
THT,12/25/2020 9:24:59 AM,7.7,7.7,7.5,7.7,21000,0
THT,12/28/2020 9:10:46 AM,7.8,8.4,7.8,8.4,248800,0
THT,12/29/2020 9:16:15 AM,8.5,8.7,8.4,8.7,173100,0
THT,12/30/2020 9:32:55 AM,8.6,8.6,8.2,8.6,530600,0
THT,12/31/2020 9:15:47 AM,8.6,8.6,8.5,8.5,26400,0
THT,1/4/2021 9:49:15 AM,8.5,8.5,8.5,8.5,84300,0
THT,1/5/2021 9:35:26 AM,8.5,8.5,8.4,8.5,99700,0
THT,1/6/2021 9:37:00 AM,8.4,8.6,8.4,8.5,19600,0
THT,1/7/2021 9:18:31 AM,8.5,8.6,8.3,8.5,65500,0
THT,1/8/2021 10:47:37 AM,8.5,8.5,8.5,8.5,12400,0
THT,1/11/2021 10:02:32 AM,8.4,8.5,8.4,8.5,32100,0
THT,1/12/2021 9:35:00 AM,8.5,8.5,8.4,8.4,31900,0
THT,1/13/2021 9:29:14 AM,8.5,8.5,8.4,8.4,87800,0
THT,1/14/2021 10:19:38 AM,8.4,8.4,8.4,8.4,53200,0
THT,1/15/2021 10:47:17 AM,8.6,8.6,8.4,8.4,56100,0
THT,1/18/2021 9:36:48 AM,8.6,9,8.6,8.8,8700,0
THT,1/19/2021 9:23:55 AM,8.1,8.4,8,8.4,227300,0
THT,1/20/2021 9:05:41 AM,8.2,8.3,8.2,8.3,2200,0
THT,1/21/2021 10:02:55 AM,8.2,8.4,8.2,8.4,4300,0
THT,1/22/2021 9:15:03 AM,8.4,8.4,8.2,8.3,3300,0
THT,1/25/2021 10:46:21 AM,8.3,8.4,8.3,8.4,400,0
THT,1/27/2021 10:40:19 AM,8.2,8.2,8,8,13400,0
THT,1/28/2021 9:09:08 AM,7.8,7.8,7.2,7.2,53800,0
THT,1/29/2021 9:08:16 AM,7.2,7.5,7.2,7.5,48100,0
THT,2/1/2021 11:13:45 AM,7.5,7.5,7.3,7.4,21000,0
THT,2/2/2021 9:47:09 AM,7.4,7.4,7.2,7.3,60300,0
THT,2/3/2021 9:03:06 AM,7.3,7.6,7.3,7.6,191000,0
THT,2/4/2021 10:23:30 AM,7.6,7.6,7.4,7.6,95800,0
THT,2/5/2021 11:22:46 AM,7.5,7.5,7.5,7.5,8100,0
THT,2/8/2021 9:25:36 AM,7.5,7.5,7.3,7.4,437400,0
THT,2/9/2021 9:15:33 AM,7.4,7.6,7.4,7.5,105700,0
THT,2/17/2021 9:58:48 AM,7.7,7.9,7.6,7.9,17400,0
THT,2/18/2021 9:12:35 AM,8,8,7.6,7.8,88900,0
THT,2/19/2021 9:21:32 AM,7.6,7.8,7.6,7.7,10800,0
THT,2/22/2021 9:52:49 AM,7.7,7.8,7.7,7.8,1800,0
THT,2/23/2021 9:58:55 AM,7.8,7.9,7.8,7.9,9600,0
THT,2/24/2021 9:46:34 AM,7.9,8,7.8,7.9,20600,0
THT,2/25/2021 1:33:05 PM,7.8,7.9,7.8,7.9,11600,0
THT,2/26/2021 9:29:46 AM,8,8.2,8,8,7500,0
THT,3/1/2021 9:20:36 AM,8,8.3,8,8.2,81700,0
THT,3/2/2021 9:43:58 AM,8.2,8.2,8,8.1,50100,0
THT,3/3/2021 10:43:40 AM,8.1,8.2,8.1,8.2,600,0
THT,3/4/2021 9:00:47 AM,8.3,8.3,8.1,8.2,47600,0
THT,3/5/2021 9:14:42 AM,8.2,8.3,8.2,8.3,55800,0
THT,3/8/2021 9:12:45 AM,8.5,8.6,8,8.5,99800,0
THT,3/9/2021 9:00:53 AM,8.5,8.5,8.4,8.4,27700,0
THT,3/10/2021 9:03:26 AM,8.4,8.5,8.3,8.5,73100,0
THT,3/11/2021 9:00:06 AM,8.8,8.8,8.4,8.4,79700,0
THT,3/12/2021 9:33:29 AM,8.5,8.5,8.4,8.5,17000,0
THT,3/15/2021 9:38:19 AM,8.4,8.5,8.4,8.5,67900,0
THT,3/16/2021 9:10:48 AM,8.5,8.5,8.4,8.5,31000,0
THT,3/17/2021 9:34:04 AM,8.4,8.4,8.2,8.3,59000,0
THT,3/18/2021 9:02:50 AM,8.4,8.4,8.3,8.4,2700,0
THT,3/19/2021 11:15:18 AM,8.3,8.4,8.3,8.4,7900,0
THT,3/22/2021 9:12:35 AM,8.4,8.6,8.3,8.4,86500,0
THT,3/23/2021 9:00:39 AM,8.3,8.4,8.3,8.4,35400,0
THT,3/24/2021 9:10:11 AM,8.4,8.4,8.2,8.3,15200,0
THT,3/25/2021 9:35:55 AM,8.2,8.3,8.2,8.2,14200,0
THT,3/26/2021 9:06:16 AM,8.4,8.4,8,8.3,73700,0
THT,3/29/2021 10:29:57 AM,8.3,8.3,8.2,8.3,4300,0
THT,3/30/2021 9:19:37 AM,8.3,8.3,8.2,8.2,47400,0
THT,3/31/2021 9:00:59 AM,8.2,8.2,8.1,8.2,86400,0
THT,4/1/2021 9:05:31 AM,8.3,8.3,8.1,8.1,113500,0
THT,4/2/2021 9:49:25 AM,8.2,8.3,8.1,8.1,29300,0
THT,4/5/2021 9:07:23 AM,8.1,8.3,8,8.3,144900,0
THT,4/6/2021 9:00:44 AM,8.3,8.3,8,8.2,79900,0
THT,4/7/2021 9:00:48 AM,8.2,8.8,8.1,8.8,293700,0
THT,4/8/2021 9:00:50 AM,9,9.4,8.8,9.4,284600,0
THT,4/9/2021 9:00:30 AM,9.5,9.5,9,9.2,89800,0
THT,4/12/2021 9:00:21 AM,8.4,9.3,8.4,9.3,267900,0
THT,4/13/2021 9:20:06 AM,9.2,9.2,8.9,8.9,79400,0
THT,4/14/2021 9:09:03 AM,8.8,9,8.6,9,88600,0
THT,4/15/2021 9:02:49 AM,9.1,9.2,8.9,9.1,76800,0
THT,4/16/2021 9:27:42 AM,8.9,9,8.7,8.8,52000,0
THT,4/19/2021 9:02:53 AM,9,9,8.6,8.9,5000,0
THT,4/20/2021 9:05:52 AM,8.9,8.9,8.5,8.7,60000,0
THT,4/22/2021 9:15:07 AM,8.5,8.6,8.2,8.2,141300,0
THT,4/23/2021 9:09:24 AM,8.3,8.4,8.2,8.4,15500,0
THT,4/26/2021 9:08:30 AM,8.5,8.6,8.2,8.5,22700,0
THT,4/27/2021 9:02:04 AM,8.5,8.5,8.4,8.4,7000,0
THT,4/28/2021 9:05:54 AM,8.5,8.6,8.4,8.6,13200,0
THT,4/29/2021 9:00:08 AM,8.6,8.6,8.3,8.5,24400,0
THT,5/4/2021 9:00:24 AM,8.5,8.5,8.3,8.5,18400,0
THT,5/5/2021 9:17:53 AM,8.5,8.6,8.4,8.6,43100,0
THT,5/6/2021 10:09:02 AM,8.5,8.6,8.5,8.6,19400,0
THT,5/7/2021 9:14:28 AM,8.6,8.7,8.5,8.7,66300,0
THT,5/10/2021 9:01:55 AM,8.8,8.9,8.6,8.7,41800,0
THT,5/11/2021 9:10:43 AM,8.8,8.8,8.6,8.7,16800,0
THT,5/12/2021 9:02:01 AM,8.8,8.8,8.4,8.8,22700,0
THT,5/13/2021 9:05:51 AM,8.8,8.8,8.7,8.7,3700,0
THT,5/14/2021 9:09:26 AM,8.7,8.7,8.5,8.6,18300,0
THT,5/17/2021 9:00:32 AM,8.7,8.8,8.6,8.7,48000,0
THT,5/18/2021 9:01:50 AM,8.7,8.7,8.5,8.7,13400,0
THT,5/19/2021 9:04:59 AM,8.7,8.7,8.5,8.6,3800,0
THT,5/20/2021 9:02:55 AM,8.6,8.6,8.4,8.5,17700,0
THT,5/21/2021 9:09:29 AM,8.6,8.6,8.5,8.6,52300,0
THT,5/24/2021 9:05:32 AM,8.6,8.7,8.6,8.7,20800,0
THT,5/25/2021 9:00:33 AM,8.8,8.8,8.6,8.8,73700,0
THT,5/26/2021 9:04:29 AM,8.8,8.8,8.7,8.8,29700,0
THT,5/27/2021 9:07:31 AM,8.8,8.8,8.5,8.5,38700,0
THT,5/28/2021 9:01:01 AM,8.5,8.7,8.5,8.7,34100,0
THT,5/31/2021 9:04:56 AM,8.7,8.8,8.5,8.8,55500,0
THT,6/1/2021 9:00:04 AM,9.6,9.6,8.6,8.9,55600,0
THT,6/2/2021 9:19:14 AM,8.7,9,8.7,8.9,27600,0
THT,6/3/2021 9:00:08 AM,9.1,9.1,8.8,8.9,7100,0
THT,6/4/2021 9:06:44 AM,8.9,9.1,8.8,9.1,320100,0
THT,6/7/2021 9:00:51 AM,9.1,10,9.1,10,340600,0
THT,6/8/2021 9:00:22 AM,10,10.5,9.8,9.8,116900,0
THT,6/9/2021 9:00:04 AM,10.7,10.7,8.9,9.8,201000,0
THT,6/10/2021 9:00:39 AM,9.8,10.1,9.3,9.5,74800,0
THT,6/11/2021 9:01:12 AM,9.5,9.6,9.4,9.6,97000,0
THT,6/14/2021 9:00:10 AM,9.7,9.7,9.3,9.6,108200,0
THT,6/15/2021 9:04:20 AM,9.6,9.7,9.4,9.5,55100,0
THT,6/16/2021 9:00:12 AM,8.7,9.5,8.7,9.5,111000,0
THT,6/17/2021 9:05:26 AM,9.5,9.5,9.3,9.5,51000,0
THT,6/18/2021 9:00:50 AM,9.4,9.8,9.4,9.7,91400,0
THT,6/21/2021 9:00:14 AM,9.7,10.6,9.7,10.6,565700,0
THT,6/22/2021 9:00:29 AM,10.7,11,10.5,10.5,143800,0
THT,6/23/2021 9:00:24 AM,10.5,10.6,10.1,10.5,157400,0
THT,6/24/2021 9:06:24 AM,10.4,10.5,10.2,10.3,237700,0
THT,6/25/2021 9:00:42 AM,10.3,10.6,10.2,10.3,153800,0
THT,6/28/2021 9:00:17 AM,10.3,11.3,10.3,11.3,560100,0
THT,6/29/2021 9:00:22 AM,10.9,11.4,10.7,11.4,915000,0
THT,6/30/2021 9:00:24 AM,12.3,12.5,11.7,12,509000,0
THT,7/1/2021 9:00:45 AM,11.9,11.9,10.8,10.8,430300,0
THT,7/2/2021 9:01:01 AM,10.6,11,10,10.6,252200,0
THT,7/5/2021 9:02:44 AM,10.6,10.6,9.7,10,327900,0
THT,7/6/2021 9:00:27 AM,10,10,9.5,9.5,183900,0
THT,7/7/2021 9:11:17 AM,9.2,9.3,8.7,9,193400,0
THT,7/8/2021 9:01:40 AM,9.1,9.9,9.1,9.8,164000,0
THT,7/9/2021 9:00:37 AM,9.8,10.4,9.6,9.7,71400,0
THT,7/12/2021 9:05:08 AM,9.6,9.6,8.8,9,207200,0
THT,7/13/2021 9:04:37 AM,8.8,9.8,8.8,9.6,195600,0
THT,7/14/2021 9:04:57 AM,9.8,10.3,9.3,9.8,167600,0
THT,7/15/2021 9:07:14 AM,9.5,9.8,9.3,9.7,212200,0
THT,7/16/2021 9:04:00 AM,9.7,9.8,9.5,9.7,55500,0
THT,7/19/2021 9:01:16 AM,9.5,9.5,8.9,9.2,205200,0
THT,7/20/2021 9:00:54 AM,9,9.4,8.9,9.2,39100,0
THT,7/21/2021 9:04:04 AM,9.3,9.5,9,9,62100,0
THT,7/22/2021 9:00:47 AM,9,9.1,8.8,9.1,87900,0
THT,7/23/2021 9:26:12 AM,8.9,8.9,8.8,8.8,71600,0
THT,7/26/2021 9:06:35 AM,8.8,8.8,8.5,8.8,140400,0
THT,7/27/2021 9:00:10 AM,8.8,8.9,8.8,8.9,91200,0
THT,7/28/2021 9:03:02 AM,9,9,8.8,8.9,21600,0
THT,7/29/2021 9:05:41 AM,8.9,9.5,8.9,9.4,99400,0
THT,7/30/2021 9:00:16 AM,9.6,9.6,9.2,9.3,52500,0
THT,8/2/2021 9:00:25 AM,9.2,9.2,9,9.1,97700,0
THT,8/3/2021 9:15:25 AM,9,9.1,8.9,8.9,66500,0
THT,8/4/2021 9:02:53 AM,8.9,9,8.8,8.9,72300,0
THT,8/5/2021 9:09:49 AM,9,9.3,9,9.2,175100,0
THT,8/6/2021 9:01:12 AM,9.4,9.5,9.1,9.2,115800,0
THT,8/9/2021 9:20:21 AM,9.2,9.3,9,9.3,96700,0
THT,8/10/2021 9:15:47 AM,9.3,10.2,9.2,10.2,468500,0
THT,8/11/2021 9:00:08 AM,11.2,11.2,10.4,10.5,313700,0
THT,8/12/2021 9:00:10 AM,10.6,10.6,9.9,9.9,206700,0
THT,8/13/2021 9:00:10 AM,10.7,10.7,9.6,9.9,244200,0
THT,8/16/2021 9:03:06 AM,9.9,10.5,9.9,10.3,159700,0
THT,8/17/2021 9:05:44 AM,10.6,10.6,10,10,102700,0
THT,8/18/2021 9:04:11 AM,10,10.2,9.8,10.2,201800,0
THT,8/19/2021 9:05:32 AM,10.2,10.2,10,10.2,51900,0
THT,8/20/2021 9:00:37 AM,10.3,10.3,9.6,9.9,327800,0
THT,8/23/2021 9:27:37 AM,9.7,9.8,9.5,9.5,95200,0
THT,8/24/2021 9:02:02 AM,9.5,9.7,9.4,9.6,83900,0
THT,8/25/2021 9:00:35 AM,9.7,10.5,9.7,10.5,611200,0
THT,8/26/2021 9:00:18 AM,10.8,11.4,10.5,10.6,340700,0
THT,8/27/2021 9:06:24 AM,10.6,10.6,10.1,10.6,143200,0
THT,8/30/2021 9:09:03 AM,10.4,11.1,10.2,10.9,470200,0
THT,8/31/2021 9:00:07 AM,10.7,11.4,10.7,11.1,606700,0
THT,9/1/2021 9:00:38 AM,11.1,12.2,10.9,12.2,951900,0
THT,9/6/2021 9:00:04 AM,12.2,13.4,12.2,13.4,430200,0
THT,9/7/2021 9:00:40 AM,13.9,14.2,12.5,12.6,552300,0
THT,9/8/2021 9:00:17 AM,12.5,13,11.8,12.6,469500,0
THT,9/9/2021 9:09:21 AM,12.6,12.9,12.4,12.7,148400,0
THT,9/10/2021 9:18:41 AM,12.6,13.9,12.6,13.9,364200,0
THT,9/13/2021 9:00:18 AM,13.9,15.2,13.9,15.1,613400,0
THT,9/14/2021 9:00:23 AM,15.2,16.6,14.9,16.6,419100,0
THT,9/15/2021 9:00:17 AM,16.8,18.2,16.5,18.2,415700,0
THT,9/16/2021 9:00:24 AM,18.8,20,18.1,20,863700,0
THT,9/17/2021 9:00:11 AM,20,21.5,18.8,20,688300,0
THT,9/20/2021 9:00:57 AM,20,20,18.1,18.3,480600,0
THT,9/21/2021 9:01:24 AM,18,20.1,16.6,20.1,811100,0
THT,9/22/2021 9:00:06 AM,22,22,19.9,20,365000,0
THT,9/23/2021 9:00:14 AM,20,20,18.2,18.3,429900,0
THT,9/24/2021 9:00:11 AM,18.3,19.5,17.4,17.9,291400,0
THT,9/27/2021 9:01:29 AM,17.6,18.5,16.5,16.5,272300,0
THT,9/28/2021 9:01:51 AM,16.5,18.1,16.5,18.1,328200,0
THT,9/29/2021 9:00:26 AM,18.4,19.5,18.4,18.6,267500,0
THT,9/30/2021 9:05:04 AM,18.6,19,18.3,18.6,134800,0
THT,10/1/2021 9:01:02 AM,18.6,19.3,18.5,18.7,465100,0
THT,10/4/2021 9:00:10 AM,18.8,20.5,18.8,20.5,1116900,0
THT,10/5/2021 9:00:05 AM,20.5,22.3,19.5,19.6,642700,0
THT,10/6/2021 9:00:28 AM,19.7,20.3,18.6,19.7,735000,0
THT,10/7/2021 9:00:07 AM,19.5,19.7,18.8,18.8,572700,0
THT,10/8/2021 9:00:11 AM,18.8,19,18.2,18.2,478400,0
THT,10/11/2021 9:00:33 AM,18.2,19,18,18,313000,0
THT,10/12/2021 9:03:26 AM,18.2,18.5,17.8,18,279200,0
THT,10/13/2021 9:05:14 AM,18,18,17,17.3,348500,0
THT,10/14/2021 9:00:08 AM,17.3,18.2,17,18.1,307300,0
THT,10/15/2021 9:00:16 AM,19.8,19.8,17.7,17.7,154800,0
THT,10/18/2021 9:00:15 AM,17.7,17.8,17,17.2,305900,0
THT,10/19/2021 9:00:11 AM,17.2,17.3,16.9,17,197500,0
THT,10/20/2021 9:09:00 AM,16.8,16.8,15.7,16,392800,0
THT,10/21/2021 9:01:20 AM,16.1,16.1,14.5,14.8,475300,0
THT,10/22/2021 9:00:14 AM,14.8,16.2,13.6,16.2,596700,0
THT,10/25/2021 9:00:13 AM,17.8,17.8,15.7,16,251200,0
THT,10/26/2021 9:04:31 AM,15.4,15.7,15,15.6,182200,0
THT,10/27/2021 9:00:23 AM,15.2,15.7,15.1,15.6,129300,0
THT,10/28/2021 9:02:59 AM,15.6,15.9,15.4,15.6,144700,0
THT,10/29/2021 9:08:01 AM,15.7,15.9,15.3,15.5,191500,0
THT,11/1/2021 9:00:19 AM,15.7,15.7,15.1,15.1,175800,0
THT,11/2/2021 9:00:13 AM,14.8,15,14.6,14.8,235900,0
THT,11/3/2021 9:02:04 AM,14.8,14.8,14,14,388400,0
THT,11/4/2021 9:01:44 AM,14.2,15.3,14.2,14.5,172600,0
THT,11/5/2021 9:12:24 AM,14.5,14.9,14.5,14.8,73900,0
THT,11/8/2021 9:00:22 AM,14.8,14.8,14.2,14.3,245600,0
THT,11/9/2021 9:01:01 AM,14.5,14.9,14.4,14.5,139800,0
THT,11/10/2021 9:00:10 AM,14.7,14.7,14.4,14.6,145700,0
THT,11/11/2021 9:00:47 AM,14.6,15.9,14.6,15.8,584000,0
THT,11/12/2021 9:00:24 AM,15.8,16.9,15.8,16.8,648500,0
THT,11/15/2021 9:01:10 AM,16.9,17,16.3,16.4,327000,0
THT,11/16/2021 9:00:30 AM,16.3,16.3,15.5,15.9,350500,0
THT,11/17/2021 9:00:09 AM,15.7,16.3,15.5,16.3,368000,0
THT,11/18/2021 9:00:32 AM,16,16.3,15.7,15.7,216200,0
THT,11/19/2021 9:03:54 AM,15.7,15.7,14.5,14.9,309900,0
THT,11/22/2021 9:00:31 AM,14.5,14.9,13.6,13.8,395700,0
THT,11/23/2021 9:00:25 AM,13.7,14.6,13.2,14.6,186900,0
THT,11/24/2021 9:08:45 AM,14.6,14.6,14,14.2,128900,0
THT,11/25/2021 9:20:09 AM,14.1,14.3,14,14.2,108600,0
THT,11/26/2021 9:14:11 AM,14.2,14.2,14,14.2,169000,0
THT,11/29/2021 9:00:29 AM,14,14.2,13.4,13.9,188300,0
THT,11/30/2021 9:14:22 AM,14.1,14.2,13.9,14.1,141500,0
THT,12/1/2021 9:00:57 AM,14.1,14.2,13.9,14,85600,0
THT,12/2/2021 9:12:49 AM,14,14.6,14,14.1,132300,0
THT,12/3/2021 9:17:50 AM,14.1,14.2,13.8,14,97600,0
THT,12/6/2021 9:12:39 AM,14.1,14.1,13.4,13.4,112900,0
THT,12/7/2021 9:00:05 AM,13.6,13.7,13,13.4,136600,0
THT,12/8/2021 9:00:04 AM,14.5,14.5,13.4,13.5,74000,0
THT,12/9/2021 9:00:05 AM,14.2,14.2,13.5,13.7,60900,0
THT,12/10/2021 9:00:05 AM,15,15,13.5,13.6,52500,0
THT,12/13/2021 9:08:30 AM,13.6,13.7,13.3,13.4,106000,0
THT,12/14/2021 9:00:30 AM,13.4,13.5,13.3,13.4,52200,0
THT,12/15/2021 9:11:41 AM,13.5,13.9,13.3,13.5,108100,0
THT,12/16/2021 9:00:11 AM,14,14,13.3,13.4,66500,0
THT,12/17/2021 9:00:04 AM,13.1,13.4,13.1,13.3,83100,0
THT,12/20/2021 9:01:20 AM,13.3,13.4,12.8,13.4,135400,0
THT,12/21/2021 9:08:47 AM,13.5,13.5,13,13.1,49100,0
THT,12/22/2021 9:14:02 AM,13.1,13.3,13,13,108100,0
THT,12/23/2021 9:17:50 AM,13,13.2,12,13,106400,0
THT,12/24/2021 9:15:51 AM,12.8,12.9,12.6,12.6,63400,0
THT,12/27/2021 9:24:15 AM,12.8,12.8,12.5,12.6,54100,0
THT,12/28/2021 9:00:04 AM,13,13,12.3,12.5,76800,0
THT,12/29/2021 9:05:18 AM,12.7,13.7,12.5,13.7,190300,0
THT,12/30/2021 9:00:05 AM,14.3,15,13.7,15,367100,0
THT,12/31/2021 9:00:13 AM,15.5,15.7,14,14.3,204400,0
THT,1/4/2022 9:03:50 AM,14.3,14.3,13.6,14.2,139000,0
THT,1/5/2022 9:00:16 AM,14.2,14.6,13.8,13.9,94200,0
THT,1/6/2022 9:09:13 AM,13.9,13.9,13.6,13.8,225400,0
THT,1/7/2022 9:01:21 AM,13.9,14.2,13.9,14,104300,0
THT,1/10/2022 9:03:06 AM,14,14.1,13.5,13.5,93600,0
THT,1/11/2022 9:21:03 AM,13.5,14,13.5,13.5,91200,0
THT,1/12/2022 9:20:54 AM,13.4,13.5,13.1,13.4,91200,0
THT,1/13/2022 9:15:40 AM,13.4,13.7,13.2,13.3,30700,0
THT,1/14/2022 9:10:51 AM,13.3,13.5,13,13,83600,0
THT,1/17/2022 9:00:29 AM,13.3,13.7,13,13.1,95600,0
THT,1/18/2022 9:37:41 AM,13,13,12.7,12.9,50600,0
THT,1/19/2022 9:03:29 AM,12.7,12.9,12.6,12.8,50400,0
THT,1/20/2022 9:06:25 AM,12.8,12.9,12.4,12.8,74000,0
THT,1/21/2022 9:23:11 AM,13,13,12.6,12.8,82800,0
THT,1/24/2022 9:02:59 AM,12.6,12.8,12.6,12.7,54700,0
THT,1/25/2022 9:00:03 AM,12.7,12.7,12.4,12.7,35600,0
THT,1/26/2022 9:00:46 AM,12.7,12.8,12.5,12.5,45100,0
THT,1/27/2022 9:31:35 AM,12.5,12.5,12.4,12.5,24500,0
THT,1/28/2022 9:22:56 AM,12.5,12.6,12.4,12.5,48900,0
THT,2/7/2022 9:29:08 AM,12.8,13.2,12.6,13.1,21200,0
THT,2/8/2022 9:08:15 AM,13.1,13.3,13,13.3,33800,0
THT,2/9/2022 9:14:48 AM,13.3,13.4,13.2,13.3,34900,0
THT,2/10/2022 9:20:43 AM,13.3,13.3,13,13.2,33200,0
THT,2/11/2022 9:19:19 AM,13.2,14.5,13.1,14.5,282000,0
THT,2/14/2022 9:00:03 AM,15,15.4,14.4,14.4,208300,0
THT,2/15/2022 9:07:16 AM,14.4,14.7,14,14.3,54900,0
THT,2/16/2022 9:06:42 AM,14,14.3,13.5,14.1,83700,0
THT,2/17/2022 9:04:09 AM,13.8,14.1,13.5,13.9,96600,0
THT,2/18/2022 9:24:36 AM,13.6,13.8,13.5,13.8,61700,0
THT,2/21/2022 9:00:06 AM,13.8,13.8,13.6,13.7,44000,0
THT,2/22/2022 9:18:03 AM,13.7,13.7,13.5,13.7,54600,0
THT,2/23/2022 9:07:00 AM,13.7,14.7,13.7,14.2,203000,0
THT,2/24/2022 9:02:56 AM,14.2,14.6,14.1,14.4,354300,0
THT,2/25/2022 9:00:12 AM,14.6,15.3,14.6,15.2,498100,0
THT,2/28/2022 9:00:06 AM,15.5,16.7,15.3,16.7,719500,0
THT,3/1/2022 9:00:05 AM,17.3,17.9,16.3,16.7,525200,0
THT,3/2/2022 9:00:12 AM,16.5,17.1,16.4,16.8,357100,0
THT,3/3/2022 9:00:07 AM,17.5,18.4,17,18.4,1108900,0
THT,3/4/2022 9:00:05 AM,18.8,19.9,18,18,588500,0
THT,3/7/2022 9:00:59 AM,18.2,19.8,18.2,19.8,754300,0
THT,3/8/2022 9:00:05 AM,20.5,20.5,18.6,18.6,565200,0
THT,3/9/2022 9:00:10 AM,18.6,19.7,17.5,19.1,818500,0
THT,3/10/2022 9:00:04 AM,19.1,19.1,18.3,18.8,276200,0
THT,3/11/2022 9:00:06 AM,19.2,19.2,17.1,17.1,637100,0
THT,3/14/2022 9:00:04 AM,15.5,17.1,15.4,16.5,437800,0
THT,3/15/2022 9:00:07 AM,16.1,16.9,15.6,16.9,262900,0
THT,3/16/2022 9:00:05 AM,17,17,16.4,16.6,101700,0
THT,3/17/2022 9:00:08 AM,16.8,16.8,16,16.6,203600,0
THT,3/18/2022 9:01:39 AM,16.7,16.9,16.3,16.5,146000,0
THT,3/21/2022 9:04:53 AM,16.5,17,16.1,16.4,139400,0
THT,3/22/2022 9:00:02 AM,17.9,17.9,16.2,17.5,528600,0
THT,3/23/2022 9:03:07 AM,17.4,17.5,16.8,16.9,120600,0
THT,3/24/2022 9:03:30 AM,16.9,17.2,16.6,16.6,181600,0
THT,3/25/2022 9:02:04 AM,16.6,16.7,16.3,16.7,167000,0
THT,3/28/2022 9:00:14 AM,16.7,16.8,15.8,16.4,252000,0
THT,3/29/2022 9:00:44 AM,16.1,16.4,16,16.3,139900,0
THT,3/30/2022 9:05:08 AM,16.2,16.3,15.5,15.5,319900,0
THT,3/31/2022 9:00:21 AM,15.5,16.2,15.5,15.7,110800,0
THT,4/1/2022 9:05:58 AM,16,16,15.5,15.8,119800,0
THT,4/4/2022 9:00:07 AM,15.8,16.1,15.6,15.8,131100,0
THT,4/5/2022 9:26:39 AM,15.7,15.9,15,15.7,120500,0
THT,4/6/2022 9:03:15 AM,15.8,17,15.8,16.8,450000,0
THT,4/7/2022 9:00:16 AM,17.1,17.1,16.1,16.1,221900,0
THT,4/8/2022 9:14:58 AM,16.1,16.3,15.7,15.9,64200,0
THT,4/12/2022 9:00:07 AM,15.9,15.9,14.8,14.8,164700,0
THT,4/13/2022 9:00:02 AM,13.5,15.2,13.5,14.8,97100,0
THT,4/14/2022 9:06:33 AM,15,15.4,14.9,15,64100,0
THT,4/15/2022 9:02:02 AM,14.8,15.1,14.7,14.8,60100,0
THT,4/18/2022 9:00:06 AM,14.8,14.8,14.2,14.4,121500,0
THT,4/19/2022 9:05:35 AM,14.5,14.7,14.1,14.2,96700,0
THT,4/20/2022 9:09:55 AM,14.3,14.3,14,14.2,117100,0
THT,4/21/2022 9:00:03 AM,14,14.2,12.8,13.6,121100,0
THT,4/22/2022 9:13:04 AM,13.6,14.2,13.2,13.8,66900,0
THT,4/25/2022 9:11:31 AM,13.8,14.3,13,13,95300,0
THT,4/26/2022 9:07:10 AM,13,13.2,12.5,13.2,92700,0
THT,4/27/2022 9:00:58 AM,13.2,13.5,13.2,13.4,60000,0
THT,4/28/2022 9:22:02 AM,13.6,13.8,13.5,13.6,27900,0
THT,4/29/2022 9:00:06 AM,13.6,13.9,13.6,13.8,49200,0
THT,5/4/2022 9:02:24 AM,13.6,14.5,13.5,14.5,86300,0
THT,5/5/2022 9:10:54 AM,14.6,15,14.2,14.7,51800,0
THT,5/6/2022 9:00:08 AM,14.5,14.7,13.6,14.2,53600,0
THT,5/9/2022 9:06:52 AM,14.6,14.6,13.6,13.6,102200,0
THT,5/10/2022 9:00:07 AM,13.6,14.1,13.2,14,56600,0
THT,5/11/2022 9:06:08 AM,14.2,14.3,13.9,14,20500,0
THT,5/12/2022 9:32:50 AM,14.2,14.2,13.3,13.5,21700,0
THT,5/13/2022 9:17:32 AM,13.5,13.6,12.9,12.9,32700,0
THT,5/16/2022 9:02:40 AM,12.9,13.4,12.8,13.2,31400,0
THT,5/17/2022 9:41:34 AM,12.9,14,12.9,13.5,54800,0
THT,5/18/2022 9:25:02 AM,13.8,13.8,13.5,13.8,18200,0
THT,5/19/2022 9:05:37 AM,13.4,13.8,13.3,13.7,35000,0
THT,5/20/2022 9:18:19 AM,13.7,14.1,13.7,14,77000,0
THT,5/23/2022 9:15:55 AM,14.2,14.2,13.7,13.7,66800,0
THT,5/24/2022 9:20:11 AM,13.8,13.9,13.7,13.9,48800,0
THT,5/25/2022 9:28:16 AM,13.8,14.2,13.8,14,38500,0
THT,5/26/2022 9:06:49 AM,13.9,15,13.9,14.6,79500,0
THT,5/27/2022 9:00:05 AM,14.5,14.8,14.5,14.7,42000,0
THT,5/30/2022 9:01:37 AM,14.8,15,14.7,14.8,56100,0
THT,5/31/2022 9:06:51 AM,14.8,14.9,14.6,14.9,34500,0
THT,6/1/2022 9:01:16 AM,15,16.3,15,16.3,330800,0
THT,6/2/2022 9:01:35 AM,16.3,16.4,15.8,16,104400,0
THT,6/3/2022 9:04:07 AM,15.8,15.9,15.3,15.5,104300,0
THT,6/6/2022 9:00:04 AM,15.6,16.3,15.3,15.9,161300,0
THT,6/7/2022 9:00:15 AM,15.8,16.3,15.8,16.1,187000,0
THT,6/8/2022 9:01:18 AM,16.2,16.7,16.1,16.5,167400,0
THT,6/9/2022 9:00:05 AM,15.8,15.8,14.7,14.8,108200,0
THT,6/10/2022 9:01:58 AM,14.8,15.3,14.5,14.8,98600,0
THT,6/13/2022 9:00:04 AM,14.5,14.5,13.4,13.4,179800,0
THT,6/14/2022 9:00:57 AM,13.1,13.5,12.8,13,125400,0
THT,6/15/2022 9:06:40 AM,12.9,13.1,11.9,12,159900,0
THT,6/16/2022 9:04:44 AM,12.3,12.6,11.9,12.4,62700,0
THT,6/17/2022 9:00:04 AM,12.2,12.2,11.3,11.8,42000,0
THT,6/20/2022 9:01:36 AM,11.2,12,11.2,11.5,82000,0
THT,6/21/2022 9:09:06 AM,11.7,11.9,11.3,11.5,70200,0
THT,6/22/2022 9:04:08 AM,11.5,11.8,11.4,11.5,46600,0
THT,6/23/2022 9:03:47 AM,11.4,11.7,11.4,11.6,29800,0
THT,6/24/2022 9:12:43 AM,11.8,12,11.7,11.8,22900,0
THT,6/27/2022 10:02:20 AM,11.7,12,11.7,11.9,28200,0
THT,6/28/2022 9:07:06 AM,12,12.1,11.8,12,87000,0
THT,6/29/2022 9:42:24 AM,12,12,11.8,12,28700,0
THT,6/30/2022 10:01:44 AM,12,12.6,12,12,45300,0
THT,7/1/2022 9:04:45 AM,11.8,12.1,11.6,12.1,38700,0
THT,7/4/2022 9:36:48 AM,12,12,11.9,11.9,24500,0
THT,7/5/2022 9:30:24 AM,11.8,11.8,11.6,11.8,32500,0
THT,7/6/2022 9:06:46 AM,11.8,12,11.7,11.8,29300,0
THT,7/7/2022 9:23:49 AM,11.8,12.1,11.8,11.9,27200,0
THT,7/8/2022 9:16:21 AM,12,12.1,11.9,12,21100,0
THT,7/11/2022 9:12:20 AM,12.1,12.2,11.9,12,73500,0
THT,7/12/2022 9:04:38 AM,11.9,12.3,11.9,12.2,13200,0
THT,7/13/2022 9:34:59 AM,12.3,12.4,12.2,12.4,28200,0
THT,7/14/2022 9:07:57 AM,12.4,13.5,12.3,13.4,103800,0
THT,7/15/2022 9:21:31 AM,13.1,13.2,12.8,12.8,27700,0
THT,7/18/2022 9:02:57 AM,13.1,13.1,12.5,12.5,23400,0
THT,7/19/2022 9:38:53 AM,12.3,12.4,11.9,12.3,53500,0
THT,7/20/2022 9:09:44 AM,12.4,12.7,12.1,12.5,40300,0
THT,7/21/2022 9:16:08 AM,12.3,12.7,12.3,12.5,31100,0
THT,7/22/2022 9:08:26 AM,12.5,12.5,12.1,12.3,19000,0
THT,7/25/2022 9:21:59 AM,12.3,12.3,11.9,11.9,50000,0
THT,7/26/2022 9:00:03 AM,11.6,12.2,11.6,12.2,26400,0
THT,7/27/2022 9:00:24 AM,12.2,12.2,11.9,12.1,4600,0
THT,7/28/2022 9:05:10 AM,12.2,12.4,12.1,12.1,30300,0
THT,7/29/2022 9:32:05 AM,12.2,12.4,12,12,32900,0
THT,8/1/2022 9:26:07 AM,12,12,11.9,12,52400,0
THT,8/2/2022 9:23:07 AM,12.1,12.2,12.1,12.2,37500,0
THT,8/3/2022 9:10:56 AM,12.4,12.4,12.2,12.3,10300,0
THT,8/4/2022 9:00:16 AM,12.5,12.6,12.3,12.4,31100,0
THT,8/5/2022 9:25:29 AM,12.3,12.4,12.1,12.3,50200,0
THT,8/8/2022 9:00:26 AM,12.2,12.3,12.1,12.2,59800,0
THT,8/9/2022 9:00:36 AM,12.3,12.9,12.3,12.6,108100,0
THT,8/10/2022 9:06:45 AM,12.7,12.7,12.4,12.4,22200,0
THT,8/11/2022 9:00:07 AM,12.6,12.7,12.3,12.4,55500,0
THT,8/12/2022 9:01:14 AM,12.5,12.5,12.3,12.5,54200,0
THT,8/15/2022 9:01:38 AM,12.5,12.9,12.5,12.7,101700,0
THT,8/16/2022 9:00:12 AM,12.7,12.8,12.4,12.6,33800,0
THT,8/17/2022 9:28:24 AM,12.5,12.6,12.4,12.4,53200,0
THT,8/18/2022 9:03:33 AM,12.3,12.4,12.3,12.3,25700,0
THT,8/19/2022 9:18:09 AM,12.3,12.4,12.2,12.3,43400,0
THT,8/22/2022 9:19:48 AM,12.3,12.4,12.1,12.3,36000,0
THT,8/23/2022 9:00:04 AM,12.3,12.6,12.2,12.5,71500,0
THT,8/24/2022 9:06:43 AM,12.6,12.6,12.4,12.4,17900,0
THT,8/25/2022 9:14:47 AM,12.5,12.6,12.4,12.5,51100,0
THT,8/26/2022 9:02:13 AM,12.5,13,12.5,12.7,185900,0
THT,8/29/2022 9:00:10 AM,12.7,12.7,12.4,12.6,89900,0
THT,8/30/2022 9:00:47 AM,12.8,13,12.6,12.8,117700,0
THT,8/31/2022 9:04:43 AM,12.8,12.9,12.7,12.9,116500,0
THT,9/5/2022 9:00:14 AM,12.9,13.5,12.9,13.2,144000,0
THT,9/6/2022 9:00:58 AM,13.5,13.6,13,13.1,103400,0
THT,9/7/2022 9:04:09 AM,13.1,13.1,12.5,12.5,79100,0
THT,9/8/2022 9:00:16 AM,12.5,12.7,12.5,12.5,89400,0
THT,9/9/2022 9:34:30 AM,12.6,12.7,12.5,12.7,24000,0
THT,9/12/2022 9:07:39 AM,12.7,12.9,12.7,12.9,32900,0
