VPS,12/19/2017 9:15:00 AM,19.87,19.87,19.38,19.38,1110,0
VPS,12/20/2017 9:15:00 AM,19.82,19.82,18.03,18.03,2690,0
VPS,12/21/2017 9:30:00 AM,17.01,17.01,17.01,17.01,10,0
VPS,12/25/2017 9:50:00 AM,18.12,18.12,17.45,17.45,340,0
VPS,12/26/2017 9:50:00 AM,17.35,17.35,17.35,17.35,20,0
VPS,12/27/2017 10:40:00 AM,17.4,17.4,17.35,17.4,830,0
VPS,12/29/2017 1:10:00 PM,16.57,18.42,16.48,18.42,2010,0
VPS,1/2/2018 9:20:00 AM,19.38,19.68,18.42,18.42,110,0
VPS,1/3/2018 9:50:00 AM,18.9,18.9,18.9,18.9,20,0
VPS,1/4/2018 9:40:00 AM,17.59,17.59,17.59,17.59,1010,0
VPS,1/5/2018 2:45:00 PM,17.59,17.59,17.59,17.59,30,0
VPS,1/8/2018 2:05:00 PM,17.59,17.59,17.59,17.59,20,0
VPS,1/9/2018 10:15:00 AM,17.64,17.64,16.67,16.67,3500,0
VPS,1/10/2018 2:45:00 PM,15.99,15.99,15.99,15.99,1250,0
VPS,1/11/2018 2:45:00 PM,17.01,17.01,17.01,17.01,10,0
VPS,1/12/2018 1:00:00 PM,16.33,17.01,16.09,17.01,3440,0
VPS,1/15/2018 9:35:00 AM,16.96,16.96,16.09,16.96,1060,0
VPS,1/16/2018 9:15:00 AM,16.96,16.96,16.48,16.96,1620,0
VPS,1/17/2018 10:05:00 AM,16.96,18.08,16.96,18.08,130,0
VPS,1/18/2018 9:15:00 AM,16.82,17.06,16.82,17.06,1000,0
VPS,1/19/2018 2:45:00 PM,16.48,16.48,16.48,16.48,10,0
VPS,1/26/2018 2:05:00 PM,16.53,17.45,16.48,17.45,280,0
VPS,1/30/2018 9:20:00 AM,16.57,17.45,16.57,17.45,20,0
VPS,2/1/2018 10:20:00 AM,16.53,16.53,16.53,16.53,300,0
VPS,2/2/2018 10:50:00 AM,16.53,17.06,15.41,17.06,250,0
VPS,2/5/2018 1:15:00 PM,16.04,17.06,16.04,17.06,1010,0
VPS,2/6/2018 10:45:00 AM,15.9,18.22,15.9,18.22,110,0
VPS,2/7/2018 10:45:00 AM,16.96,16.96,16.96,16.96,500,0
VPS,2/8/2018 9:25:00 AM,17.3,17.45,15.8,17.45,1430,0
VPS,2/9/2018 9:40:00 AM,16.23,17.01,16.23,17.01,1030,0
VPS,2/21/2018 2:45:00 PM,16.04,16.04,16.04,16.04,10,0
VPS,2/23/2018 11:00:00 AM,16.14,17.11,16.14,17.11,20,0
VPS,2/26/2018 9:25:00 AM,16.19,17.06,16.19,17.06,20,0
VPS,2/27/2018 2:45:00 PM,16.33,16.33,16.33,16.33,40,0
VPS,2/28/2018 9:30:00 AM,16.33,16.33,16.23,16.23,750,0
VPS,3/1/2018 1:15:00 PM,15.85,16.48,15.85,16.48,20,0
VPS,3/2/2018 9:10:00 AM,16.48,16.48,16.48,16.48,10,0
VPS,3/5/2018 11:10:00 AM,16.48,17.3,16.48,17.3,100,0
VPS,3/6/2018 2:45:00 PM,17.25,17.25,17.25,17.25,20,0
VPS,3/7/2018 1:05:00 PM,16.48,16.48,16.48,16.48,10,0
VPS,3/9/2018 10:25:00 AM,16.48,17.06,16.48,17.01,3050,0
VPS,3/13/2018 1:45:00 PM,16.57,16.57,16.57,16.57,860,0
VPS,3/14/2018 9:40:00 AM,16.86,16.86,16.86,16.86,20,0
VPS,3/21/2018 1:40:00 PM,16.62,16.62,16.48,16.48,40,0
VPS,3/22/2018 2:45:00 PM,16.48,16.48,16.48,16.48,10,0
VPS,3/23/2018 11:20:00 AM,16.28,16.28,15.99,15.99,1300,0
VPS,3/26/2018 9:35:00 AM,16.43,16.43,16.43,16.43,10,0
VPS,3/28/2018 2:05:00 PM,16.43,16.48,15.51,15.51,30,0
VPS,3/30/2018 10:55:00 AM,16.48,16.57,16.48,16.57,140,0
VPS,4/2/2018 9:10:00 AM,16.86,16.86,16.48,16.48,500,0
VPS,4/3/2018 9:15:00 AM,15.8,15.8,15.8,15.8,540,0
VPS,4/5/2018 10:35:00 AM,15.8,15.99,15.8,15.99,1870,0
VPS,4/6/2018 9:15:00 AM,14.88,16.53,14.88,16.53,20,0
VPS,4/9/2018 9:15:00 AM,15.51,16.48,15.51,16.48,20,0
VPS,4/10/2018 1:15:00 PM,15.99,15.99,15.99,15.99,30,0
VPS,4/11/2018 2:15:00 PM,16.43,16.43,16.43,16.43,10,0
VPS,4/12/2018 1:50:00 PM,15.51,16.14,15.51,16.14,110,0
VPS,4/13/2018 9:20:00 AM,15.02,16.43,15.02,16.19,1980,0
VPS,4/16/2018 9:15:00 AM,15.07,16.43,15.07,16.43,3000,0
VPS,4/18/2018 9:55:00 AM,15.31,16.33,15.31,16.33,320,0
VPS,4/19/2018 9:15:00 AM,16.38,16.38,15.22,15.22,2760,0
VPS,4/20/2018 10:35:00 AM,16.23,16.23,16.23,16.23,10,0
VPS,4/24/2018 2:45:00 PM,16.23,16.23,16.23,16.23,20,0
VPS,5/8/2018 9:45:00 AM,15.12,16.23,15.12,16.23,510,0
VPS,5/11/2018 9:35:00 AM,15.12,16.14,15.12,16.14,1370,0
VPS,5/16/2018 2:45:00 PM,15.07,15.07,15.07,15.07,300,0
VPS,5/17/2018 9:20:00 AM,15.07,15.07,14.05,14.05,3390,0
VPS,5/18/2018 9:45:00 AM,13.62,14.97,13.18,14.97,1030,0
VPS,5/21/2018 9:20:00 AM,14.97,14.97,14.97,14.97,1000,0
VPS,5/22/2018 2:45:00 PM,13.96,13.96,13.96,13.96,10,0
VPS,5/23/2018 10:20:00 AM,14.83,14.83,14.83,14.83,10,0
VPS,5/25/2018 9:30:00 AM,14.97,14.97,14.97,14.97,10,0
VPS,5/29/2018 10:40:00 AM,13.96,14.49,13.96,14.49,310,0
VPS,5/30/2018 2:45:00 PM,14.93,14.93,14.93,14.93,10,0
VPS,5/31/2018 9:25:00 AM,14.01,15.9,13.91,15.41,2110,0
VPS,6/1/2018 9:20:00 AM,15.75,15.75,15.75,15.75,10,0
VPS,6/4/2018 9:35:00 AM,16.6,16.6,16.6,16.6,10,0
VPS,6/5/2018 10:30:00 AM,15.45,16.45,15.45,16.45,20,0
VPS,6/6/2018 9:20:00 AM,15.3,16.45,15.3,16.45,330,0
VPS,6/7/2018 9:25:00 AM,15.3,16.3,15.3,16.3,800,0
VPS,6/11/2018 10:20:00 AM,15.2,15.95,15.2,15.95,120,0
VPS,6/13/2018 1:40:00 PM,14.85,15.5,14.85,15.5,20,0
VPS,6/15/2018 9:20:00 AM,14.45,15,14.45,15,440,0
VPS,6/19/2018 9:30:00 AM,13.95,15.6,13.95,15.6,1050,0
VPS,6/21/2018 9:20:00 AM,13.4,15.4,13.4,15.4,340,0
VPS,6/25/2018 2:15:00 PM,15.35,15.35,15.35,15.35,40,0
VPS,6/26/2018 9:15:00 AM,14.3,14.3,14.3,14.3,1380,0
VPS,6/27/2018 9:30:00 AM,15.25,15.3,14.25,14.25,260,0
VPS,6/28/2018 2:25:00 PM,14.35,14.35,13.5,13.5,60,0
VPS,6/29/2018 2:35:00 PM,14.4,14.4,13.45,13.45,90,0
VPS,7/2/2018 1:20:00 PM,12.7,14.35,12.7,14.35,1130,0
VPS,7/3/2018 9:15:00 AM,13.5,14.65,13.5,14.65,20,0
VPS,7/5/2018 9:55:00 AM,13.65,14.5,13.65,14.5,460,0
VPS,7/6/2018 9:15:00 AM,13.5,15.2,13.5,15.1,120,0
VPS,7/9/2018 9:15:00 AM,14.05,15.2,14.05,15.2,130,0
VPS,7/10/2018 9:15:00 AM,14.15,15.25,14.15,15.25,110,0
VPS,7/12/2018 9:15:00 AM,14.9,14.9,13.25,13.25,50,0
VPS,7/13/2018 9:15:00 AM,12.35,14.1,12.35,12.7,570,0
VPS,7/16/2018 9:15:00 AM,13.4,13.4,12.7,13.2,920,0
VPS,7/17/2018 9:15:00 AM,14,14,12.3,13.8,90,0
VPS,7/19/2018 10:10:00 AM,13.35,14.35,13.35,14.35,20,0
VPS,7/20/2018 9:20:00 AM,13.35,13.35,13.35,13.35,290,0
VPS,7/23/2018 9:15:00 AM,12.9,12.9,12.45,12.45,1030,0
VPS,7/24/2018 9:20:00 AM,11.8,12.6,11.8,12.6,20,0
VPS,7/26/2018 9:20:00 AM,11.9,13.6,11.9,13.6,2530,0
VPS,7/31/2018 9:15:00 AM,13.85,13.85,13.85,13.85,60,0
VPS,8/1/2018 9:15:00 AM,13.9,13.9,12.9,13.8,2130,0
VPS,8/7/2018 9:40:00 AM,11.9,12.95,11.65,12.95,8510,0
VPS,8/8/2018 1:15:00 PM,13.75,13.75,13.2,13.2,430,0
VPS,8/10/2018 1:00:00 PM,13.55,14.5,13.55,14.5,1020,0
VPS,8/20/2018 1:05:00 PM,11.95,13,11.95,13,960,0
VPS,8/21/2018 1:00:00 PM,13.8,13.8,12,13.75,60,0
VPS,8/22/2018 9:15:00 AM,13.95,13.95,12.8,12.8,950,0
VPS,8/23/2018 10:30:00 AM,12.7,13.6,12.7,13.6,30,0
VPS,8/24/2018 9:25:00 AM,12.65,13.45,12.65,13.45,2800,0
VPS,8/27/2018 11:20:00 AM,13,13,12.55,12.55,1120,0
VPS,8/28/2018 9:20:00 AM,11.85,12.9,11.85,12.9,2120,0
VPS,8/29/2018 9:15:00 AM,13.15,13.15,12,12,70,0
VPS,8/31/2018 10:05:00 AM,12.05,12.75,12.05,12.05,1210,0
VPS,9/4/2018 10:00:00 AM,11.4,11.4,11.25,11.25,1480,0
VPS,9/5/2018 9:15:00 AM,11.15,11.8,11.15,11.8,150,0
VPS,9/6/2018 1:45:00 PM,11.8,12.55,11.8,12.55,1030,0
VPS,9/10/2018 1:40:00 PM,12.1,12.1,12.1,12.1,120,0
VPS,9/12/2018 2:05:00 PM,11.9,12.2,11.9,12.2,120,0
VPS,9/14/2018 9:20:00 AM,11.5,12.05,11.45,12.05,470,0
VPS,9/17/2018 1:35:00 PM,11.4,12.85,11.4,12.85,130,0
VPS,9/20/2018 2:25:00 PM,12.7,12.7,12.65,12.65,30,0
VPS,9/21/2018 9:20:00 AM,11.8,12.6,11.8,12.6,190,0
VPS,9/28/2018 11:00:00 AM,12,12.3,12,12.3,20,0
VPS,10/2/2018 10:05:00 AM,12.25,12.25,11.85,11.85,160,0
VPS,10/29/2018 9:10:00 AM,13,13,12.1,12.9,60,0
VPS,11/27/2018 2:15:00 PM,12.75,12.75,12.75,12.75,1020,0
VPS,12/4/2018 9:10:00 AM,11.75,12,11.75,12,130,0
VPS,12/19/2018 9:10:00 AM,11.7,12.5,11.7,12.5,20,0
VPS,12/26/2018 1:35:00 PM,11.6,12.35,11.6,12.35,660,0
VPS,12/27/2018 9:10:00 AM,11.5,12.75,11.5,12.75,8480,0
VPS,1/7/2019 9:10:00 AM,11.5,11.5,10.7,10.7,1220,0
VPS,1/8/2019 9:10:00 AM,10.7,10.7,9.96,9.96,1020,0
VPS,1/10/2019 1:10:00 PM,10.65,10.65,10.2,10.2,1350,0
VPS,1/11/2019 9:10:00 AM,10.2,10.9,10.2,10.9,5130,0
VPS,1/17/2019 9:10:00 AM,11.45,11.8,11.45,11.8,1210,0
VPS,1/18/2019 9:10:00 AM,10.65,12.1,10.65,12.05,1020,0
VPS,1/21/2019 9:10:00 AM,12.05,12.05,12.05,12.05,500,0
VPS,1/31/2019 9:35:00 AM,12.7,12.7,11.1,11.1,510,0
VPS,2/11/2019 9:45:00 AM,11.1,11.85,11.1,11.85,110,0
VPS,2/12/2019 9:45:00 AM,11.05,11.05,11.05,11.05,350,0
VPS,2/15/2019 10:15:00 AM,11.7,11.7,10.5,10.5,20,0
VPS,3/4/2019 2:15:00 PM,10.6,10.6,10.6,10.6,510,0
VPS,3/6/2019 10:10:00 AM,11.65,11.65,11,11,30,0
VPS,3/14/2019 1:55:00 PM,12,12,11.6,11.6,520,0
VPS,3/19/2019 10:40:00 AM,11.9,11.95,11.9,11.95,390,0
VPS,3/20/2019 9:40:00 AM,11.9,11.9,11.9,11.9,160,0
VPS,3/26/2019 9:55:00 AM,11.1,11.1,11.1,11.1,540,0
VPS,4/4/2019 9:10:00 AM,12,12,12,12,100,0
VPS,4/9/2019 1:05:00 PM,12,12,12,12,200,0
VPS,4/10/2019 1:20:00 PM,12,12,12,12,10,0
VPS,5/2/2019 11:15:00 AM,11.5,11.9,11.5,11.9,330,0
VPS,5/15/2019 9:10:00 AM,10,10,9.77,9.77,4220,0
VPS,5/17/2019 9:30:00 AM,10.8,10.8,10.8,10.8,20,0
VPS,5/20/2019 9:10:00 AM,10.25,10.5,10.25,10.5,210,0
VPS,5/22/2019 2:00:00 PM,9.77,9.77,9.77,9.77,3190,0
VPS,5/23/2019 9:15:00 AM,10.75,10.75,10.75,10.75,20,0
VPS,5/24/2019 1:00:00 PM,10.5,10.65,10.4,10.65,180,0
VPS,5/27/2019 9:10:00 AM,9.91,9.91,9.91,9.91,1000,0
VPS,5/29/2019 1:50:00 PM,10.25,10.25,9.2,9.2,40,0
VPS,6/20/2019 9:10:00 AM,11,11,10.9,10.9,30,0
VPS,6/28/2019 9:20:00 AM,10.5,10.5,9.78,9.78,40,0
VPS,7/1/2019 9:10:00 AM,9.78,10.1,9.78,10.1,1440,0
VPS,7/2/2019 2:20:00 PM,10,10,10,10,50,0
VPS,7/3/2019 10:30:00 AM,10.1,10.15,10,10,570,0
VPS,7/4/2019 10:00:00 AM,10,10,10,10,110,0
VPS,7/5/2019 9:15:00 AM,10,10,9.9,10,360,0
VPS,7/8/2019 11:05:00 AM,10,10,9.8,9.8,310,0
VPS,7/9/2019 2:40:00 PM,10.1,10.1,10.1,10.1,100,0
VPS,7/10/2019 10:05:00 AM,10.1,10.1,10.1,10.1,310,0
VPS,7/11/2019 1:55:00 PM,10.1,10.5,10.1,10.4,1120,0
VPS,7/12/2019 2:15:00 PM,10.4,10.4,10.4,10.4,10,0
VPS,7/15/2019 9:25:00 AM,10.75,10.75,10.75,10.75,50,0
VPS,7/17/2019 9:20:00 AM,10.4,10.4,10.4,10.4,20,0
VPS,7/18/2019 2:45:00 PM,10.4,10.4,10.4,10.4,20,0
VPS,7/19/2019 10:45:00 AM,9.9,10.4,9.9,10.4,160,0
VPS,7/23/2019 10:30:00 AM,10,10,10,10,50,0
VPS,7/25/2019 9:55:00 AM,9.77,10,9.77,10,50,0
VPS,7/26/2019 2:45:00 PM,11.3,11.3,11.3,11.3,10,0
VPS,7/31/2019 1:25:00 PM,11.3,11.3,11.3,11.3,360,0
VPS,8/6/2019 10:45:00 AM,11.3,11.3,11.3,11.3,100,0
VPS,8/12/2019 11:15:00 AM,11,11,10.55,10.55,1380,0
VPS,8/13/2019 1:15:00 PM,10.45,10.45,10.45,10.45,40,0
VPS,8/14/2019 9:40:00 AM,9.72,9.72,9.72,9.72,90,0
VPS,8/15/2019 1:15:00 PM,10.45,10.45,10.45,10.45,10,0
VPS,8/16/2019 1:00:00 PM,11.15,11.15,11.15,11.15,10,0
VPS,8/19/2019 2:45:00 PM,10.4,10.4,10.4,10.4,60,0
VPS,8/20/2019 11:05:00 AM,9.68,9.68,9.68,9.68,10,0
VPS,8/21/2019 2:45:00 PM,11,11,11,11,20,0
VPS,8/26/2019 9:15:00 AM,10.25,10.25,10.25,10.25,50,0
VPS,8/28/2019 9:15:00 AM,10,10,10,10,4140,0
VPS,9/3/2019 10:10:00 AM,11.65,11.65,11.65,11.65,2000,0
VPS,9/5/2019 9:20:00 AM,12.45,12.45,12.45,12.45,10,0
VPS,9/9/2019 1:35:00 PM,11.8,11.8,11.8,11.8,270,0
VPS,9/10/2019 1:25:00 PM,11.5,11.5,11.5,11.5,900,0
VPS,9/13/2019 9:20:00 AM,12.3,12.3,12.3,12.3,10,0
VPS,9/16/2019 10:20:00 AM,10.7,10.7,10.7,10.7,20,0
VPS,9/17/2019 9:25:00 AM,11.4,11.4,11.4,11.4,4500,0
VPS,9/19/2019 9:15:00 AM,12.8,12.8,12.2,12.2,50,0
VPS,9/20/2019 11:20:00 AM,12.2,12.2,12.2,12.2,50,0
VPS,9/23/2019 9:15:00 AM,12.2,12.2,12.2,12.2,10,0
VPS,9/24/2019 10:00:00 AM,12.2,12.2,12.2,12.2,150,0
VPS,9/25/2019 9:50:00 AM,11.7,11.7,11.7,11.7,1620,0
VPS,10/2/2019 9:55:00 AM,11.7,11.7,11.7,11.7,2700,0
VPS,10/4/2019 2:45:00 PM,12.3,12.3,12.3,12.3,10,0
VPS,10/7/2019 2:45:00 PM,12.5,12.5,12.5,12.5,10,0
VPS,10/8/2019 2:45:00 PM,12.7,12.7,12.7,12.7,10,0
VPS,10/9/2019 10:20:00 AM,13.55,13.55,13.55,13.55,20,0
VPS,10/10/2019 10:20:00 AM,12.65,12.65,12.65,12.65,10,0
VPS,10/14/2019 10:35:00 AM,12.65,12.65,12.65,12.65,50,0
VPS,10/21/2019 9:25:00 AM,12.65,12.65,12.65,12.65,10,0
VPS,10/30/2019 10:55:00 AM,12.6,12.6,12.6,12.6,300,0
VPS,10/31/2019 9:15:00 AM,11.75,11.75,11.75,11.75,130,0
VPS,11/1/2019 9:20:00 AM,10.95,10.95,10.95,10.95,140,0
VPS,11/4/2019 10:00:00 AM,10.8,10.8,10.2,10.2,2980,0
VPS,11/5/2019 9:40:00 AM,10.9,10.9,10.9,10.9,300,0
VPS,11/6/2019 9:25:00 AM,11.6,11.6,11.6,11.6,10,0
VPS,11/7/2019 9:15:00 AM,10.8,10.8,10.8,10.8,20,0
VPS,11/12/2019 9:25:00 AM,11.55,11.55,11.55,11.55,10,0
VPS,11/13/2019 10:35:00 AM,10.1,10.1,10.1,10.1,200,0
VPS,11/14/2019 10:20:00 AM,10.1,10.1,10.1,10.1,720,0
VPS,11/18/2019 2:20:00 PM,10,10,10,10,800,0
VPS,11/19/2019 10:45:00 AM,9.4,9.4,9.4,9.4,10,0
VPS,11/20/2019 2:20:00 PM,9.5,9.5,9.5,9.5,10,0
VPS,11/21/2019 9:20:00 AM,10,10,10,10,940,0
VPS,11/26/2019 1:00:00 PM,10,10,10,10,20,0
VPS,11/28/2019 1:00:00 PM,10.7,10.7,10.7,10.7,20,0
VPS,11/29/2019 1:10:00 PM,10.7,10.7,10.7,10.7,1000,0
VPS,12/2/2019 1:00:00 PM,10.7,10.7,10.7,10.7,2870,0
VPS,12/3/2019 1:05:00 PM,12,12,12,12,510,0
VPS,12/4/2019 9:15:00 AM,12.75,12.75,12.75,12.75,10,0
VPS,12/9/2019 9:40:00 AM,12.75,13.55,12.75,12.75,1050,0
VPS,12/13/2019 9:30:00 AM,12.7,12.7,12.7,12.7,200,0
VPS,12/24/2019 2:15:00 PM,11.85,11.85,11.85,11.85,10,0
VPS,12/26/2019 10:30:00 AM,11.05,11.05,11.05,11.05,10,0
VPS,12/27/2019 9:25:00 AM,10.4,10.4,10.4,10.4,60,0
VPS,12/30/2019 10:55:00 AM,11,11,11,11,10,0
VPS,12/31/2019 1:30:00 PM,10.25,10.25,10.25,10.25,80,0
VPS,1/2/2020 10:00:00 AM,10.9,10.9,10.9,10.9,20,0
VPS,1/3/2020 2:25:00 PM,10.15,10.15,10.15,10.15,10,0
VPS,1/6/2020 2:10:00 PM,10,10,10,10,30,0
VPS,1/8/2020 1:50:00 PM,10.15,10.15,8.84,10.15,1920,0
VPS,1/9/2020 9:15:00 AM,10.15,10.85,9.44,9.44,350,0
VPS,1/10/2020 9:25:00 AM,11.6,11.6,11.6,11.6,10,0
VPS,1/13/2020 9:15:00 AM,12.4,12.4,10.8,12.35,160,0
VPS,1/16/2020 9:15:00 AM,13.15,13.15,13.15,13.15,10,0
VPS,1/17/2020 9:40:00 AM,12.25,12.25,12.25,12.25,10,0
VPS,1/31/2020 9:15:00 AM,11.5,11.5,11.5,11.5,40,0
VPS,2/3/2020 9:15:00 AM,10.65,12.1,10.65,12.1,40,0
VPS,2/4/2020 1:00:00 PM,11.3,11.3,11.3,11.3,100,0
VPS,2/5/2020 9:15:00 AM,12.05,12.05,10.55,10.55,2370,0
VPS,2/6/2020 2:00:00 PM,9.9,9.9,9.9,9.9,30,0
VPS,2/7/2020 10:55:00 AM,10.55,10.55,10.55,10.55,10,0
VPS,2/10/2020 10:05:00 AM,9.8,9.8,9.8,9.8,90,0
VPS,2/11/2020 1:10:00 PM,10.45,10.45,10.45,10.45,1000,0
VPS,2/12/2020 10:40:00 AM,10.45,10.45,10.45,10.45,920,0
VPS,2/13/2020 1:25:00 PM,10,10,10,10,20,0
VPS,2/17/2020 1:05:00 PM,10.1,10.1,10.1,10.1,1000,0
VPS,2/20/2020 2:00:00 PM,10.1,10.1,10.1,10.1,900,0
VPS,2/21/2020 10:10:00 AM,10,10,10,10,1000,0
VPS,2/26/2020 9:15:00 AM,9.3,10,9.3,10,2230,0
VPS,2/28/2020 9:15:00 AM,11,11,11,11,10,0
VPS,3/2/2020 9:15:00 AM,10.25,11.65,10.25,10.25,610,0
VPS,3/3/2020 9:15:00 AM,10.65,10.65,10.65,10.65,190,0
VPS,3/4/2020 2:45:00 PM,10,10,10,10,10,0
VPS,3/5/2020 10:15:00 AM,10,10,10,10,100,0
VPS,3/6/2020 10:30:00 AM,10.7,10.7,10.7,10.7,1150,0
VPS,3/9/2020 9:40:00 AM,10.9,11.4,10.7,10.9,1500,0
VPS,3/12/2020 9:40:00 AM,10.1,10.1,10.1,10.1,10,0
VPS,3/13/2020 9:15:00 AM,11.4,12,11.4,12,440,0
VPS,3/16/2020 9:15:00 AM,9.91,9.91,9.91,9.91,300,0
VPS,3/17/2020 9:15:00 AM,9.23,9.23,9.23,9.23,100,0
VPS,3/19/2020 2:45:00 PM,9.86,9.86,9.86,9.86,500,0
VPS,3/20/2020 9:15:00 AM,9.19,10.3,9.17,10.3,1310,0
VPS,3/23/2020 9:15:00 AM,10.3,10.3,10.3,10.3,20,0
VPS,3/24/2020 9:20:00 AM,11,11,11,11,10,0
VPS,3/25/2020 9:15:00 AM,10.25,10.25,9.58,9.99,560,0
VPS,3/26/2020 9:15:00 AM,8.4,8.4,8.4,8.4,60,0
VPS,3/27/2020 9:20:00 AM,7.82,8.98,7.82,8.98,120,0
VPS,3/30/2020 9:45:00 AM,8,8,8,8,20,0
VPS,3/31/2020 9:15:00 AM,9.18,9.18,9.18,9.18,190,0
VPS,4/1/2020 9:55:00 AM,9.82,9.82,9.82,9.82,10,0
VPS,4/3/2020 9:15:00 AM,9.13,10.45,9.13,10.45,3050,0
VPS,4/6/2020 9:15:00 AM,10.45,10.45,10.45,10.45,1980,0
VPS,4/7/2020 9:15:00 AM,11.7,11.9,11.4,11.9,2530,0
VPS,4/8/2020 9:15:00 AM,12,12.65,12,12.65,2100,0
VPS,4/9/2020 10:35:00 AM,12.2,12.2,12.2,12.2,910,0
VPS,4/10/2020 9:15:00 AM,13.7,13.7,13.7,13.7,3110,0
VPS,4/13/2020 9:45:00 AM,12.8,12.8,12.6,12.6,260,0
VPS,4/14/2020 9:15:00 AM,11.75,11.8,11.75,11.75,1740,0
VPS,4/15/2020 10:55:00 AM,11.8,11.9,11,11,8100,0
VPS,4/16/2020 10:05:00 AM,10.25,10.25,10.25,10.25,1290,0
VPS,4/17/2020 9:25:00 AM,10.25,10.95,10.25,10.95,800,0
VPS,4/20/2020 9:40:00 AM,11.65,11.65,11.65,11.65,180,0
VPS,4/21/2020 1:50:00 PM,10.95,10.95,10.95,10.95,100,0
VPS,4/22/2020 1:00:00 PM,10.2,10.2,10.2,10.2,10,0
VPS,4/23/2020 10:55:00 AM,11.7,11.7,11.7,11.7,1000,0
VPS,4/24/2020 9:35:00 AM,10.7,10.7,10.7,10.7,350,0
VPS,4/27/2020 9:15:00 AM,11.4,11.4,11.4,11.4,1100,0
VPS,4/29/2020 1:10:00 PM,11.3,11.3,11.3,11.3,50,0
VPS,5/4/2020 10:00:00 AM,11.6,11.6,11.6,11.6,2000,0
VPS,5/7/2020 9:30:00 AM,11.3,11.3,11.3,11.3,100,0
VPS,5/8/2020 1:35:00 PM,10.1,10.1,10.1,10.1,740,0
VPS,5/11/2020 9:15:00 AM,10.1,10.1,9.55,9.55,1400,0
VPS,5/12/2020 9:15:00 AM,10.8,10.8,10.8,10.8,20,0
VPS,5/13/2020 9:20:00 AM,9.7,9.7,9.7,9.7,50,0
VPS,5/14/2020 9:15:00 AM,10.8,10.8,10.8,10.8,180,0
VPS,5/15/2020 9:40:00 AM,11.4,11.4,11.4,11.4,500,0
VPS,5/18/2020 2:45:00 PM,11.3,11.3,11.3,11.3,10,0
VPS,5/19/2020 10:30:00 AM,11,11,11,11,150,0
VPS,5/20/2020 9:15:00 AM,11,11,10.25,10.25,2100,0
VPS,5/21/2020 9:40:00 AM,10.3,10.3,10.3,10.3,10,0
VPS,5/22/2020 10:20:00 AM,9.95,9.95,9.8,9.8,2700,0
VPS,5/25/2020 10:40:00 AM,9.7,9.7,9.7,9.7,10,0
VPS,5/26/2020 10:05:00 AM,9.51,9.7,9.51,9.7,840,0
VPS,5/27/2020 9:15:00 AM,10.8,10.8,10.5,10.5,1980,0
VPS,5/28/2020 9:40:00 AM,10.45,10.45,10.45,10.45,10,0
VPS,5/29/2020 9:15:00 AM,9.73,9.73,9.73,9.73,50,0
VPS,6/1/2020 9:15:00 AM,10.3,10.35,10.3,10.35,1850,0
VPS,6/2/2020 9:40:00 AM,10.2,10.2,10.2,10.2,30,0
VPS,6/3/2020 9:55:00 AM,9.6,9.6,9.6,9.6,2850,0
VPS,6/8/2020 9:15:00 AM,10.2,10.2,10.2,10.2,1770,0
VPS,6/9/2020 10:15:00 AM,10.2,10.2,10.2,10.2,100,0
VPS,6/10/2020 2:20:00 PM,10.1,10.1,10.1,10.1,10,0
VPS,6/11/2020 10:10:00 AM,9.51,9.55,9.51,9.55,1290,0
VPS,6/17/2020 9:55:00 AM,9.5,9.5,9.5,9.5,1000,0
VPS,6/18/2020 10:20:00 AM,9.5,9.5,9.5,9.5,210,0
VPS,6/19/2020 1:00:00 PM,9.9,9.9,9.9,9.9,650,0
VPS,6/22/2020 9:15:00 AM,9.9,9.9,9.36,9.36,150,0
VPS,6/25/2020 1:00:00 PM,9.49,9.5,9.49,9.5,260,0
VPS,6/29/2020 10:50:00 AM,9.99,9.99,9.99,9.99,3070,0
VPS,6/30/2020 9:15:00 AM,9.99,9.99,9.9,9.9,270,0
VPS,7/2/2020 9:30:00 AM,9.21,9.21,9.21,9.21,3270,0
VPS,7/3/2020 10:40:00 AM,9.21,9.21,9.21,9.21,10,0
VPS,7/6/2020 2:20:00 PM,9.1,9.1,9.1,9.1,40,0
VPS,7/7/2020 1:35:00 PM,8.48,8.48,8.48,8.48,2900,0
VPS,7/8/2020 9:40:00 AM,8.4,8.4,8.4,8.4,100,0
VPS,7/9/2020 9:15:00 AM,8.99,9,8.99,9,1000,0
VPS,7/13/2020 9:20:00 AM,9,9,9,9,100,0
VPS,7/16/2020 2:15:00 PM,8.85,8.85,8.53,8.53,300,0
VPS,7/17/2020 9:30:00 AM,8,8.54,8,8.54,30,0
VPS,7/20/2020 2:45:00 PM,8.03,8.03,8.03,8.03,10,0
VPS,7/21/2020 9:15:00 AM,8.03,8.03,8.03,8.03,40,0
VPS,7/22/2020 2:45:00 PM,8.03,8.03,8.03,8.03,10,0
VPS,7/23/2020 2:45:00 PM,8.58,8.58,8.58,8.58,210,0
VPS,7/24/2020 1:40:00 PM,8.04,8.04,8.04,8.04,760,0
VPS,7/27/2020 9:15:00 AM,8.04,8.04,8.04,8.04,200,0
VPS,7/28/2020 9:50:00 AM,9.2,9.2,9.2,9.2,10,0
VPS,7/29/2020 9:15:00 AM,9.8,9.8,9.8,9.8,270,0
VPS,7/30/2020 9:15:00 AM,10.35,10.5,10.35,10.5,1060,0
VPS,7/31/2020 9:15:00 AM,11,11.2,11,11.2,7390,0
VPS,8/3/2020 9:15:00 AM,11.95,11.95,11.95,11.95,1600,0
VPS,8/4/2020 9:15:00 AM,12.75,12.75,12.75,12.75,2020,0
VPS,8/5/2020 9:15:00 AM,13.6,13.6,13.6,13.6,13370,0
VPS,8/6/2020 9:15:00 AM,14.55,14.55,14.55,14.55,2500,0
VPS,8/7/2020 9:15:00 AM,15.55,15.55,15.55,15.55,2970,0
VPS,8/10/2020 9:15:00 AM,16.6,16.6,16,16.6,110820,0
VPS,8/11/2020 9:15:00 AM,17.65,17.65,17.5,17.65,111530,0
VPS,8/12/2020 9:15:00 AM,18.85,18.85,18.8,18.85,24860,0
VPS,8/13/2020 9:15:00 AM,20.15,20.15,20.15,20.15,5490,0
VPS,8/14/2020 9:15:00 AM,21.55,21.55,21.55,21.55,24120,0
VPS,8/17/2020 9:15:00 AM,23.05,23.05,20.05,20.05,170620,0
VPS,8/18/2020 9:15:00 AM,18.65,18.65,18.65,18.65,10990,0
VPS,8/19/2020 9:15:00 AM,17.35,17.35,17.35,17.35,9600,0
VPS,8/20/2020 9:15:00 AM,16.15,16.15,16.15,16.15,2030,0
VPS,8/21/2020 9:15:00 AM,15.05,15.05,15.05,15.05,300,0
VPS,8/24/2020 9:15:00 AM,14,16,14,14.6,149310,0
VPS,8/25/2020 9:15:00 AM,14.5,15.3,14.5,15,54530,0
VPS,8/26/2020 9:15:00 AM,16.3,16.3,16,16.3,81920,0
VPS,8/27/2020 9:15:00 AM,16.6,16.6,15.2,15.6,84600,0
VPS,8/28/2020 9:15:00 AM,15.6,15.6,14.6,15,49800,0
VPS,8/31/2020 9:15:00 AM,14.35,15.35,14.35,14.5,63670,0
VPS,9/1/2020 9:15:00 AM,13.7,14.4,13.6,14.3,24960,0
VPS,9/3/2020 9:15:00 AM,13.7,14.45,13.7,13.8,5990,0
VPS,9/4/2020 9:15:00 AM,13.65,14.2,13.4,14.2,11920,0
VPS,9/7/2020 9:15:00 AM,13.55,14,13.4,13.4,16240,0
VPS,9/8/2020 9:20:00 AM,13.4,13.4,12.6,13.3,20190,0
VPS,9/9/2020 9:35:00 AM,13.2,13.2,12.6,13,22250,0
VPS,9/10/2020 9:15:00 AM,11.95,13,11.95,13,24140,0
VPS,9/11/2020 9:35:00 AM,12.25,13.05,12.25,13.05,2320,0
VPS,9/14/2020 9:15:00 AM,13.7,13.7,13.45,13.45,3270,0
VPS,9/15/2020 9:15:00 AM,13.45,13.5,13.45,13.5,18170,0
VPS,9/16/2020 9:15:00 AM,13.45,13.7,13.45,13.7,12250,0
VPS,9/17/2020 10:05:00 AM,13.7,13.9,13.5,13.5,1960,0
VPS,9/18/2020 9:35:00 AM,13.9,14,13.25,13.25,3080,0
VPS,9/21/2020 9:15:00 AM,13.9,13.9,13.45,13.45,3810,0
VPS,9/22/2020 9:20:00 AM,13.5,13.9,13.5,13.9,27220,0
VPS,9/23/2020 9:20:00 AM,12.85,13.5,12.8,13.5,8620,0
VPS,9/24/2020 9:15:00 AM,14.1,14.1,13.2,13.7,1710,0
VPS,9/25/2020 10:30:00 AM,13.5,13.6,13.5,13.5,14240,0
VPS,9/28/2020 9:15:00 AM,13,13,13,13,20,0
VPS,9/29/2020 9:20:00 AM,13,13,13,13,810,0
VPS,9/30/2020 9:25:00 AM,13,13.45,13,13.45,4580,0
VPS,10/1/2020 10:05:00 AM,13.45,13.45,13.05,13.05,590,0
VPS,10/2/2020 9:15:00 AM,12.85,12.85,12.85,12.85,60,0
VPS,10/5/2020 9:50:00 AM,13.35,13.35,13.35,13.35,1160,0
VPS,10/6/2020 10:10:00 AM,13.45,13.45,13.45,13.45,6650,0
VPS,10/7/2020 9:15:00 AM,12.9,13.1,12.5,12.5,29800,0
VPS,10/8/2020 10:35:00 AM,12.6,13.35,12.5,13.35,9850,0
VPS,10/9/2020 2:35:00 PM,13,13,13,13,7970,0
VPS,10/12/2020 9:15:00 AM,13,13.3,12.8,12.8,3240,0
VPS,10/13/2020 2:30:00 PM,12.8,12.8,12.8,12.8,6600,0
VPS,10/14/2020 9:15:00 AM,12.7,12.7,12.7,12.7,500,0
VPS,10/15/2020 9:15:00 AM,12.7,12.7,12.7,12.7,3000,0
VPS,10/16/2020 2:30:00 PM,13,13,13,13,22870,0
VPS,10/19/2020 9:00:00 AM,12.6,12.6,12.6,12.6,0,0
VPS,10/21/2020 9:15:00 AM,12.75,12.75,12.5,12.5,140,0
VPS,10/22/2020 10:05:00 AM,12.25,12.25,12.25,12.25,3560,0
VPS,10/23/2020 9:15:00 AM,12.3,12.6,12.3,12.6,2010,0
VPS,10/26/2020 9:20:00 AM,12.6,12.7,12.35,12.7,7480,0
VPS,10/28/2020 9:15:00 AM,13,13,12.3,12.3,940,0
VPS,10/29/2020 9:40:00 AM,12.3,12.3,12.2,12.2,7780,0
VPS,10/30/2020 9:40:00 AM,12.5,12.5,12.2,12.5,5100,0
VPS,11/2/2020 2:45:00 PM,12.2,12.2,12.2,12.2,16520,0
VPS,11/3/2020 2:45:00 PM,12.3,12.3,12.3,12.3,6040,0
VPS,11/4/2020 2:45:00 PM,12.6,12.6,12.6,12.6,4890,0
VPS,11/5/2020 9:10:00 AM,12.35,12.35,12.35,12.35,0,0
VPS,11/6/2020 1:30:00 PM,12.25,12.25,12.25,12.25,160,0
VPS,11/9/2020 9:15:00 AM,12.2,12.2,12.2,12.2,14240,0
VPS,11/10/2020 10:10:00 AM,11.6,11.6,11.5,11.5,590,0
VPS,11/11/2020 10:05:00 AM,11.95,12.5,11.9,12.5,5830,0
VPS,11/12/2020 11:15:00 AM,12.5,12.5,12.5,12.5,1120,0
VPS,11/16/2020 10:00:00 AM,12.5,12.55,12.5,12.5,13890,0
VPS,11/17/2020 2:45:00 PM,12.6,12.6,12.6,12.6,2350,0
VPS,11/18/2020 10:00:00 AM,12.6,12.6,12.6,12.6,50,0
VPS,11/19/2020 10:30:00 AM,12,12.3,12,12,930,0
VPS,11/20/2020 9:35:00 AM,12,12.6,12,12.6,4770,0
VPS,11/23/2020 10:25:00 AM,12.85,12.9,12.8,12.9,2680,0
VPS,11/24/2020 9:25:00 AM,12.9,12.9,12.85,12.9,260,0
VPS,11/25/2020 10:55:00 AM,12,12,12,12,50,0
VPS,11/27/2020 9:15:00 AM,12,12.9,12,12.9,1050,0
VPS,11/30/2020 9:50:00 AM,12.05,12.05,12.05,12.05,90,0
VPS,12/1/2020 9:15:00 AM,12.9,13.35,12.9,13.35,12440,0
VPS,12/3/2020 9:15:00 AM,15.2,15.2,15.2,15.2,15420,0
VPS,12/4/2020 9:15:00 AM,16.25,16.25,16,16.25,73480,0
VPS,12/7/2020 9:15:12 AM,14.9,14.9,14.9,14.9,9330,0
VPS,12/8/2020 9:15:28 AM,13.9,13.9,13.9,13.9,21980,0
VPS,12/9/2020 9:15:26 AM,12.95,13.9,12.95,13.8,39790,0
VPS,12/10/2020 9:15:31 AM,13.8,13.8,12.85,12.9,10700,0
VPS,12/11/2020 9:17:33 AM,12.9,13,12.4,13,16970,0
VPS,12/14/2020 9:15:30 AM,12.4,13,12.4,12.8,18970,0
VPS,12/15/2020 9:15:40 AM,13.05,13.1,12.8,13.05,11010,0
VPS,12/16/2020 9:33:10 AM,13,13.5,12.65,13.3,8230,0
VPS,12/17/2020 9:15:37 AM,13.3,13.3,12.9,13.2,11270,0
VPS,12/18/2020 9:15:53 AM,13,13.95,13,13.4,9670,0
VPS,12/21/2020 9:16:01 AM,13.4,13.85,13,13.85,11270,0
VPS,12/22/2020 10:22:13 AM,13.8,13.9,13,13.8,30700,0
VPS,12/23/2020 9:18:37 AM,13.6,13.8,13.6,13.65,6900,0
VPS,12/24/2020 9:25:53 AM,13.65,13.65,12.9,13.6,20650,0
VPS,12/25/2020 10:17:17 AM,13.6,13.6,13.5,13.5,25020,0
VPS,12/28/2020 9:15:28 AM,13.5,13.5,13.1,13.1,15530,0
VPS,12/29/2020 9:15:32 AM,13.4,14,13.1,14,50050,0
VPS,12/30/2020 9:15:50 AM,14.9,14.9,14,14.1,15660,0
VPS,12/31/2020 9:15:18 AM,13.7,14.2,13.7,14,7920,0
VPS,1/4/2021 9:55:25 AM,13.8,14.2,13.8,14,9300,0
VPS,1/5/2021 9:15:20 AM,14,14,13.35,13.5,5200,0
VPS,1/6/2021 9:15:15 AM,13.45,14.4,13.45,14.1,31300,0
VPS,1/7/2021 9:15:12 AM,15.05,15.05,14.6,15.05,87400,0
VPS,1/8/2021 9:16:05 AM,16,16.1,15.95,16.1,94500,0
VPS,1/11/2021 9:15:23 AM,17.2,17.2,16.5,17.2,37900,0
VPS,1/12/2021 9:15:28 AM,17.2,17.2,16,16,14100,0
VPS,1/13/2021 9:15:22 AM,14.9,15,14.9,15,119900,0
VPS,1/14/2021 9:15:21 AM,14.9,15.45,14.9,15.45,18900,0
VPS,1/15/2021 9:15:30 AM,15.5,15.55,14.5,14.6,21700,0
VPS,1/18/2021 9:15:39 AM,14.6,15,14.5,14.5,42300,0
VPS,1/19/2021 9:15:31 AM,13.5,14.1,13.5,13.65,54900,0
VPS,1/20/2021 9:30:24 AM,13.65,13.65,12.7,13.1,15900,0
VPS,1/21/2021 9:15:35 AM,13.9,14,13.8,14,31600,0
VPS,1/22/2021 9:15:30 AM,14.95,14.95,14,14.25,19200,0
VPS,1/25/2021 9:15:31 AM,14.25,14.4,14.25,14.25,4700,0
VPS,1/26/2021 9:18:16 AM,14.2,14.25,13.3,13.3,13700,0
VPS,1/27/2021 9:15:16 AM,13.3,13.3,12.4,12.45,41000,0
VPS,1/28/2021 9:15:26 AM,13.3,13.3,11.75,13.3,83900,0
VPS,1/29/2021 9:15:33 AM,14.2,14.2,14.2,14.2,6900,0
VPS,2/1/2021 9:15:20 AM,15.15,15.15,15.15,15.15,81800,0
VPS,2/2/2021 9:15:14 AM,16.2,16.2,16.2,16.2,82100,0
VPS,2/3/2021 9:15:22 AM,17.3,17.3,17.3,17.3,45700,0
VPS,2/4/2021 9:15:20 AM,18.5,18.5,16.1,16.1,245400,0
VPS,2/5/2021 9:15:14 AM,15,15,15,15,21100,0
VPS,2/8/2021 9:15:27 AM,14,16.05,14,16.05,89700,0
VPS,2/9/2021 9:15:21 AM,16.9,16.9,15.5,15.5,83800,0
VPS,2/17/2021 9:15:35 AM,15.5,16,15,16,46900,0
VPS,2/18/2021 9:15:33 AM,15.1,15.5,14.9,14.9,77300,0
VPS,2/19/2021 9:15:33 AM,14.3,14.8,14.3,14.55,78500,0
VPS,2/22/2021 9:15:31 AM,14.55,14.9,14.55,14.8,14800,0
VPS,2/23/2021 9:23:30 AM,14.8,14.8,14.1,14.6,34600,0
VPS,2/24/2021 9:15:09 AM,14.6,14.6,14.1,14.4,27100,0
VPS,2/25/2021 9:15:11 AM,13.75,14.4,13.75,14,31600,0
VPS,2/26/2021 9:15:16 AM,13.55,14,13.55,13.9,13300,0
VPS,3/1/2021 9:15:22 AM,13.9,14.1,13.6,13.9,17900,0
VPS,3/2/2021 9:15:22 AM,13.95,14,13.8,14,30400,0
VPS,3/3/2021 9:15:13 AM,14.1,14.15,14,14.1,17600,0
VPS,3/4/2021 9:15:20 AM,15,15,14.45,14.45,37700,0
VPS,3/5/2021 9:15:22 AM,13.9,14.2,13.9,14,23500,0
VPS,3/8/2021 9:15:32 AM,14.2,14.2,13.6,14,19700,0
VPS,3/9/2021 9:15:29 AM,14,14,13.6,13.9,33700,0
VPS,3/10/2021 9:15:33 AM,13.9,14.3,13.9,14.2,28500,0
VPS,3/11/2021 9:15:33 AM,14.2,14.2,14.1,14.2,12800,0
VPS,3/12/2021 9:15:32 AM,14.2,14.2,13.9,14,18900,0
VPS,3/15/2021 9:15:34 AM,14,14.1,13.9,14.05,25300,0
VPS,3/16/2021 9:15:36 AM,14,14.2,13.7,14.2,20000,0
VPS,3/17/2021 9:34:14 AM,14.2,14.3,14,14,20500,0
VPS,3/18/2021 9:15:42 AM,14.2,14.3,14,14,29100,0
VPS,3/19/2021 9:15:40 AM,13.9,14,13.9,14,22600,0
VPS,3/22/2021 9:17:30 AM,14,14,13.9,13.9,15500,0
VPS,3/23/2021 9:15:45 AM,13.8,14.4,13.8,14,36000,0
VPS,3/24/2021 9:25:53 AM,14,14.4,14,14.2,13400,0
VPS,3/25/2021 9:15:45 AM,14.2,14.25,14,14.2,27300,0
VPS,3/26/2021 9:15:44 AM,15.15,15.15,15.1,15.15,193000,0
VPS,3/29/2021 9:15:44 AM,15.5,15.5,14.5,14.5,28200,0
VPS,3/30/2021 9:15:07 AM,14.6,14.65,14.2,14.5,31000,0
VPS,3/31/2021 9:15:17 AM,14.5,14.5,13.9,14.1,63100,0
VPS,4/1/2021 9:15:10 AM,13.9,15.05,13.9,15,22000,0
VPS,4/2/2021 9:15:19 AM,14.8,15,14.1,14.95,31900,0
VPS,4/5/2021 9:15:11 AM,14.4,14.9,14.1,14.2,73000,0
VPS,4/6/2021 9:27:19 AM,14.3,14.9,14.3,14.85,58900,0
VPS,4/7/2021 9:15:19 AM,14.8,14.8,14.6,14.6,23300,0
VPS,4/8/2021 9:15:29 AM,14.6,14.6,14.3,14.6,5300,0
VPS,4/9/2021 9:15:29 AM,14.6,14.6,14.2,14.5,13800,0
VPS,4/12/2021 9:15:19 AM,14.9,14.9,14.55,14.65,56600,0
VPS,4/13/2021 9:15:30 AM,14.65,14.65,14.35,14.5,15800,0
VPS,4/14/2021 9:15:15 AM,14.5,15.1,14.05,14.55,30100,0
VPS,4/15/2021 9:29:45 AM,14.45,14.6,14.35,14.4,15600,0
VPS,4/16/2021 9:37:26 AM,14.4,14.4,14.1,14.1,15700,0
VPS,4/19/2021 9:15:20 AM,14.1,14.25,14.1,14.25,9200,0
VPS,4/20/2021 9:15:26 AM,14.25,14.6,14.1,14.4,12200,0
VPS,4/22/2021 9:23:03 AM,14.3,14.5,14.1,14.15,27400,0
VPS,4/23/2021 9:15:15 AM,13.5,14.35,13.3,14.2,6500,0
VPS,4/26/2021 9:15:30 AM,14.8,15.15,14.4,15.15,158000,0
VPS,4/27/2021 9:15:24 AM,16.2,16.2,16.2,16.2,53400,0
VPS,4/28/2021 9:15:18 AM,17.3,17.3,15.7,15.9,136500,0
VPS,4/29/2021 9:15:16 AM,14.8,16.95,14.8,16.4,77500,0
VPS,5/4/2021 9:15:26 AM,17.5,17.5,17.5,17.5,94300,0
VPS,5/5/2021 9:15:19 AM,18.7,18.7,16.3,16.8,112600,0
VPS,5/6/2021 9:15:11 AM,16.4,17.5,16,17.2,42600,0
VPS,5/7/2021 9:15:21 AM,18,18,16.5,18,78500,0
VPS,5/10/2021 9:15:18 AM,18,19,17.9,19,156100,0
VPS,5/11/2021 9:15:21 AM,17.9,19,17.7,17.7,81000,0
VPS,5/12/2021 9:15:17 AM,16.8,17.5,16.5,16.6,100100,0
VPS,5/13/2021 9:15:17 AM,16.5,16.5,15.5,15.5,107900,0
VPS,5/14/2021 9:15:21 AM,15.5,16.2,14.8,16.1,69500,0
VPS,5/17/2021 9:15:19 AM,16.1,16.8,15.8,16.05,22300,0
VPS,5/18/2021 9:19:28 AM,15.7,16.8,15.5,16.35,62600,0
VPS,5/19/2021 9:15:18 AM,16,16,15.5,16,36400,0
VPS,5/20/2021 9:15:34 AM,16,16.1,15.15,16,39200,0
VPS,5/21/2021 9:15:28 AM,15.4,15.9,15.4,15.7,31300,0
VPS,5/24/2021 9:15:19 AM,16.2,16.2,15.7,15.75,29800,0
VPS,5/25/2021 9:25:49 AM,15.7,15.95,15.7,15.8,28400,0
VPS,5/26/2021 9:15:09 AM,16.4,16.4,15.8,15.85,49400,0
VPS,5/27/2021 9:15:21 AM,15.9,16.5,15.5,16.5,49600,0
VPS,5/28/2021 9:16:51 AM,16.85,16.85,16,16.25,30800,0
VPS,5/31/2021 9:15:53 AM,16.4,16.4,15.8,16.35,74900,0
VPS,6/1/2021 9:15:11 AM,16.4,16.45,15.8,16.4,21000,0
VPS,6/2/2021 9:15:41 AM,16.3,16.3,15.8,16,44400,0
VPS,6/3/2021 9:15:22 AM,16,16.15,15.7,16.05,82600,0
VPS,6/4/2021 9:15:24 AM,16.05,16.1,15.6,16,15700,0
VPS,6/7/2021 9:15:23 AM,16,16,15.7,16,64900,0
VPS,6/8/2021 9:15:28 AM,16,16,15.6,15.6,52100,0
VPS,6/9/2021 9:15:27 AM,15.6,16,15.5,16,59300,0
VPS,6/10/2021 9:15:22 AM,16,16,15.55,15.6,35000,0
VPS,6/11/2021 9:33:15 AM,16,16.1,15.65,16.05,19400,0
VPS,6/14/2021 9:15:39 AM,16,16.5,16,16.5,26700,0
VPS,6/15/2021 9:15:25 AM,16.5,16.5,16,16.2,10300,0
VPS,6/16/2021 9:15:38 AM,16,16.4,15.8,16.2,6600,0
VPS,6/17/2021 9:28:44 AM,16,16.5,16,16,15100,0
VPS,6/18/2021 9:26:24 AM,16,16.2,16,16.2,4100,0
VPS,6/21/2021 9:15:28 AM,15.1,16.2,15.1,15.6,9800,0
VPS,6/22/2021 9:15:08 AM,15.6,16.2,15.6,15.8,4300,0
VPS,6/23/2021 9:15:10 AM,16.1,16.1,15.2,15.6,9900,0
VPS,6/24/2021 9:18:05 AM,15.6,15.6,15.2,15.5,16100,0
VPS,6/25/2021 10:14:44 AM,15.5,15.5,15.2,15.4,28200,0
VPS,6/28/2021 10:17:45 AM,15.4,15.5,14.9,15.45,7400,0
VPS,6/29/2021 9:15:16 AM,15.45,15.5,15.35,15.45,28500,0
VPS,6/30/2021 9:49:50 AM,14.8,15.6,14.8,15.4,8200,0
VPS,7/1/2021 9:38:53 AM,15.4,15.4,15.05,15.3,3500,0
VPS,7/2/2021 9:15:23 AM,15.3,15.3,14.25,15.3,17000,0
VPS,7/5/2021 9:15:10 AM,15.3,16.35,15.15,15.3,7600,0
VPS,7/6/2021 9:15:09 AM,15.3,15.8,15,15.8,6500,0
VPS,7/7/2021 9:15:10 AM,15.5,15.6,15.2,15.2,20600,0
VPS,7/8/2021 9:43:59 AM,15.3,15.4,15,15.35,11700,0
VPS,7/9/2021 10:20:10 AM,15.3,15.35,14.3,15.35,16700,0
VPS,7/12/2021 10:43:11 AM,15.35,15.35,15.35,15.35,600,0
VPS,7/13/2021 9:15:07 AM,14.5,15.5,14.5,15.3,11300,0
VPS,7/14/2021 9:21:52 AM,15.3,15.3,14.4,15,12400,0
VPS,7/15/2021 2:45:20 PM,14.2,14.2,14.2,14.2,300,0
VPS,7/16/2021 9:15:06 AM,13.8,15,13.8,14.2,10500,0
VPS,7/19/2021 9:15:10 AM,14.2,15.15,14.2,15.15,20500,0
VPS,7/20/2021 9:15:06 AM,16.2,16.2,16.2,16.2,110600,0
VPS,7/21/2021 9:15:08 AM,16.95,17,16.2,16.2,51900,0
VPS,7/22/2021 9:16:04 AM,16.2,16.5,15.1,16.1,14600,0
VPS,7/23/2021 9:15:06 AM,15.6,15.6,15,15.4,25900,0
VPS,7/26/2021 9:15:10 AM,15,15.35,14.6,14.95,38500,0
VPS,7/27/2021 9:15:41 AM,15,15.65,15,15,10300,0
VPS,7/28/2021 10:22:45 AM,14.7,15,14.6,15,9900,0
VPS,7/29/2021 9:34:59 AM,14.35,15,14.35,14.4,16900,0
VPS,7/30/2021 9:26:48 AM,14.4,15.2,14.3,15,15700,0
VPS,8/2/2021 9:15:05 AM,14.8,15.4,14.8,14.9,7200,0
VPS,8/3/2021 9:15:07 AM,14.8,14.8,14.6,14.6,12200,0
VPS,8/4/2021 9:15:08 AM,14.6,15,14.5,14.5,10500,0
VPS,8/5/2021 9:21:50 AM,15,15,14.85,14.9,29300,0
VPS,8/6/2021 9:15:06 AM,14.6,15.1,14.6,14.7,13600,0
VPS,8/9/2021 9:21:30 AM,14.7,15,14.6,15,11700,0
VPS,8/10/2021 9:22:19 AM,15.05,15.5,15.05,15.45,20100,0
VPS,8/11/2021 9:15:08 AM,15.7,15.7,15,15.35,12900,0
VPS,8/12/2021 10:05:57 AM,15.35,15.5,15.1,15.45,11500,0
VPS,8/13/2021 9:15:05 AM,15.5,15.5,14.9,15.3,7800,0
VPS,8/16/2021 9:15:10 AM,15.2,15.4,15.2,15.4,23900,0
VPS,8/17/2021 9:26:54 AM,15.4,15.45,14.8,15.4,8400,0
VPS,8/18/2021 9:43:18 AM,15.4,15.4,15.2,15.35,4400,0
VPS,8/19/2021 9:15:08 AM,15.3,15.4,14.8,15.35,34900,0
VPS,8/20/2021 10:32:26 AM,15.3,15.3,14.95,15.1,7000,0
VPS,8/23/2021 9:21:06 AM,15.1,15.1,14.7,14.8,6600,0
VPS,8/24/2021 9:15:06 AM,14.8,15,14.6,15,18100,0
VPS,8/25/2021 9:15:07 AM,15.05,15.05,15,15,3000,0
VPS,8/26/2021 10:19:15 AM,15,15.3,14.75,15,11800,0
VPS,8/27/2021 9:18:34 AM,15,16.05,15,16.05,62000,0
VPS,8/30/2021 9:15:08 AM,16.5,17.1,16.5,16.95,68500,0
VPS,8/31/2021 9:15:09 AM,17,17.5,15.8,16.8,37100,0
VPS,9/1/2021 9:15:08 AM,15.75,16,15.75,15.85,36400,0
VPS,9/6/2021 9:15:10 AM,16,16.35,15.7,16.05,33300,0
VPS,9/7/2021 9:15:09 AM,15.5,16,15.1,15.75,13500,0
VPS,9/8/2021 9:15:09 AM,15.85,16,15.2,15.75,15700,0
VPS,9/9/2021 9:15:08 AM,15.9,15.9,15.5,15.55,4700,0
VPS,9/10/2021 9:19:00 AM,15.55,15.55,15.4,15.4,23400,0
VPS,9/13/2021 9:15:08 AM,16.4,16.4,15.6,15.75,17300,0
VPS,9/14/2021 9:26:39 AM,15.6,15.9,15,15.3,21700,0
VPS,9/15/2021 9:53:39 AM,15.3,15.95,15.1,15.85,12500,0
VPS,9/16/2021 9:56:36 AM,15.35,15.5,15.35,15.35,6500,0
VPS,9/17/2021 9:22:38 AM,15.35,15.5,15.35,15.4,17200,0
VPS,9/20/2021 9:30:09 AM,15.4,15.6,15.3,15.55,18600,0
VPS,9/21/2021 10:19:47 AM,15.3,15.3,15,15.3,8200,0
VPS,9/22/2021 9:19:20 AM,15.5,16.3,15.5,15.65,26000,0
VPS,9/23/2021 9:16:15 AM,15.9,15.9,15.45,15.6,16300,0
VPS,9/24/2021 9:15:48 AM,15.5,15.7,15.25,15.25,12200,0
VPS,9/27/2021 9:29:18 AM,15.15,15.75,15,15.5,14300,0
VPS,9/28/2021 10:13:37 AM,15.4,15.5,15.3,15.5,1600,0
VPS,9/29/2021 9:15:09 AM,15.3,15.5,15.3,15.35,3600,0
VPS,9/30/2021 9:34:39 AM,15.35,15.4,15.25,15.35,1600,0
VPS,10/1/2021 9:21:34 AM,15.35,15.35,15.1,15.15,3000,0
VPS,10/4/2021 9:23:37 AM,15,15.4,14.8,15.2,11600,0
VPS,10/5/2021 9:22:30 AM,15.1,15.1,15,15.05,2700,0
VPS,10/6/2021 11:04:10 AM,15.05,15.5,15.05,15.5,10100,0
VPS,10/7/2021 9:15:09 AM,15.05,15.5,15.05,15.5,3500,0
VPS,10/8/2021 9:15:06 AM,15.4,15.55,15.4,15.4,12300,0
VPS,10/11/2021 1:07:40 PM,15.3,15.3,15.15,15.15,4500,0
VPS,10/12/2021 9:15:09 AM,15.5,15.5,15.45,15.5,21700,0
VPS,10/13/2021 9:15:04 AM,15.5,15.5,15.5,15.5,11600,0
VPS,10/14/2021 9:35:46 AM,15.5,15.5,15.5,15.5,1100,0
VPS,10/15/2021 10:03:56 AM,15.1,15.5,15.1,15.4,1900,0
VPS,10/18/2021 9:20:15 AM,15.4,15.4,14.8,14.8,4000,0
VPS,10/19/2021 9:15:10 AM,15.8,15.8,15.7,15.8,22500,0
VPS,10/20/2021 9:15:10 AM,16.9,16.9,16,16,26800,0
VPS,10/21/2021 11:04:31 AM,15.3,15.4,15.25,15.3,7200,0
VPS,10/22/2021 9:30:46 AM,15.3,15.45,15.3,15.4,8300,0
VPS,10/25/2021 9:15:11 AM,15.6,15.95,15.4,15.8,7000,0
VPS,10/26/2021 9:52:10 AM,15.8,15.8,15.6,15.6,2200,0
VPS,10/27/2021 9:25:56 AM,15.6,15.85,15.6,15.8,14400,0
VPS,10/28/2021 9:15:12 AM,15.8,15.95,15.7,15.7,8300,0
VPS,10/29/2021 9:29:14 AM,16,16,15.35,15.35,4100,0
VPS,11/1/2021 9:15:15 AM,15.7,15.7,15.3,15.5,4100,0
VPS,11/2/2021 9:47:06 AM,15.5,15.9,15.1,15.9,16600,0
VPS,11/3/2021 9:26:02 AM,15.9,15.9,15.35,15.35,15200,0
VPS,11/4/2021 9:35:05 AM,15.9,15.9,15.35,15.75,2200,0
VPS,11/5/2021 9:24:16 AM,15.75,15.75,15.45,15.75,4700,0
VPS,11/8/2021 9:16:21 AM,15.75,16,15.5,15.8,8400,0
VPS,11/9/2021 9:15:13 AM,15.8,15.8,15.6,15.8,8600,0
VPS,11/10/2021 9:15:10 AM,15.85,15.9,15.3,15.85,10200,0
VPS,11/11/2021 9:19:14 AM,15.9,15.9,15.65,15.8,8500,0
VPS,11/12/2021 9:52:44 AM,15.6,15.9,15.4,15.9,10600,0
VPS,11/15/2021 9:26:11 AM,15.85,17,15.8,17,84800,0
VPS,11/16/2021 9:15:17 AM,18,18,16.7,17,26500,0
VPS,11/17/2021 9:15:09 AM,17,17,16.35,16.5,12800,0
VPS,11/18/2021 9:15:09 AM,16.9,17,16.1,16.1,34200,0
VPS,11/19/2021 9:26:43 AM,16,16.5,15.5,15.85,20800,0
VPS,11/22/2021 9:48:13 AM,15.85,15.9,15.85,15.9,2300,0
VPS,11/23/2021 9:15:08 AM,16,16,15.8,15.8,4500,0
VPS,11/24/2021 9:15:10 AM,15.5,16.1,15.5,15.95,8300,0
VPS,11/25/2021 9:57:14 AM,15.95,16.6,15.7,15.9,15800,0
VPS,11/26/2021 9:15:11 AM,15.9,16.45,15.7,15.75,12200,0
VPS,11/29/2021 9:15:13 AM,16.1,16.3,15.75,15.75,28600,0
VPS,11/30/2021 9:28:34 AM,15.75,16.3,15.75,16.25,17600,0
VPS,12/1/2021 9:15:08 AM,16.4,16.4,16.1,16.3,14200,0
VPS,12/2/2021 9:15:07 AM,16.5,17,16.3,17,26500,0
VPS,12/3/2021 9:15:07 AM,17,17,16.15,16.5,10600,0
VPS,12/6/2021 9:15:10 AM,16.5,16.5,15.75,15.75,3600,0
VPS,12/7/2021 9:15:07 AM,15,16,15,16,5600,0
VPS,12/8/2021 9:15:09 AM,16.45,16.8,15.95,15.95,4300,0
VPS,12/9/2021 9:15:09 AM,16.4,16.4,15.5,16.25,5100,0
VPS,12/10/2021 9:33:54 AM,15.45,15.65,15.4,15.55,17000,0
VPS,12/13/2021 9:34:37 AM,15.6,15.7,15.6,15.6,8500,0
VPS,12/14/2021 9:17:26 AM,15.3,15.5,15.3,15.5,10100,0
VPS,12/15/2021 9:18:39 AM,15.5,15.6,15.4,15.6,6300,0
VPS,12/16/2021 11:24:51 AM,15.65,15.8,15.65,15.7,5300,0
VPS,12/17/2021 9:17:24 AM,15.4,15.9,15.35,15.35,8200,0
VPS,12/20/2021 9:15:08 AM,15.35,15.6,15.25,15.6,8900,0
VPS,12/21/2021 9:40:38 AM,15.45,15.6,15.3,15.5,4400,0
VPS,12/22/2021 9:15:08 AM,15.6,15.6,15.3,15.5,8100,0
VPS,12/23/2021 9:15:11 AM,15.3,15.5,15.3,15.3,7600,0
VPS,12/24/2021 9:15:08 AM,15.3,15.4,15.3,15.4,9100,0
VPS,12/27/2021 9:30:26 AM,15.65,15.65,15.4,15.5,5900,0
VPS,12/28/2021 9:50:37 AM,15.5,15.75,15.3,15.3,10500,0
VPS,12/29/2021 9:37:55 AM,15.75,15.75,15.5,15.5,1500,0
VPS,12/30/2021 9:24:44 AM,15.8,15.8,15.35,15.65,5200,0
VPS,12/31/2021 9:15:09 AM,15.65,15.65,15.5,15.5,5400,0
VPS,1/4/2022 9:16:39 AM,15.5,15.5,15.4,15.45,6000,0
VPS,1/5/2022 9:15:13 AM,15.9,16,15.45,15.5,9000,0
VPS,1/6/2022 9:15:11 AM,15.5,15.6,15.45,15.5,7200,0
VPS,1/7/2022 9:15:11 AM,15.4,15.5,15.4,15.5,3600,0
VPS,1/10/2022 9:15:12 AM,15.5,15.9,15.3,15.3,6400,0
VPS,1/11/2022 10:04:36 AM,15.7,15.7,15.25,15.5,2600,0
VPS,1/12/2022 9:24:49 AM,15.65,15.65,15.15,15.15,9500,0
VPS,1/13/2022 9:15:12 AM,15.1,15.1,15,15,7600,0
VPS,1/14/2022 9:25:34 AM,15.6,15.6,15,15.5,4100,0
VPS,1/17/2022 9:33:39 AM,14.5,14.75,14.5,14.75,1400,0
VPS,1/18/2022 9:24:16 AM,14.75,15.75,14.75,15,4400,0
VPS,1/19/2022 10:01:45 AM,15,15.4,14.8,15.4,3100,0
VPS,1/20/2022 1:15:32 PM,15,15.45,14.8,15.45,2200,0
VPS,1/21/2022 10:57:42 AM,15.25,15.4,14.9,15.35,3700,0
VPS,1/24/2022 9:50:52 AM,15.3,15.35,15.3,15.35,400,0
VPS,1/25/2022 9:40:53 AM,14.8,15.3,14.3,14.45,1800,0
VPS,1/26/2022 9:28:01 AM,14.45,15.25,14.45,15.2,2000,0
VPS,1/27/2022 9:55:32 AM,14.5,15.4,14.5,14.6,1500,0
VPS,1/28/2022 9:17:43 AM,14.6,15,14.5,15,1700,0
VPS,2/7/2022 9:15:12 AM,15,15,14.8,15,1300,0
VPS,2/8/2022 10:30:37 AM,14.2,14.85,14.2,14.8,1100,0
VPS,2/9/2022 9:23:50 AM,15.1,15.1,14.6,14.65,1200,0
VPS,2/10/2022 9:41:38 AM,15,15.3,14.9,15.3,5500,0
VPS,2/11/2022 9:15:14 AM,15.3,15.3,15.3,15.3,400,0
VPS,2/14/2022 9:15:13 AM,15.25,15.25,14.6,15.2,1800,0
VPS,2/15/2022 11:07:27 AM,15.2,15.2,15.2,15.2,2000,0
VPS,2/16/2022 9:15:12 AM,15.35,15.35,14.6,15,2700,0
VPS,2/17/2022 9:52:51 AM,14.6,15,14.2,15,3700,0
VPS,2/18/2022 10:02:32 AM,14.6,15,14.6,15,400,0
VPS,2/21/2022 9:51:29 AM,14.65,15,14.65,14.9,1000,0
VPS,2/22/2022 10:09:34 AM,14.65,14.95,14.6,14.8,4500,0
VPS,2/23/2022 9:18:56 AM,14.8,14.9,14.8,14.85,4400,0
VPS,2/24/2022 9:17:25 AM,14,15.1,14,14.8,2900,0
VPS,2/25/2022 9:15:15 AM,14.95,15,14.6,14.65,6600,0
VPS,2/28/2022 9:24:30 AM,14.45,14.7,14.45,14.7,3200,0
VPS,3/1/2022 9:15:15 AM,15.6,15.6,14.65,14.75,22600,0
VPS,3/2/2022 9:15:16 AM,14.75,15,14.75,14.8,7600,0
VPS,3/3/2022 9:58:20 AM,14.8,15.05,14.65,15,7800,0
VPS,3/4/2022 9:16:43 AM,15,15,14.7,15,2900,0
VPS,3/7/2022 9:15:22 AM,14.7,15,14.7,15,7000,0
VPS,3/8/2022 9:22:26 AM,15,15,14.8,14.85,9200,0
VPS,3/9/2022 9:23:35 AM,14.7,14.95,14.7,14.95,6100,0
VPS,3/10/2022 9:15:34 AM,15.2,15.3,14.85,14.95,19800,0
VPS,3/11/2022 9:17:45 AM,14.95,15,14.5,14.8,24300,0
VPS,3/14/2022 9:15:16 AM,14.75,14.85,14.6,14.85,7900,0
VPS,3/15/2022 9:26:50 AM,14.5,14.95,14.5,14.85,2100,0
VPS,3/16/2022 9:15:14 AM,14.95,14.95,14,14.6,21700,0
VPS,3/17/2022 10:02:12 AM,14.6,14.9,14.55,14.7,3100,0
VPS,3/18/2022 9:18:55 AM,14.7,14.9,14.6,14.7,72800,0
VPS,3/21/2022 9:31:07 AM,14.7,14.9,14.65,14.9,5300,0
VPS,3/22/2022 10:03:37 AM,14.7,15,14.7,15,35500,0
VPS,3/23/2022 9:28:28 AM,14.75,15,14.5,14.6,15100,0
VPS,3/24/2022 9:15:14 AM,14.6,14.9,14.6,14.9,16200,0
VPS,3/25/2022 9:15:17 AM,14.75,14.9,14.7,14.8,10000,0
VPS,3/28/2022 9:15:15 AM,14.8,14.85,14.65,14.85,9100,0
VPS,3/29/2022 9:37:57 AM,14.9,14.95,14.6,14.85,8600,0
VPS,3/30/2022 10:13:34 AM,14.85,14.85,14.6,14.7,12000,0
VPS,3/31/2022 9:50:36 AM,14.7,14.8,14.6,14.8,7900,0
VPS,4/1/2022 9:29:44 AM,14.65,14.8,14.5,14.55,15500,0
VPS,4/4/2022 9:23:13 AM,14.5,15,14.5,14.75,45800,0
VPS,4/5/2022 10:59:58 AM,14.85,14.9,14.7,14.9,9900,0
VPS,4/6/2022 9:33:11 AM,14.65,14.9,14.65,14.85,1400,0
VPS,4/7/2022 9:15:12 AM,14.65,14.65,14.5,14.55,12700,0
VPS,4/8/2022 9:41:34 AM,14.75,14.9,14.7,14.7,4700,0
VPS,4/12/2022 9:15:14 AM,14.7,14.9,14.45,14.5,3100,0
VPS,4/13/2022 9:30:51 AM,14.75,14.75,14.5,14.5,2700,0
VPS,4/14/2022 9:15:13 AM,14.45,14.75,14.3,14.55,7500,0
VPS,4/15/2022 9:22:52 AM,14.55,14.55,14.35,14.35,300,0
VPS,4/18/2022 9:15:15 AM,14.65,14.65,13.95,13.95,8700,0
VPS,4/19/2022 9:31:03 AM,13.95,14.4,13.5,13.7,1500,0
VPS,4/20/2022 9:37:03 AM,13.7,13.7,13.7,13.7,800,0
VPS,4/21/2022 9:41:32 AM,13.7,13.7,13.5,13.55,1300,0
VPS,4/22/2022 11:15:48 AM,13.3,13.55,13.25,13.55,1300,0
VPS,4/25/2022 10:13:34 AM,13.05,13.05,12.75,13,4500,0
VPS,4/26/2022 9:28:41 AM,13,13.1,12.95,13.1,5100,0
VPS,4/27/2022 9:48:59 AM,13.9,13.9,12.35,13.75,1600,0
VPS,4/28/2022 9:20:49 AM,14.1,14.1,13.35,13.9,1900,0
VPS,4/29/2022 9:55:32 AM,13.1,13.9,13.1,13.9,600,0
VPS,5/4/2022 9:35:35 AM,13,13.9,13,13.7,500,0
VPS,5/6/2022 9:32:14 AM,12.85,13.65,12.85,13.6,600,0
VPS,5/9/2022 9:36:31 AM,12.7,13.6,12.7,13.45,700,0
VPS,5/10/2022 9:29:21 AM,12.6,13.45,12.55,13.35,900,0
VPS,5/11/2022 9:15:18 AM,13.35,13.35,12.6,13.3,500,0
VPS,5/12/2022 9:18:29 AM,13.45,13.45,12.6,13.25,3800,0
VPS,5/13/2022 9:30:43 AM,13.25,13.5,12.45,13,1900,0
VPS,5/16/2022 9:34:57 AM,13,13.8,12.2,13,4700,0
VPS,5/17/2022 9:48:05 AM,13.3,13.3,12.35,13.3,1900,0
VPS,5/18/2022 9:21:05 AM,12.6,13.7,12.6,13.35,600,0
VPS,5/19/2022 9:15:18 AM,13.3,13.3,12.65,13.2,700,0
VPS,5/20/2022 9:15:18 AM,13.15,13.2,12.6,13,1400,0
VPS,5/23/2022 9:47:59 AM,12.4,13,12.4,13,400,0
VPS,5/24/2022 9:21:23 AM,12.25,13.5,12.25,13.25,1100,0
VPS,5/25/2022 9:26:40 AM,12.35,13.2,12.35,13.05,5700,0
VPS,5/26/2022 9:31:53 AM,12.5,13.95,12.45,13.2,6200,0
VPS,5/27/2022 9:28:17 AM,13.9,13.9,12.45,13.45,2500,0
VPS,5/30/2022 9:29:15 AM,14,14.3,12.7,13.7,2200,0
VPS,5/31/2022 9:57:44 AM,12.85,13.7,12.85,13.5,2000,0
VPS,6/1/2022 9:17:34 AM,13,13.9,13,13.6,4800,0
VPS,6/2/2022 9:15:20 AM,12.75,13.85,12.75,12.85,3700,0
VPS,6/3/2022 9:44:50 AM,12.85,13.25,12.85,13.25,1000,0
VPS,6/6/2022 11:04:18 AM,13.25,13.25,12.9,13.25,1200,0
VPS,6/7/2022 9:16:34 AM,12.85,13.25,12.85,13.25,5500,0
VPS,6/8/2022 10:14:15 AM,13.6,13.65,12.6,13.5,1200,0
VPS,6/9/2022 9:29:15 AM,12.85,13.4,12.85,13.4,4500,0
VPS,6/10/2022 1:39:56 PM,12.9,13.55,12.9,13.55,2200,0
VPS,6/13/2022 9:25:48 AM,12.95,14.3,12.85,13.4,3200,0
VPS,6/14/2022 9:26:17 AM,12.65,13.45,12.6,13.4,7100,0
VPS,6/15/2022 11:08:29 AM,13.25,13.25,12.5,12.55,7300,0
VPS,6/16/2022 9:24:04 AM,13.3,13.3,11.9,12.85,1300,0
VPS,6/17/2022 9:38:47 AM,12.1,13.15,12.1,12.8,700,0
VPS,6/20/2022 9:29:39 AM,12,13.3,12,12.9,3200,0
VPS,6/21/2022 9:39:16 AM,12.1,12.85,12,12.7,2700,0
VPS,6/22/2022 1:30:33 PM,12.6,12.7,12.6,12.7,1000,0
VPS,6/23/2022 9:18:30 AM,12.05,12.65,11.85,12.6,6600,0
VPS,6/24/2022 1:04:48 PM,12.5,12.6,12.5,12.6,5200,0
VPS,6/28/2022 9:21:03 AM,12.44,12.44,11.76,12.1,3600,0
VPS,6/29/2022 9:18:03 AM,12,12.35,11.3,12.35,2300,0
VPS,6/30/2022 9:15:05 AM,12,12.25,11.95,12.2,700,0
VPS,7/1/2022 9:17:04 AM,11.7,12.45,11.55,12.2,1200,0
VPS,7/4/2022 9:45:25 AM,11.55,12.2,11.55,12.15,2400,0
VPS,7/5/2022 10:07:48 AM,11.65,12.15,11.55,12,1500,0
VPS,7/7/2022 9:26:34 AM,12.1,12.1,11.5,11.5,1400,0
VPS,7/8/2022 2:03:35 PM,11.5,11.7,11.5,11.7,200,0
VPS,7/11/2022 1:52:59 PM,11.15,11.75,11.15,11.75,300,0
VPS,7/13/2022 10:41:24 AM,11.35,11.7,11.35,11.45,500,0
VPS,7/14/2022 11:20:30 AM,11.4,11.65,11.4,11.65,200,0
VPS,7/15/2022 1:33:13 PM,11.55,11.6,11.55,11.6,400,0
VPS,7/18/2022 11:02:25 AM,11.6,11.7,11.6,11.7,1200,0
VPS,7/20/2022 10:06:28 AM,11.65,11.9,11.65,11.9,5700,0
VPS,7/21/2022 9:39:23 AM,11.85,12,11.85,12,9800,0
VPS,7/25/2022 10:15:31 AM,12,12,12,12,5400,0
VPS,7/26/2022 1:38:54 PM,11.5,12.3,11.5,12.3,1200,0
VPS,7/27/2022 10:10:41 AM,11.55,12,11.5,12,1200,0
VPS,7/28/2022 9:17:58 AM,11.55,11.95,11.2,11.6,3400,0
VPS,7/29/2022 9:15:08 AM,11.5,11.9,11.5,11.9,600,0
VPS,8/1/2022 1:31:44 PM,11.8,12,11.8,11.9,2900,0
VPS,8/2/2022 9:39:01 AM,11.95,12,11.9,12,2800,0
VPS,8/3/2022 9:15:09 AM,12,12.1,12,12.05,2500,0
VPS,8/5/2022 9:23:51 AM,11.5,11.95,11.45,11.9,4600,0
VPS,8/8/2022 9:52:19 AM,11.65,11.9,11.6,11.85,12600,0
VPS,8/9/2022 10:26:35 AM,11.6,11.75,11.5,11.75,9700,0
VPS,8/10/2022 9:29:01 AM,11.75,11.75,11.4,11.4,3600,0
VPS,8/11/2022 9:40:25 AM,11.6,11.6,11.4,11.5,6800,0
VPS,8/12/2022 10:03:36 AM,11.4,11.45,11.4,11.45,400,0
VPS,8/15/2022 10:25:08 AM,11.65,11.7,11.65,11.65,1900,0
VPS,8/16/2022 10:06:49 AM,11.6,11.6,11.6,11.6,1700,0
VPS,8/17/2022 9:17:40 AM,11.6,11.6,11.6,11.6,600,0
VPS,8/18/2022 9:29:11 AM,11.6,11.6,11.4,11.6,1300,0
VPS,8/19/2022 9:15:13 AM,11.6,11.6,11.6,11.6,600,0
VPS,8/22/2022 11:16:44 AM,11.35,11.55,11.3,11.55,2800,0
VPS,8/23/2022 9:15:14 AM,11.25,11.55,11.2,11.55,5400,0
VPS,8/24/2022 10:15:09 AM,11.55,11.55,11.5,11.5,3100,0
VPS,8/25/2022 9:35:25 AM,11.55,11.6,11.4,11.4,6700,0
VPS,8/26/2022 11:10:40 AM,11.45,11.5,11.4,11.5,400,0
VPS,8/29/2022 9:41:02 AM,11.5,11.5,11.2,11.4,2100,0
VPS,8/30/2022 9:56:07 AM,11.5,11.5,11.5,11.5,200,0
VPS,8/31/2022 10:44:30 AM,11.3,11.45,11.3,11.45,300,0
VPS,9/5/2022 9:15:13 AM,11.35,11.5,11.35,11.5,300,0
VPS,9/7/2022 9:15:13 AM,11.5,11.5,11.25,11.45,500,0
VPS,9/8/2022 2:13:17 PM,11.4,11.5,11.4,11.5,10000,0
VPS,9/9/2022 9:26:21 AM,11.2,11.45,11.2,11.45,400,0
